-- phpMyAdmin SQL Dump
-- version 5.2.1
-- https://www.phpmyadmin.net/
--
-- Máy chủ: 127.0.0.1
-- Thời gian đã tạo: Th12 07, 2024 lúc 06:38 PM
-- Phiên bản máy phục vụ: 10.4.32-MariaDB
-- Phiên bản PHP: 8.0.30

SET SQL_MODE = "NO_AUTO_VALUE_ON_ZERO";
START TRANSACTION;
SET time_zone = "+00:00";


/*!40101 SET @OLD_CHARACTER_SET_CLIENT=@@CHARACTER_SET_CLIENT */;
/*!40101 SET @OLD_CHARACTER_SET_RESULTS=@@CHARACTER_SET_RESULTS */;
/*!40101 SET @OLD_COLLATION_CONNECTION=@@COLLATION_CONNECTION */;
/*!40101 SET NAMES utf8mb4 */;

--
-- Cơ sở dữ liệu: `twitter`
--

-- --------------------------------------------------------

--
-- Cấu trúc bảng cho bảng `followers`
--

CREATE TABLE `followers` (
  `user_id` varchar(255) NOT NULL,
  `follower_user_id` varchar(255) NOT NULL
) ENGINE=InnoDB DEFAULT CHARSET=utf8mb4 COLLATE=utf8mb4_general_ci;

--
-- Đang đổ dữ liệu cho bảng `followers`
--

INSERT INTO `followers` (`user_id`, `follower_user_id`) VALUES
('@Ajay8307', '@12_Gauge_Ind'),
('@Ajay8307', '@30A4life'),
('@Ajay8307', '@7dS0Q9wQOf0Wyc9'),
('@Ajay8307', '@8tQ9kGIbHLZCr'),
('@Ajay8307', '@AndrewMcCurdy2'),
('@Ajay8307', '@BalitokCapital'),
('@Ajay8307', '@BlasterMaster88'),
('@Ajay8307', '@bmcmanes'),
('@Ajay8307', '@BradKnowsHVAC'),
('@Ajay8307', '@BruceTWhite1'),
('@Ajay8307', '@CalvinWeight'),
('@Ajay8307', '@Daks_Gunaratne'),
('@Ajay8307', '@DrummerDude1969'),
('@Ajay8307', '@DTXnW4gN1SHwMD'),
('@Ajay8307', '@EsserMaria62894'),
('@Ajay8307', '@flunn'),
('@Ajay8307', '@flyboy1075'),
('@Ajay8307', '@GreennJason'),
('@Ajay8307', '@HumblForTheWin'),
('@Ajay8307', '@humblrfelix'),
('@Ajay8307', '@JACOBJMV'),
('@Ajay8307', '@KovacsTrevor'),
('@Ajay8307', '@leish4man'),
('@Ajay8307', '@Luc4s_ETHer'),
('@Ajay8307', '@Marcus_Djuu'),
('@Ajay8307', '@miaflasun'),
('@Ajay8307', '@MikaelXeeland'),
('@Ajay8307', '@moneyfinancial'),
('@Ajay8307', '@PendingETH'),
('@Ajay8307', '@PsychNurseLee'),
('@Ajay8307', '@Raj_Monnappa'),
('@Ajay8307', '@ReelOn_Chain'),
('@Ajay8307', '@RodSlik'),
('@Ajay8307', '@Ronald_vanLoon'),
('@Ajay8307', '@SausoysG31'),
('@Ajay8307', '@ShirsmitUll9'),
('@Ajay8307', '@ShivaniYad8614'),
('@Ajay8307', '@shopmarkey'),
('@Ajay8307', '@ShoreseighDk4V'),
('@Ajay8307', '@ShoughezWoho'),
('@Ajay8307', '@SmairnoughiDp4'),
('@Ajay8307', '@SmasiroughmIF'),
('@Ajay8307', '@SnodeyshaKwNj'),
('@Ajay8307', '@SummerJune618'),
('@Ajay8307', '@swipeverse'),
('@Ajay8307', '@T3d4D13NsNDJML'),
('@Ajay8307', '@talent_hype'),
('@Ajay8307', '@ThatLawyerGuy31'),
('@Ajay8307', '@TheDeanTorres'),
('@Ajay8307', '@TickerStocker'),
('@Ajay8307', '@Trezor'),
('@Ajay8307', '@TweetingTatum'),
('@Ajay8307', '@two2tango_2'),
('@Ajay8307', '@wellsmarylou1'),
('@blockchain', '@abeysama'),
('@blockchain', '@AikirizaM'),
('@blockchain', '@anthros77'),
('@blockchain', '@attai_sule93'),
('@blockchain', '@BinanceUS'),
('@blockchain', '@Blockspot_io'),
('@blockchain', '@BoyKing52969'),
('@blockchain', '@BTCTN'),
('@blockchain', '@CJ_Reim'),
('@blockchain', '@CoinDesk'),
('@blockchain', '@Cointelegraph'),
('@blockchain', '@CryptoDaFuq'),
('@blockchain', '@CryptooIndia'),
('@blockchain', '@CryptoSlav__'),
('@blockchain', '@DanielWhitters'),
('@blockchain', '@earnwithrk'),
('@blockchain', '@Endeson154461'),
('@blockchain', '@erkan_bo'),
('@blockchain', '@fbones212'),
('@blockchain', '@Flandin_Daniel'),
('@blockchain', '@Heath_MayAust'),
('@blockchain', '@Hexinbi'),
('@blockchain', '@holacorp'),
('@blockchain', '@Hopus77'),
('@blockchain', '@Kanami_369'),
('@blockchain', '@kcryptoinvest'),
('@blockchain', '@kolayole225'),
('@blockchain', '@levdik1'),
('@blockchain', '@Maaruf_4934'),
('@blockchain', '@MaryBrizard'),
('@blockchain', '@Miner4Nine'),
('@blockchain', '@MMerazal'),
('@blockchain', '@MoynaNadia52801'),
('@blockchain', '@NathanUlsh'),
('@blockchain', '@onlineboy00'),
('@blockchain', '@orozco44280'),
('@blockchain', '@Pencurry17'),
('@blockchain', '@pushpendrakum'),
('@blockchain', '@quanghuy9990'),
('@blockchain', '@rayburn_tr378'),
('@blockchain', '@RekoKudos'),
('@blockchain', '@rogerkver'),
('@blockchain', '@SatoshiPlus_'),
('@blockchain', '@sEraser2022'),
('@blockchain', '@simplykashif'),
('@blockchain', '@Sio347'),
('@blockchain', '@smtgpt'),
('@blockchain', '@tabconf'),
('@blockchain', '@tdecker603'),
('@blockchain', '@Tether_to'),
('@blockchain', '@trondao'),
('@blockchain', '@Vayu108'),
('@blockchain', '@YusufAslanAB'),
('@blockchain', '@zenithindexhub'),
('@blockchain', '@_JDSmoove50'),
('@blockchain__m', '@7lKz1S5997yU9E'),
('@blockchain__m', '@Adewalebolujose'),
('@blockchain__m', '@akshay_kurhekar'),
('@blockchain__m', '@alesawi2'),
('@blockchain__m', '@Alexkhan160982'),
('@blockchain__m', '@alixxx332'),
('@blockchain__m', '@amitkulal07'),
('@blockchain__m', '@Ayyub_1979'),
('@blockchain__m', '@berabose50128'),
('@blockchain__m', '@beratkanbero'),
('@blockchain__m', '@BerryHandl23292'),
('@blockchain__m', '@bitbestdex'),
('@blockchain__m', '@CryptoSilvFox'),
('@blockchain__m', '@dbooo99'),
('@blockchain__m', '@DeanParryIP'),
('@blockchain__m', '@DouglasVes52841'),
('@blockchain__m', '@dpkdpk014'),
('@blockchain__m', '@DukerEarin59317'),
('@blockchain__m', '@Emmameyer26436'),
('@blockchain__m', '@EngrIbrahim1109'),
('@blockchain__m', '@EstherBaci69784'),
('@blockchain__m', '@exgoland_io'),
('@blockchain__m', '@exit_K7'),
('@blockchain__m', '@felicitty77'),
('@blockchain__m', '@goldrollira'),
('@blockchain__m', '@hanakadase22310'),
('@blockchain__m', '@JasonSimps24028'),
('@blockchain__m', '@JohnKenned34204'),
('@blockchain__m', '@KaiGonnaMakeIt'),
('@blockchain__m', '@Karthik_h_nair'),
('@blockchain__m', '@KycGenerali'),
('@blockchain__m', '@Linda3008367880'),
('@blockchain__m', '@listingwave'),
('@blockchain__m', '@Lucasco46480738'),
('@blockchain__m', '@LukeThomps67675'),
('@blockchain__m', '@micmos'),
('@blockchain__m', '@MMerazal'),
('@blockchain__m', '@NemotoJojo85537'),
('@blockchain__m', '@Nexerweb'),
('@blockchain__m', '@Ngc11105838'),
('@blockchain__m', '@ngnutor6113'),
('@blockchain__m', '@nGvxYVyf4smjPym'),
('@blockchain__m', '@nknknk_nk8'),
('@blockchain__m', '@Noytorsh4FEQk'),
('@blockchain__m', '@Nyctoo03'),
('@blockchain__m', '@OrdoAeternum'),
('@blockchain__m', '@ozziecrypto13'),
('@blockchain__m', '@RamonAng170887'),
('@blockchain__m', '@SFConsulting01'),
('@blockchain__m', '@Shazadapadar420'),
('@blockchain__m', '@Shesoaspoughsh'),
('@blockchain__m', '@shibasonthemoon'),
('@blockchain__m', '@SolProfessor565'),
('@blockchain__m', '@Sulaiman0706643'),
('@blockchain__m', '@swipeverse'),
('@blockchain__m', '@VasoullaO4810'),
('@blockchain__m', '@WTDuck2255'),
('@blockchain__m', '@yanghuiman1620'),
('@ice_blockchain', '@Abeni_sol'),
('@ice_blockchain', '@AnitaB87859'),
('@ice_blockchain', '@aumick_raymond'),
('@ice_blockchain', '@BettyCasti86245'),
('@ice_blockchain', '@BeverleyG76796'),
('@ice_blockchain', '@Bidal4life'),
('@ice_blockchain', '@BigwhalesdotSOL'),
('@ice_blockchain', '@brian_k_boen'),
('@ice_blockchain', '@Canadakgw12'),
('@ice_blockchain', '@CryptoClaude22'),
('@ice_blockchain', '@cryptoconsol'),
('@ice_blockchain', '@Cryptoz_0x'),
('@ice_blockchain', '@damon_klass'),
('@ice_blockchain', '@Eidolon_Mane1'),
('@ice_blockchain', '@Enfadozita'),
('@ice_blockchain', '@ErnestChiodini'),
('@ice_blockchain', '@EsquivelSt96980'),
('@ice_blockchain', '@EsterPorte42961'),
('@ice_blockchain', '@Faysal_Hussain_'),
('@ice_blockchain', '@fording58lowe'),
('@ice_blockchain', '@guido_pucc12288'),
('@ice_blockchain', '@heisner_lon'),
('@ice_blockchain', '@JacobsLuz79392'),
('@ice_blockchain', '@JamieBooth42025'),
('@ice_blockchain', '@JewellVela31517'),
('@ice_blockchain', '@Johnpaul19439'),
('@ice_blockchain', '@KarinaLeon49178'),
('@ice_blockchain', '@littlesharp001'),
('@ice_blockchain', '@malik_zahi96996'),
('@ice_blockchain', '@Melanie68480425'),
('@ice_blockchain', '@MercedesBa97207'),
('@ice_blockchain', '@Merciful_Guy'),
('@ice_blockchain', '@MitCo4'),
('@ice_blockchain', '@NafiuBena26403'),
('@ice_blockchain', '@Naza27586327982'),
('@ice_blockchain', '@nuyungen56941'),
('@ice_blockchain', '@Onelastbreath18'),
('@ice_blockchain', '@PatelShawn2818'),
('@ice_blockchain', '@PennyLuna278467'),
('@ice_blockchain', '@PerryBeatr46819'),
('@ice_blockchain', '@philipngn'),
('@ice_blockchain', '@PollardErm75340'),
('@ice_blockchain', '@PotterThel58664'),
('@ice_blockchain', '@ProductHubAfri'),
('@ice_blockchain', '@SantorioBa8843'),
('@ice_blockchain', '@SaputraSof71982'),
('@ice_blockchain', '@Shadow_00013'),
('@ice_blockchain', '@ShahYvonne42358'),
('@ice_blockchain', '@SPadilla73879'),
('@ice_blockchain', '@SSarlotka'),
('@ice_blockchain', '@suleimansairf'),
('@ice_blockchain', '@TammyCarri38741'),
('@ice_blockchain', '@TheRareClare'),
('@ice_blockchain', '@theweb3station'),
('@ice_blockchain', '@ThuNguy76024735'),
('@ice_blockchain', '@TYoder19264'),
('@ice_blockchain', '@utwolperksuvre'),
('@ice_blockchain', '@ValarieS70747'),
('@ice_blockchain', '@ValentinaC43084'),
('@ice_blockchain', '@WalthersBette'),
('@ice_blockchain', '@wash0unwary0'),
('@ice_blockchain', '@wbKgooB'),
('@ice_blockchain', '@wesew53utgr'),
('@ice_blockchain', '@wFJUuSco8'),
('@ice_blockchain', '@WintersIna2748'),
('@ice_blockchain', '@YebraJay'),
('@solana', '@AbdyFkir'),
('@solana', '@ademhabibiadem'),
('@solana', '@aeyakovenko'),
('@solana', '@AntonyCota96745'),
('@solana', '@Austin_Federa'),
('@solana', '@Barndog_Solana'),
('@solana', '@beShaista_khan'),
('@solana', '@bushraakba75629'),
('@solana', '@CJ_Reim'),
('@solana', '@CollinsUko13275'),
('@solana', '@crypto_ita2'),
('@solana', '@Evans_Crypto'),
('@solana', '@FidelisUdenwa'),
('@solana', '@IbrahimKou10456'),
('@solana', '@johnlucky051'),
('@solana', '@KuritoSensei'),
('@solana', '@lisenok250'),
('@solana', '@louwsimon2'),
('@solana', '@mitkalenniy79'),
('@solana', '@Moustafa43'),
('@solana', '@orca_so'),
('@solana', '@ps1solanacoin'),
('@solana', '@rajgokal'),
('@solana', '@RaydiumProtocol'),
('@solana', '@Rebecca24225833'),
('@solana', '@SadeeShuayb'),
('@solana', '@ShaafiChal284'),
('@solana', '@shahadat00019'),
('@solana', '@solanamobile'),
('@solana', '@solana_daily'),
('@solana', '@solana_devs'),
('@solana', '@staratlas'),
('@solana', '@StepFinance_'),
('@solana', '@s_iffi86'),
('@solana', '@therealchaseeb'),
('@solana', '@Ukwaja86'),
('@solana', '@We_Are_YouChain'),
('@theUWBO', '@AQUH7824WIN'),
('@theUWBO', '@berabose50128'),
('@theUWBO', '@BlockchainNeyo'),
('@theUWBO', '@carsem15389'),
('@theUWBO', '@chervillbeee'),
('@theUWBO', '@Crypto__Berlin'),
('@theUWBO', '@CuanXtra'),
('@theUWBO', '@DyorExplore'),
('@theUWBO', '@easy3ntmulurek'),
('@theUWBO', '@easytoluck'),
('@theUWBO', '@hardtree3'),
('@theUWBO', '@HinardJack65196'),
('@theUWBO', '@jjncck'),
('@theUWBO', '@Kuskuskaqtus'),
('@theUWBO', '@LoicRicci'),
('@theUWBO', '@luckyrania'),
('@theUWBO', '@LummieBear'),
('@theUWBO', '@mayylucky'),
('@theUWBO', '@MrsPrathams'),
('@theUWBO', '@phvyynevv'),
('@theUWBO', '@tatertot70x'),
('@theUWBO', '@wonisxz'),
('@theUWBO', '@xraffa_e3'),
('@theUWBO', '@_ghehehe'),
('@TXblockchain_', '@alcolegacy'),
('@TXblockchain_', '@amazing_vn'),
('@TXblockchain_', '@AngelaMcle58695'),
('@TXblockchain_', '@AriesSauly'),
('@TXblockchain_', '@BitcoinPierre'),
('@TXblockchain_', '@blaketwedt'),
('@TXblockchain_', '@BrittneyW79193'),
('@TXblockchain_', '@brunnyfor3'),
('@TXblockchain_', '@BTCGandalf'),
('@TXblockchain_', '@BTCsessions'),
('@TXblockchain_', '@CaitlinLong_'),
('@TXblockchain_', '@chadeverett'),
('@TXblockchain_', '@chainwhip'),
('@TXblockchain_', '@Copenhaguen83'),
('@TXblockchain_', '@creamcurtis'),
('@TXblockchain_', '@CryptoDadLife'),
('@TXblockchain_', '@CryptoTxn'),
('@TXblockchain_', '@Crypto_Mags'),
('@TXblockchain_', '@Dennis_Porter_'),
('@TXblockchain_', '@denverbitcoin'),
('@TXblockchain_', '@diegohansgzz'),
('@TXblockchain_', '@fishbanana21'),
('@TXblockchain_', '@FossGregfoss'),
('@TXblockchain_', '@FreedomMaxii'),
('@TXblockchain_', '@HiroMyHero4'),
('@TXblockchain_', '@IIICapital'),
('@TXblockchain_', '@JCO_GOODLIFE'),
('@TXblockchain_', '@JMellerud'),
('@TXblockchain_', '@JohnAllen473255'),
('@TXblockchain_', '@JohnsonCha20110'),
('@TXblockchain_', '@josephmaloneatx'),
('@TXblockchain_', '@lee_bratcher'),
('@TXblockchain_', '@LisaSander25022'),
('@TXblockchain_', '@manojkumar305'),
('@TXblockchain_', '@matthew_pines'),
('@TXblockchain_', '@Mikey_p19'),
('@TXblockchain_', '@MiningHope'),
('@TXblockchain_', '@MMarsh83841'),
('@TXblockchain_', '@natbrunell'),
('@TXblockchain_', '@NSmolenski'),
('@TXblockchain_', '@OmonTheGreat'),
('@TXblockchain_', '@optout1971'),
('@TXblockchain_', '@OP_Timechain'),
('@TXblockchain_', '@PaulaNicho49882'),
('@TXblockchain_', '@plebiolira'),
('@TXblockchain_', '@Render2XX'),
('@TXblockchain_', '@skepticalcrypto'),
('@TXblockchain_', '@thetrocro'),
('@TXblockchain_', '@TimothyCoo35210'),
('@TXblockchain_', '@Tradingheavy'),
('@TXblockchain_', '@Trismeg81'),
('@TXblockchain_', '@utsav_agarwal'),
('@TXblockchain_', '@WalkerAmerica'),
('@VeteranOwned1', '@1968Hughesinc'),
('@VeteranOwned1', '@Aave_Angler'),
('@VeteranOwned1', '@Alexkhan160982'),
('@VeteranOwned1', '@amit_mathpati'),
('@VeteranOwned1', '@ApacheUSCLV'),
('@VeteranOwned1', '@AtikurRahaman_'),
('@VeteranOwned1', '@ATontoroiu'),
('@VeteranOwned1', '@BigBoyCrypt0'),
('@VeteranOwned1', '@BrotherCubus'),
('@VeteranOwned1', '@crypt0bitl0rd'),
('@VeteranOwned1', '@CToshi_Bull'),
('@VeteranOwned1', '@DariusJame6186'),
('@VeteranOwned1', '@DarthMemeX'),
('@VeteranOwned1', '@DAym4720'),
('@VeteranOwned1', '@DennOshi95'),
('@VeteranOwned1', '@DigitalWilly'),
('@VeteranOwned1', '@EMuhimana66921'),
('@VeteranOwned1', '@EngrIbrahim1109'),
('@VeteranOwned1', '@ExplorerAurora_'),
('@VeteranOwned1', '@HeeryB22961'),
('@VeteranOwned1', '@holly__heart'),
('@VeteranOwned1', '@Ikramuddin75932'),
('@VeteranOwned1', '@ilham_rama38748'),
('@VeteranOwned1', '@JamYounis283002'),
('@VeteranOwned1', '@Jennylush_'),
('@VeteranOwned1', '@kingmonex'),
('@VeteranOwned1', '@LittleManPower'),
('@VeteranOwned1', '@LorenzRDP'),
('@VeteranOwned1', '@MarathonDesirae'),
('@VeteranOwned1', '@Marcults_'),
('@VeteranOwned1', '@MemersCult'),
('@VeteranOwned1', '@micmos'),
('@VeteranOwned1', '@MMerazal'),
('@VeteranOwned1', '@MrDiamondhandz1'),
('@VeteranOwned1', '@MRq9QCEEntDT7'),
('@VeteranOwned1', '@Ngc11105838'),
('@VeteranOwned1', '@Patriklas00'),
('@VeteranOwned1', '@schisom911'),
('@VeteranOwned1', '@Sharp_or_Parish'),
('@VeteranOwned1', '@shuggy0shi'),
('@VeteranOwned1', '@SKoropon39604'),
('@VeteranOwned1', '@sorbelli_wayne'),
('@VeteranOwned1', '@ssthormess'),
('@VeteranOwned1', '@StephKnigh8417'),
('@VeteranOwned1', '@t0kenrace'),
('@VeteranOwned1', '@talent_hype'),
('@VeteranOwned1', '@TheAnonSC'),
('@VeteranOwned1', '@theshibdream'),
('@VeteranOwned1', '@TweetingTatum'),
('@VeteranOwned1', '@ubah_sommycee11'),
('@VeteranOwned1', '@USA777First'),
('@VeteranOwned1', '@verseArchitect'),
('@VeteranOwned1', '@vici_trades'),
('@VeteranOwned1', '@vinsta76'),
('@VeteranOwned1', '@Web3__Search'),
('@VeteranOwned1', '@wencultdao');

-- --------------------------------------------------------

--
-- Cấu trúc bảng cho bảng `followings`
--

CREATE TABLE `followings` (
  `user_id` varchar(255) NOT NULL,
  `following_user_id` varchar(255) NOT NULL
) ENGINE=InnoDB DEFAULT CHARSET=utf8mb4 COLLATE=utf8mb4_general_ci;

--
-- Đang đổ dữ liệu cho bảng `followings`
--

INSERT INTO `followings` (`user_id`, `following_user_id`) VALUES
('@Ajay8307', '@12_Gauge_Ind'),
('@Ajay8307', '@aantonop'),
('@Ajay8307', '@ardzarana'),
('@Ajay8307', '@BBGIntelligence'),
('@Ajay8307', '@BlackRock'),
('@Ajay8307', '@BlasterMaster88'),
('@Ajay8307', '@blockchainwe3'),
('@Ajay8307', '@BLOCKS_DAO'),
('@Ajay8307', '@BruceTWhite1'),
('@Ajay8307', '@CalvinWeight'),
('@Ajay8307', '@DrummerDude1969'),
('@Ajay8307', '@flyboy1075'),
('@Ajay8307', '@GeorgeASharp'),
('@Ajay8307', '@humblceo'),
('@Ajay8307', '@HumblForTheWin'),
('@Ajay8307', '@JACOBJMV'),
('@Ajay8307', '@JSeyff'),
('@Ajay8307', '@kevinconnorST'),
('@Ajay8307', '@miaflasun'),
('@Ajay8307', '@narratoio'),
('@Ajay8307', '@premium'),
('@Ajay8307', '@realallybraun'),
('@Ajay8307', '@Safety'),
('@Ajay8307', '@Scaramucci'),
('@Ajay8307', '@sheila_warren'),
('@Ajay8307', '@thedankoe'),
('@Ajay8307', '@TickerStocker'),
('@Ajay8307', '@two2tango_2'),
('@Ajay8307', '@WixStudio'),
('@Ajay8307', '@YouTubeCreators'),
('@blockchain', '@AskBlockchain'),
('@blockchain', '@bonk_inu'),
('@blockchain', '@dak'),
('@blockchain', '@dallascowboys'),
('@blockchain', '@danbookstaber'),
('@blockchain', '@DappCamp_'),
('@blockchain', '@dogwifcoin'),
('@blockchain', '@INATBA_org'),
('@blockchain', '@kasselman'),
('@blockchain', '@lornah111'),
('@blockchain', '@Memeland'),
('@blockchain', '@neiro'),
('@blockchain', '@niccary'),
('@blockchain', '@OneMorePeter'),
('@blockchain', '@peterwil'),
('@blockchain', '@POPCATSOLANA'),
('@blockchain', '@RealFlokiInu'),
('@blockchain', '@Shibtoken'),
('@blockchain', '@TheGivingBlock'),
('@blockchain', '@TurboToadToken'),
('@blockchain', '@unstoppableweb'),
('@blockchain', '@verified'),
('@blockchain', '@XSpaces'),
('@blockchain__m', '@ABC'),
('@blockchain__m', '@Adams_K1'),
('@blockchain__m', '@barakat539'),
('@blockchain__m', '@BitlayerLabs'),
('@blockchain__m', '@Bluntz_Capital'),
('@blockchain__m', '@BRisechain50'),
('@blockchain__m', '@brlienQ8'),
('@blockchain__m', '@btcterminal_'),
('@blockchain__m', '@CoinSonarBot'),
('@blockchain__m', '@Crypt0men'),
('@blockchain__m', '@DrWavetrader'),
('@blockchain__m', '@EgyHashX'),
('@blockchain__m', '@Elcopttan'),
('@blockchain__m', '@exgoland_io'),
('@blockchain__m', '@LeonidasNFT'),
('@blockchain__m', '@memecoin'),
('@blockchain__m', '@MotoswapBTC'),
('@blockchain__m', '@oraichain'),
('@blockchain__m', '@pasha_R88'),
('@blockchain__m', '@raphjaph'),
('@blockchain__m', '@rodarmor'),
('@blockchain__m', '@RunesMarketCap'),
('@blockchain__m', '@Saad4h'),
('@blockchain__m', '@SatoshiInuRunes'),
('@blockchain__m', '@Tim_4444'),
('@blockchain__m', '@tomo_social'),
('@blockchain__m', '@waves_sniper'),
('@blockchain__m', '@WinMasterz'),
('@ice_blockchain', '@AlexOnchain'),
('@ice_blockchain', '@Amoschencheng'),
('@ice_blockchain', '@BiconomyCom'),
('@ice_blockchain', '@BinanceLabs'),
('@ice_blockchain', '@BingXOfficial'),
('@ice_blockchain', '@boxmining'),
('@ice_blockchain', '@CertiK'),
('@ice_blockchain', '@Cobratate'),
('@ice_blockchain', '@cristian_is_c'),
('@ice_blockchain', '@daemon_0x'),
('@ice_blockchain', '@dfnsHQ'),
('@ice_blockchain', '@DoctorX_Meme'),
('@ice_blockchain', '@jarrodWattsDev'),
('@ice_blockchain', '@JohnCena'),
('@ice_blockchain', '@letsexchange_io'),
('@ice_blockchain', '@matthew_d_green'),
('@ice_blockchain', '@MultiversX'),
('@ice_blockchain', '@NurBrks'),
('@ice_blockchain', '@RachelConlan'),
('@ice_blockchain', '@SealSendEmail'),
('@ice_blockchain', '@Snowboy_Of_ION'),
('@ice_blockchain', '@sonnyjosh_'),
('@ice_blockchain', '@sunwaves_token'),
('@ice_blockchain', '@TeamKhabib'),
('@ice_blockchain', '@t_blom'),
('@solana', '@0xnirmal'),
('@solana', '@aeyakovenko'),
('@solana', '@at_mwagner'),
('@solana', '@Austin_Federa'),
('@solana', '@bradyowen_'),
('@solana', '@chakra_ai'),
('@solana', '@DeFi_Land'),
('@solana', '@FDLabsHQ'),
('@solana', '@getcode'),
('@solana', '@getofflinexyz'),
('@solana', '@JanaKreilein'),
('@solana', '@jump_firedancer'),
('@solana', '@JUPCatdets'),
('@solana', '@JupiterExchange'),
('@solana', '@laine_sa_'),
('@solana', '@legiondotcc'),
('@solana', '@LitProtocol'),
('@solana', '@odai_0x'),
('@solana', '@orca_so'),
('@solana', '@PARAVOX_game'),
('@solana', '@playmetalcore'),
('@solana', '@Polkadot'),
('@solana', '@rajgokal'),
('@solana', '@RaydiumProtocol'),
('@solana', '@rektech'),
('@solana', '@sns'),
('@solana', '@SolanaFndn'),
('@solana', '@solanamobile'),
('@solana', '@solana_devs'),
('@solana', '@solx_ar'),
('@solana', '@staratlas'),
('@solana', '@StepFinance_'),
('@solana', '@therealchaseeb'),
('@theUWBO', '@4plusVentures'),
('@theUWBO', '@alAmeer170'),
('@theUWBO', '@algostakes'),
('@theUWBO', '@amir1952021'),
('@theUWBO', '@Arablooded'),
('@theUWBO', '@BinanceUS'),
('@theUWBO', '@Bitstamp'),
('@theUWBO', '@BVenomclaw39780'),
('@theUWBO', '@CharlieShrem'),
('@theUWBO', '@CJ_Reim'),
('@theUWBO', '@coinlivespace'),
('@theUWBO', '@CryptoAccUK'),
('@theUWBO', '@crypto_economy'),
('@theUWBO', '@Donaotel_Ai'),
('@theUWBO', '@earnwithrk'),
('@theUWBO', '@Hayderfx_1'),
('@theUWBO', '@Hopus77'),
('@theUWBO', '@JCryptoRider'),
('@theUWBO', '@M2Exchange'),
('@theUWBO', '@niodamian'),
('@theUWBO', '@pushpendrakum'),
('@theUWBO', '@PushpendraTech'),
('@theUWBO', '@rogerkver'),
('@theUWBO', '@SatoshiPlus_'),
('@theUWBO', '@simplykashif'),
('@theUWBO', '@smtgpt'),
('@theUWBO', '@solid_launch'),
('@theUWBO', '@Tether_to'),
('@theUWBO', '@theblackkalonk'),
('@theUWBO', '@tomycryptoo_'),
('@theUWBO', '@trondao'),
('@TienCypress', '@moondust_36'),
('@TXblockchain_', '@AsicJungle'),
('@TXblockchain_', '@BANKSOCIALio'),
('@TXblockchain_', '@BitcoinPierre'),
('@TXblockchain_', '@BTCsessions'),
('@TXblockchain_', '@CaitlinLong_'),
('@TXblockchain_', '@CynthiaMLummis'),
('@TXblockchain_', '@denverbitcoin'),
('@TXblockchain_', '@Enhanced_Digi'),
('@TXblockchain_', '@ez_blockchain'),
('@TXblockchain_', '@FossGregfoss'),
('@TXblockchain_', '@gladstein'),
('@TXblockchain_', '@IIICapital'),
('@TXblockchain_', '@JasonPLowery'),
('@TXblockchain_', '@JeffBooth'),
('@TXblockchain_', '@jimmysong'),
('@TXblockchain_', '@LaRoseDigital'),
('@TXblockchain_', '@lee_bratcher'),
('@TXblockchain_', '@LetsConverge'),
('@TXblockchain_', '@MartyBent'),
('@TXblockchain_', '@natbrunell'),
('@TXblockchain_', '@NSmolenski'),
('@TXblockchain_', '@Polkadot'),
('@TXblockchain_', '@SGBarbour'),
('@TXblockchain_', '@TheBushCenter'),
('@TXblockchain_', '@thetrocro'),
('@TXblockchain_', '@WillIwaschuk'),
('@VeteranOwned1', '@amonbuy'),
('@VeteranOwned1', '@CryptoGeekNews'),
('@VeteranOwned1', '@CryptoHulk19'),
('@VeteranOwned1', '@davidgokhshtein'),
('@VeteranOwned1', '@DigitalWilly'),
('@VeteranOwned1', '@dolor3m'),
('@VeteranOwned1', '@DROPZXRP'),
('@VeteranOwned1', '@echodatruth'),
('@VeteranOwned1', '@hedera'),
('@VeteranOwned1', '@holly__heart'),
('@VeteranOwned1', '@J316crypto'),
('@VeteranOwned1', '@MrOmodulus'),
('@VeteranOwned1', '@Official_MrPool'),
('@VeteranOwned1', '@realXRPwhale'),
('@VeteranOwned1', '@RizXRP'),
('@VeteranOwned1', '@shibalution'),
('@VeteranOwned1', '@shibaverse_io'),
('@VeteranOwned1', '@Shibtoken'),
('@VeteranOwned1', '@ShytoshiKusama'),
('@VeteranOwned1', '@UniverseTwenty'),
('@VeteranOwned1', '@USDebtClock_org'),
('@VeteranOwned1', '@VitalikButerin'),
('@VeteranOwned1', '@WatcherGuru'),
('@VeteranOwned1', '@wearecultdao'),
('@VeteranOwned1', '@XDCFoundation'),
('@VeteranOwned1', '@XFamily369'),
('@VeteranOwned1', '@XRP_DigiGold');

-- --------------------------------------------------------

--
-- Cấu trúc bảng cho bảng `hashtags`
--

CREATE TABLE `hashtags` (
  `hashtag_name` varchar(255) NOT NULL
) ENGINE=InnoDB DEFAULT CHARSET=utf8mb4 COLLATE=utf8mb4_general_ci;

--
-- Đang đổ dữ liệu cho bảng `hashtags`
--

INSERT INTO `hashtags` (`hashtag_name`) VALUES
('#5irechain'),
('#BIT'),
('#Bitcoin'),
('#Bitcoin,'),
('#BitcoinPrice'),
('#Blockchain'),
('#blockchain?'),
('#Cardano!'),
('#CardanoSummit2021'),
('#Crypto'),
('#CryptoCommunity'),
('#cryptocurrency'),
('#CryptoNews'),
('#CryptoRevolution'),
('#FreeTokens'),
('#GCV'),
('#investing'),
('#PepeMeme'),
('#Philippines'),
('#PiNetwork'),
('#Putin'),
('#trading'),
('#VanEck'),
('#VRA'),
('#VTIS2024'),
('#web3'),
('#XRP'),
('#XRPArmy');

-- --------------------------------------------------------

--
-- Cấu trúc bảng cho bảng `mentions`
--

CREATE TABLE `mentions` (
  `user_id` varchar(255) NOT NULL,
  `tweet_id` varchar(255) NOT NULL
) ENGINE=InnoDB DEFAULT CHARSET=utf8mb4 COLLATE=utf8mb4_general_ci;

--
-- Đang đổ dữ liệu cho bảng `mentions`
--

INSERT INTO `mentions` (`user_id`, `tweet_id`) VALUES
('@Cardano', '1439137303688105984'),
('@pepecoineth', '1660625010774650881'),
('@vtis2024', '1864620299385295233');

-- --------------------------------------------------------

--
-- Cấu trúc bảng cho bảng `reposts`
--

CREATE TABLE `reposts` (
  `user_id` varchar(255) NOT NULL,
  `tweet_id` varchar(255) NOT NULL,
  `parent_tweet_id` varchar(255) DEFAULT NULL,
  `type` varchar(255) DEFAULT NULL,
  `content` text DEFAULT NULL
) ENGINE=InnoDB DEFAULT CHARSET=utf8mb4 COLLATE=utf8mb4_general_ci;

--
-- Đang đổ dữ liệu cho bảng `reposts`
--

INSERT INTO `reposts` (`user_id`, `tweet_id`, `parent_tweet_id`, `type`, `content`) VALUES
('@0735_m', '1864732847723966880', NULL, 'retweet', ''),
('@0xBlckhero', '1859294040874782888', NULL, 'retweet', 'Investor by day, Degen by night | HODLing and staking | Blockchain tech lover'),
('@0xbtc_storm', '1859294040874782888', NULL, 'retweet', 'Digital currency evangelist | NFTs & blockchain fan | DeFi dreamer'),
('@0xfeiyan', '1660625010774650881', NULL, 'retweet', 'Meme Artist & Graphic Designer | Turning ideas into viral visuals | Freelance Illustrator specializing in humor & creativity | DM for commissions or collabs'),
('@0xGreensecret', '1803020604846530651', NULL, 'retweet', ''),
('@0xGreensecret', '1816192271114748224', NULL, 'retweet', ''),
('@0xGreensecret', '1864250290746065067', NULL, 'retweet', ''),
('@0xGreensecret', '1864732847723966880', NULL, 'retweet', ''),
('@0xGreensecret', '1864878543269957927', NULL, 'retweet', ''),
('@0xGreensecret', '1865329234442354772', NULL, 'retweet', ''),
('@0xhodlMage', '1859294040874782888', NULL, 'retweet', '⠀⠀ ⠀⠀ㅤ⠀ㅤㅤㅤㅤㅤ⠀⠀ㅤ ⠀⠀ ㅤㅤ⠀⠀ㅤ⠀⠀ ⠀⠀ㅤ⠀ㅤ⠀⠀ㅤ⠀⠀ㅤ⠀⠀ㅤ ⠀⠀ ㅤㅤ⠀⠀ Crypto explorer | HODL & learn | Beyond the moon |  #Bitcoin  #Ethereum ㅤ⠀⠀ ⠀⠀ㅤ'),
('@0xLedgerlrd', '1859294040874782888', NULL, 'retweet', 'Developer in the blockchain space | Exploring NFTs, DeFi & crypto innovations | Building Web3'),
('@0xliasaur', '1863493356690538794', NULL, 'retweet', 'wins, come to me | $1000 cutie'),
('@0xSauger', '1660625010774650881', NULL, 'retweet', 'researcher 0xVentures, fund management expert, DeFi manager PBOC'),
('@0x_reskinii', '1863493356690538794', NULL, 'retweet', 'ganti hp,please don\'t reroll'),
('@1402708037', '1865392444696637820', NULL, 'retweet', ''),
('@1968sollyjat', '1862927607890686447', NULL, 'retweet', 'l am a forex trader. Trading (Business).'),
('@7010jiro', '1803020604846530651', NULL, 'retweet', '大学生'),
('@abandy24', '1864250290746065067', NULL, 'retweet', 'Marketing Leader at a Top 100 L1 focused on enterprise adoption. Also avid crypto and blockchain enthusiast with special status at KuCoin and Phemex.'),
('@AblePredict', '1865392444696637820', NULL, 'retweet', 'UR not perfect, stop requiring others 2b perfect no matter what job they have. Crypto(graphy) investor who just ‘s Cup n Handles & low Mrkt s & NFT’s'),
('@AdamOneBacker', '1660625010774650881', NULL, 'retweet', '#Crypto Trader since 2018 & #Bitcoin Investor since 2014 | 10 yrs trading experience | not financial advice'),
('@AdOlufon', '1864878543269957927', NULL, 'retweet', ''),
('@AhmadiBara19932', '1864732847723966880', NULL, 'retweet', ''),
('@aitselrob', '1863493356690538794', NULL, 'retweet', '— 𝒔𝒉𝒆’𝒔 𝒏𝒐𝒕 𝒅𝒂𝒚𝒅𝒓𝒆𝒂𝒎𝒊𝒏𝒈, 𝒔𝒉𝒆’𝒔 𝑴𝑨𝑵𝑰𝑭𝑬𝑺𝑻𝑰𝑵𝑮. | , dm me for proofs'),
('@AkbariArde63265', '1864732847723966880', NULL, 'retweet', '\" Joltify\"'),
('@AlexsUrruti4', '1660625010774650881', NULL, 'retweet', 'I am Security Guard, love nature. New into #Crypto and #Blockchain . I love #Watch2Earn  #Bitcoin  $BTC revolution.'),
('@AlexsUrruti4', '1803020604846530651', NULL, 'retweet', 'I am Security Guard, love nature. New into #Crypto and #Blockchain . I love #Watch2Earn  #Bitcoin  $BTC revolution.'),
('@AltoUmar43259', '1863493356690538794', NULL, 'retweet', 'AllhamdulillahZ4Z96LNV'),
('@Amadjio', '1862927607890686447', NULL, 'retweet', '#Metatime designer with a passion for creating stunning visuals. When not designing, you\'ll find me on the football field or exploring new destinations. Bookwo'),
('@AmiTheDream3r', '1859294040874782888', NULL, 'retweet', ''),
('@AnatoKiba74571', '1864250290746065067', NULL, 'retweet', ''),
('@AndrawT_Pro', '1862927607890686447', NULL, 'retweet', 'Official Page!'),
('@AndrewT_Pro', '1862927607890686447', NULL, 'retweet', 'Official Page!'),
('@Angel07887325', '1864250290746065067', NULL, 'retweet', 'hola follow en insta:angel.guzman_'),
('@AnikQnoy', '1774013706239627434', NULL, 'retweet', 'Indeed, it is not the eyes that are blind, but it is the hearts in the chests that grow blind (Al-Hajj Verse 46)'),
('@AnikQnoy', '1803020604846530651', NULL, 'retweet', 'Indeed, it is not the eyes that are blind, but it is the hearts in the chests that grow blind (Al-Hajj Verse 46)'),
('@AnikQnoy', '1859294040874782888', NULL, 'retweet', 'Indeed, it is not the eyes that are blind, but it is the hearts in the chests that grow blind (Al-Hajj Verse 46)'),
('@AnikQnoy', '1862927607890686447', NULL, 'retweet', 'Indeed, it is not the eyes that are blind, but it is the hearts in the chests that grow blind (Al-Hajj Verse 46)'),
('@AnkitaD1327', '1864336372942966859', NULL, 'retweet', 'Your go-to source for the latest in #Crypto , #Bitcoin , and #Blockchain finance. Empowering you with trends, insights & market updates. DM for collabs!'),
('@ANTHTROM', '1859294040874782888', NULL, 'retweet', ''),
('@apurvashah09', '1803020604846530651', NULL, 'retweet', ''),
('@aramamiscrypto', '1660625010774650881', NULL, 'retweet', ''),
('@aramamiscrypto', '1803020604846530651', NULL, 'retweet', ''),
('@aramamiscrypto', '1816192271114748224', NULL, 'retweet', ''),
('@aramamiscrypto', '1859294040874782888', NULL, 'retweet', ''),
('@aramamiscrypto', '1864250290746065067', NULL, 'retweet', ''),
('@aramamiscrypto', '1864732847723966880', NULL, 'retweet', ''),
('@aramamiscrypto', '1864878543269957927', NULL, 'retweet', ''),
('@aramamiscrypto', '1865414132599783428', NULL, 'retweet', ''),
('@Aravin544805', '1865414132599783428', NULL, 'retweet', ''),
('@ArchibaldR0x', '1803020604846530651', NULL, 'retweet', 'Also love Degenerate Stock & Crypto | #BTC  #SOL'),
('@Arkn_etth', '1864250290746065067', NULL, 'retweet', ''),
('@ArmyChief_eth', '1816192271114748224', NULL, 'retweet', 'Civil engineer | NFT collector'),
('@Arthur87854221', '1862927607890686447', NULL, 'retweet', ''),
('@arwinmahadew_', '1859294040874782888', NULL, 'retweet', ''),
('@ashjuicy10', '1816192271114748224', NULL, 'retweet', 'twitter ain’t for the weak'),
('@Asiye_Ceylan16', '1865329234442354772', NULL, 'retweet', 'Sadece instagram uygulaması kullanıyorum.  I am have on my way. Mustafa Kemal ATATÜRK  ALKÜ'),
('@Azizel_MM', '1660625010774650881', NULL, 'retweet', ''),
('@balimbrcko', '1862927607890686447', NULL, 'retweet', 'sweet'),
('@BangledorfVon', '1660625010774650881', NULL, 'retweet', 'all comments, likes & retweets form a part of the overall fiction & are solely for entertainment purpose only..'),
('@becomeCoolDude', '1816192271114748224', NULL, 'retweet', 'send some sol - DF7vUtQG7Ri2ew4ycdjam9Gxba2nRbbL4WncoeyKaLVW'),
('@beelinthia', '1863493356690538794', NULL, 'retweet', 'New Joining Account || Manifesting BIG WINS cutieee  |||'),
('@Bigwinellipa', '1863850358168310117', NULL, 'retweet', 'OBO 30BG Dwag  #Crypto + #Nfts  #EndSARS  #BTC  #Solana  #Avax  giveaways Crypto'),
('@bilou93tsz', '1816192271114748224', NULL, 'retweet', ''),
('@Bitcoin01012009', '1865392444696637820', NULL, 'retweet', ''),
('@Bitcoinnomad007', '1859294040874782888', NULL, 'retweet', 'Web3 & blockchain lover | Crypto investor | HODLing for the next big move'),
('@Bitmann007', '1816192271114748224', NULL, 'retweet', 'Crypto Maker : #Invester  #Gamer  #Trader  #Miner  #Staker and #Helper : #Cryptocurrencies  #Bitcoin  #Ethereum  #Dot  #BNB  #Dogecoin  Best Passive Earner'),
('@BlazM6497', '1864250290746065067', NULL, 'retweet', ''),
('@blessme2024', '1865414132599783428', NULL, 'retweet', '7777✿.｡.: * ☆:**: blessme2024'),
('@Blockbrawler3', '1859294040874782888', NULL, 'retweet', 'The future is digital | Bitcoin HODLer | Exploring blockchain & decentralized finance'),
('@BnbShofiq48683', '1863850358168310117', NULL, 'retweet', 'Crypto Enthusiast || Expart on CM & Mod | tg: || Owner :- Man is the architect of his own life.'),
('@Boamier989Saxy', '1816192271114748224', NULL, 'retweet', ''),
('@Bogdanthe2', '1865411046061572322', NULL, 'retweet', '$GLQ  #AI'),
('@bookeryup76', '1863850358168310117', NULL, 'retweet', 'The digital key to financial freedom. Unlocking doors one wallet at a time.  #FinancialIndependence / crypto Researcher $base  #base'),
('@brook_1o1', '1864732847723966880', NULL, 'retweet', ''),
('@BTCnerRo', '1865392444696637820', NULL, 'retweet', ''),
('@bug_base', '1865392444696637820', NULL, 'retweet', ''),
('@BulletEyeDK', '1865392444696637820', NULL, 'retweet', '$BTC  $ETH  $PEPE'),
('@buythedip007', '1862927607890686447', NULL, 'retweet', 'Star Gazer The Declaration of the Swarm: A Manifesto for Mutual Liberation'),
('@bycryptoby', '1660625010774650881', NULL, 'retweet', ''),
('@bycryptoby', '1774013706239627434', NULL, 'retweet', ''),
('@bycryptoby', '1803020604846530651', NULL, 'retweet', ''),
('@bycryptoby', '1859294040874782888', NULL, 'retweet', ''),
('@bycryptoby', '1862927607890686447', NULL, 'retweet', ''),
('@byrbzr', '1865392444696637820', NULL, 'retweet', ''),
('@Captainbeestart', '1864250290746065067', NULL, 'retweet', 'Up and just up'),
('@carlocabiladas', '1865392444696637820', NULL, 'retweet', ''),
('@CarolDaETH', '1660625010774650881', NULL, 'retweet', 'Growth , Early holder. on-chain culture maxi Opinions my own.'),
('@CathieC98435676', '1865392444696637820', NULL, 'retweet', 'BTC enthusiastic and day trader Only strong analysis in my world of crypto .....'),
('@CBoyoch48152', '1864732847723966880', NULL, 'retweet', ''),
('@chilakala505', '1864336372942966859', NULL, 'retweet', ''),
('@ChillGuyMe', '1864250290746065067', NULL, 'retweet', ''),
('@chirag_mohan', '1864878543269957927', NULL, 'retweet', ''),
('@ChrisSaSoriya', '1865392444696637820', NULL, 'retweet', 'instructeur de yoga, Kinésiologue, entraîneur personnel et E.L.D.O.A., massothérapeute, musicien. Investisseur en crypto et amoureux des tatouages.'),
('@chuckischuck99', '1864878543269957927', NULL, 'retweet', '加密货币交易者'),
('@chucklesgambler', '1865329234442354772', NULL, 'retweet', 'Matthew 24:6 The Flat Earth, The World Pool, The Black Sun and everything else in it, including Leviathan and the Firmament...'),
('@cjkswd', '1862927607890686447', NULL, 'retweet', ''),
('@Clara192487', '1865414132599783428', NULL, 'retweet', ''),
('@clark_terr79727', '1864250290746065067', NULL, 'retweet', ''),
('@claudeonline45', '1864878543269957927', NULL, 'retweet', 'I love God I love People'),
('@ClayHamNFTS', '1865414132599783428', NULL, 'retweet', ''),
('@clement1929273', '1864732847723966880', NULL, 'retweet', ''),
('@clifton_ideas', '1864878543269957927', NULL, 'retweet', '#Bitcoin & #Crypto Technical Analysis.. Believe on #QNT  #EOS  #JASMY & #VET'),
('@cocoa_maven', '1816192271114748224', NULL, 'retweet', 'Maine girl with a love for lobsters and ledger balances | Navigating the crypto waves, one trade at a time | HODLer, dreamer, decentralized believer'),
('@craiigdvz11', '1865392444696637820', NULL, 'retweet', 'crypto news'),
('@crypthics', '1816192271114748224', NULL, 'retweet', ''),
('@cryptobullzx', '1863493356690538794', NULL, 'retweet', '#SOL LOVER'),
('@CryptoLouisDC75', '1865392444696637820', NULL, 'retweet', 'Invest Crypto'),
('@Cryptopher22', '1864250290746065067', NULL, 'retweet', 'LIVE to LAUGH, LAUGH to LIVE'),
('@Cryptovation95', '1816192271114748224', NULL, 'retweet', 'cryptovation4eva@gmail.com Gotta Make it count this Bullrun  TWIY #TMC'),
('@Crypto_is_Hell', '1660625010774650881', NULL, 'retweet', 'alemde şeklimiz'),
('@cumali_Akan60', '1865329234442354772', NULL, 'retweet', 'Işığa dönen yüzün dalgalara da razı mı?'),
('@Cyberteam_Tools', '1816192271114748224', NULL, 'retweet', 'Account Recovery •Crypto Hacks•| • instagram Recovery.| Snapchat Hacks & Recoveryl • Hacking Spying | •ICloud ID. #NofreeHacks !| • Online 24/7•'),
('@dalionmann', '1862927607890686447', NULL, 'retweet', 'poker ig lionhatpoker'),
('@DAlves83263', '1862927607890686447', NULL, 'retweet', ''),
('@danielBravoCCas', '1865329234442354772', NULL, 'retweet', ''),
('@DanoLaMack', '1864732847723966880', NULL, 'retweet', ''),
('@dany_vega101', '1859294040874782888', NULL, 'retweet', ''),
('@dariuzelliot', '1803020604846530651', NULL, 'retweet', 'I love Suzy | Calm day awesome day'),
('@dariuzelliot', '1859294040874782888', NULL, 'retweet', 'I love Suzy | Calm day awesome day'),
('@Davico67227442', '1864732847723966880', NULL, 'retweet', 'Mi personalidad estúpida XD'),
('@decepticdead', '1864250290746065067', NULL, 'retweet', ''),
('@DefiHaley', '1660625010774650881', NULL, 'retweet', 'DeFi oriented || Fetching knowledge through research and threads || DeFI insights synched || Sharing the best of DeFi'),
('@Dejibablo', '1865392444696637820', NULL, 'retweet', 'Crypto Trader | Sharing valuable chart insights and updates | Sales and Marketing.'),
('@DelwynEsse', '1774013706239627434', NULL, 'retweet', 'footballer / fisherman / animal lover / crypto investor #cryptogems  #Eth  #Solana  #shib  $Bezoge  $Gamium'),
('@DelwynEsse', '1803020604846530651', NULL, 'retweet', 'footballer / fisherman / animal lover / crypto investor #cryptogems  #Eth  #Solana  #shib  $Bezoge  $Gamium'),
('@devil64382', '1803020604846530651', NULL, 'retweet', ''),
('@dhavalkelawala', '1816192271114748224', NULL, 'retweet', ''),
('@diegoRedondooSa', '1865329234442354772', NULL, 'retweet', ''),
('@disskuiw', '1864250290746065067', NULL, 'retweet', ''),
('@dosu_the_blind', '1862927607890686447', NULL, 'retweet', ''),
('@DriDriBlue123', '1816192271114748224', NULL, 'retweet', ''),
('@easy_marsella', '1863493356690538794', NULL, 'retweet', 'my old account is . thank you love crypto'),
('@eduarhoraciove1', '1816192271114748224', NULL, 'retweet', ''),
('@Eiserengers', '1803020604846530651', NULL, 'retweet', 'Early Crypto Trader | Bitcoin Whisperer'),
('@ELH3PMF', '1865392444696637820', NULL, 'retweet', '- Long-term investor / PMF-ELH / 3-6-9 / Digital astronomical analyzer / News economy'),
('@ellacryptoo', '1774013706239627434', NULL, 'retweet', ''),
('@ellacryptoo', '1803020604846530651', NULL, 'retweet', ''),
('@ellacryptoo', '1862927607890686447', NULL, 'retweet', ''),
('@eloraw1nsx', '1865414132599783428', NULL, 'retweet', 'pangjoin ng gaws // got sus #6️⃣5️⃣  $PSYOP  #psyopcat'),
('@elton2545', '1862927607890686447', NULL, 'quote', 'CSC3qiYM4khRCGjKUawybnN5P4YomJVqNaSXrEkVrhmL'),
('@emiilyNFT', '1803020604846530651', NULL, 'retweet', ''),
('@emiilyNFT', '1859294040874782888', NULL, 'retweet', ''),
('@Ennaningsih', '1863493356690538794', NULL, 'retweet', ''),
('@EnochMayel', '1660625010774650881', NULL, 'retweet', 'Jesus boy ll Crypto Enthusiast |I Avid Reader |I Mancaster City Fans Il Proudly Agbafian'),
('@EnochMayel', '1774013706239627434', NULL, 'retweet', 'Jesus boy ll Crypto Enthusiast |I Avid Reader |I Mancaster City Fans Il Proudly Agbafian'),
('@EnochMayel', '1803020604846530651', NULL, 'retweet', 'Jesus boy ll Crypto Enthusiast |I Avid Reader |I Mancaster City Fans Il Proudly Agbafian'),
('@eP4ugo0DszskisX', '1816192271114748224', NULL, 'retweet', 'お酒を飲まない人生を思いっきり 楽しみたい東京在住の30代です どんな時もプラス思考で、今を生きる 座右の銘は、「１日断酒 僕は運がいい ポジティブシンキング 感謝の心とありがとう 」笑顔  #断酒  #Twitter断酒部'),
('@epy707', '1865414132599783428', NULL, 'retweet', 'Hey everyone'),
('@ernia_bigwin', '1863493356690538794', NULL, 'retweet', 'hanya s\'orang ibu rumah tangga yg mencari.. rezeki.'),
('@etherawilliams', '1864336372942966859', NULL, 'retweet', 'Your daily dose of Crypto News & Crypto Memes'),
('@etventadv', '1864336372942966859', NULL, 'retweet', 'Il maschio é maschio, la femmina é femmina. #Bitcoin é denaro, Euro e Dollari sono carta straccia. La carne é cibo, i prodotti confezionati sono veleno.'),
('@f4rhns02', '1816192271114748224', NULL, 'retweet', 'fund are SAFU'),
('@FAbisawan', '1865411046061572322', NULL, 'retweet', 'Sports Analyst/Bettor - NBA/NFL/MLB. Born Canadian, Ethnicity Lebanese. Solana NFT Maxi -  Alpha Caller for'),
('@faerycrypto', '1865392444696637820', NULL, 'retweet', 'a full-time crypto lover ﾟ𓂃 ｡ ˚'),
('@FahadVlogs3', '1864732847723966880', NULL, 'retweet', ''),
('@feehhoffmann1', '1865411029892767754', NULL, 'retweet', ''),
('@Fiona00119', '1660625010774650881', NULL, 'retweet', 'Crypto | Social Media Influencer | WEB 3'),
('@forexx_thomas', '1803020604846530651', NULL, 'retweet', 'Analyst at | Deep diving into market trends and emerging tech. Analyzing data on $ETH , $LTC , $ADA to uncover the next big opportunity.'),
('@forexx_thomas', '1859294040874782888', NULL, 'retweet', 'Analyst at | Deep diving into market trends and emerging tech. Analyzing data on $ETH , $LTC , $ADA to uncover the next big opportunity.'),
('@forexx_thomas', '1864732847723966880', NULL, 'retweet', 'Analyst at | Deep diving into market trends and emerging tech. Analyzing data on $ETH , $LTC , $ADA to uncover the next big opportunity.'),
('@Freki_OG', '1865392444696637820', NULL, 'quote', 'You aren’t prepared likely \n$hbar $xrp'),
('@fvcknation_com', '1803020604846530651', NULL, 'retweet', 'Are you getting rekt in crypto? let\'s make an army to fight back!!! CA: soon -- on pump dot fun'),
('@fxdreamfx', '1864878543269957927', NULL, 'retweet', ''),
('@GabrielRoman_Br', '1865329234442354772', NULL, 'retweet', ''),
('@galongso', '1660625010774650881', NULL, 'retweet', 'Aficionado'),
('@Gazi_Kale67', '1865329234442354772', NULL, 'retweet', 'İstanbul Atlas üni Bilinmeyen ünileri kısaltmayın be kardesim AÖÜ'),
('@GencayBeidCi', '1660625010774650881', NULL, 'retweet', 'Bir gün her şey son bulacak'),
('@GencayBeidCi', '1774013706239627434', NULL, 'retweet', 'Bir gün her şey son bulacak'),
('@GencayBeidCi', '1803020604846530651', NULL, 'retweet', 'Bir gün her şey son bulacak'),
('@GencayBeidCi', '1859294040874782888', NULL, 'retweet', 'Bir gün her şey son bulacak'),
('@gerardfinecp', '1865392444696637820', NULL, 'retweet', '5km 10km 20km'),
('@ggggg127', '1865411029892767754', NULL, 'retweet', ''),
('@glosangia2k8', '1816192271114748224', NULL, 'retweet', ''),
('@GNemo57470', '1865414132599783428', NULL, 'retweet', ''),
('@GnomeCoin_', '1803020604846530651', NULL, 'retweet', 'cardano token i guess you can call it a meme coin join the gnome army. we have soft lunched our coin it is for the people help us get verified'),
('@Gogo_bigwin999', '1863850358168310117', NULL, 'retweet', ''),
('@GokulUnnikuttan', '1660625010774650881', NULL, 'retweet', 'cool'),
('@GonzalezKleidys', '1865329234442354772', NULL, 'retweet', ''),
('@Gorkixa', '1864250290746065067', NULL, 'retweet', ''),
('@Grind_Time84', '1865414132599783428', NULL, 'retweet', '#CHD survivor! #HeartWarrior ! #FUCKCANCER !! Bless Up!! #LFGM  $Gotti'),
('@Guler_Bilir49', '1865329234442354772', NULL, 'retweet', '•Somewhere over the rainbow  em DEÜ- Ameliyathane'),
('@gunlove161', '1863493356690538794', NULL, 'retweet', 'akun misuh^^ freetag my previous account @.nayyviolaa @.seunghantajir @.seunghanbigwin @.seunghaniya got , pls dont reroll'),
('@haadipoer58', '1864732847723966880', NULL, 'retweet', ''),
('@habibieZs', '1864878543269957927', NULL, 'retweet', 'Be the change that you wish to see in the world. – Mahatma Gandhi'),
('@hajah_Sherif16', '1865329234442354772', NULL, 'retweet', 'الا بذكر الله تطمئن القلوب'),
('@hamza069749871', '1862927607890686447', NULL, 'retweet', ''),
('@Hani81668500', '1862927607890686447', NULL, 'retweet', ''),
('@Haytham_Naguib3', '1865329234442354772', NULL, 'retweet', ''),
('@hellihiyou', '1864250290746065067', NULL, 'retweet', ''),
('@hey_Gaff', '1859294040874782888', NULL, 'retweet', '__WORK__AND__PRAY __ __I AM THE DUDE YOUR MOM WANT YOU TO ROLL WITH'),
('@hshshsheheje1', '1774013706239627434', NULL, 'retweet', 'Dream big, sparkle more, shine bright Bold, beautiful, and brilliant Once a queen, always a queen'),
('@i221867526827', '1865392444696637820', NULL, 'quote', 'HODL on for dear life!'),
('@IaJUUUY', '1864732847723966880', NULL, 'retweet', '아프리카Tv 유명Bj가 꿈인 사회인'),
('@iamselfcustody', '1864336372942966859', NULL, 'retweet', 'Stay up to date with the latest crypto news and market analysis on Bitcoin, Altcoins, Memecoins, DeFi, AI, RWA, DePIN, Modular, GameFi, NFTs, Runes, & Ordinals.'),
('@IbrahimHar31380', '1864732847723966880', NULL, 'retweet', ''),
('@IKMcrypt', '1862927607890686447', NULL, 'retweet', 'UHMB2LRB'),
('@iluvsex0928', '1864250290746065067', NULL, 'retweet', ''),
('@inome55', '1774013706239627434', NULL, 'retweet', ''),
('@inua97', '1859294040874782888', NULL, 'retweet', ''),
('@iraraliayasfri', '1863850358168310117', NULL, 'retweet', 'iraraliayasfri55'),
('@ish997', '1859294040874782888', NULL, 'retweet', ''),
('@Itz_Mitali_17', '1660625010774650881', NULL, 'retweet', '\"Dream big, sparkle more \"'),
('@Itz_Remina', '1803020604846530651', NULL, 'retweet', 'I don’t look back unless it’s a good view.'),
('@Itz_Ruby16', '1803020604846530651', NULL, 'retweet', 'Living my best life, surrounded by luxury'),
('@IVAN19089827', '1864732847723966880', NULL, 'retweet', ''),
('@JAMESLKNOWLES2', '1865411029892767754', NULL, 'retweet', ''),
('@James_henry90', '1660625010774650881', NULL, 'retweet', 'Believe'),
('@james_six8jay', '1865392444696637820', NULL, 'retweet', 'XRP / XLM / XDC / #Crypto Enthusiasts since 2017, Ex-Basketball Player , Entrepreneur & Public Speaker! Join our Telegram:  #XRPL'),
('@jarunyou', '1864878543269957927', NULL, 'retweet', ''),
('@jeronimoArroyoo', '1865329234442354772', NULL, 'retweet', ''),
('@JHernandez74785', '1863850358168310117', NULL, 'retweet', '1. Web3 爱好者 | 加密货币信仰者 | 探索去中心化的未来 | 让我们一起构建新的互联网！'),
('@JLuckywinL5', '1863493356690538794', NULL, 'retweet', '#NFT  #CRYPTO  #Business  #JLWINS Hunter Joiner Acc and Crypto/NFT Enthusiast. NOT A MULTI, I USE 2 GADGETS PC & CP, I DO FBACK | #GALIST'),
('@jngeonz', '1863493356690538794', NULL, 'quote', 'TOP #crypto performers of November 2024 on CoinW Crypto Exchange : \n#SWELL #PNUT #ACT #FRED #BAN #MORPHO #CHILLGUY #ZRC #ZEREBRO #CLANKER'),
('@John19xxxxx', '1660625010774650881', NULL, 'retweet', '7YJWPQKG'),
('@Johnny15344276', '1865392444696637820', NULL, 'retweet', 'I’m an active person. I’m focused on the professional process. I hope you think some of my content is interesting. If you’re friendly, you can Dm me.'),
('@JohnPromot12387', '1859294040874782888', NULL, 'retweet', ''),
('@John_Volchek', '1864336372942966859', NULL, 'retweet', 'Product Owner at MPOST Senior Researcher at Cointelegraph Independent Consultant at WORLDQANT'),
('@JonathanMoore_', '1862927607890686447', NULL, 'retweet', 'Combat Veteran...Family Man...Golf Enthusiast...CRYPTO Investor #alts'),
('@jtchompher', '1774013706239627434', NULL, 'retweet', 'Crypto Trader | #WEB3  #L2  #BTC  #XRP  #SHIB | Challenges are the way to outgrow your current position'),
('@jtchompher', '1803020604846530651', NULL, 'retweet', 'Crypto Trader | #WEB3  #L2  #BTC  #XRP  #SHIB | Challenges are the way to outgrow your current position'),
('@jude_udeh39657', '1864732847723966880', NULL, 'retweet', 'CQP9W4SX'),
('@JulianPardooNav', '1865329234442354772', NULL, 'retweet', ''),
('@jurreb86', '1862927607890686447', NULL, 'retweet', ''),
('@KalidAbdulhami2', '1864732847723966880', NULL, 'retweet', 'All in One'),
('@KazemSafari6', '1864878543269957927', NULL, 'retweet', ''),
('@Kazihurricane', '1864250290746065067', NULL, 'retweet', '$GIGA'),
('@KcRava3416', '1865414132599783428', NULL, 'retweet', ''),
('@Kday_nft', '1864250290746065067', NULL, 'retweet', 'Bitcoin HODLer | Crypto enthusiast | Web3 & DeFi believer | NFT collector'),
('@kdiih14', '1863493356690538794', NULL, 'retweet', 'big win?'),
('@kgeelabs', '1862927607890686447', NULL, 'retweet', 'CMU2D2SW'),
('@Killbil50996700', '1865392444696637820', NULL, 'retweet', ''),
('@KingsleyIkpech1', '1816192271114748224', NULL, 'retweet', ''),
('@kleaweb3', '1859294040874782888', NULL, 'retweet', ''),
('@Konni1999', '1864336372942966859', NULL, 'retweet', 'Putin\'s dog. CA : 6BSY9jjeJpYstZfHMKywC3BzhvbxaBtrisuzBnVppump'),
('@KoolAfterdark', '1865376293103058954', NULL, 'retweet', 'Official Afterdark Magazine For mature audiences #artist  #models  #comminity  Banner: FM:'),
('@lafuna2969', '1864250290746065067', NULL, 'retweet', ''),
('@lalowvie', '1863493356690538794', NULL, 'retweet', 'die or not, is the same using 2 device and'),
('@lckynava', '1863493356690538794', NULL, 'retweet', 'Taking chances || ♡ Hunter Manifesting good things'),
('@LeiferVera', '1864732847723966880', NULL, 'retweet', 'Dios es fiel DEVE'),
('@littleshoes08', '1865414132599783428', NULL, 'retweet', 'Fibromyalgia/Arthritis Warrior: Passions: Music | Packers & Ucla Bruins | Art | Anime | billiards | CA $littleshoes08'),
('@LizazFactor', '1774013706239627434', NULL, 'retweet', 'Based on VC / VC firm with ~$500M AUM, Executive Assistant / Work with founders projects'),
('@LizazFactor', '1803020604846530651', NULL, 'retweet', 'Based on VC / VC firm with ~$500M AUM, Executive Assistant / Work with founders projects'),
('@LizazFactor', '1859294040874782888', NULL, 'retweet', 'Based on VC / VC firm with ~$500M AUM, Executive Assistant / Work with founders projects'),
('@loaoo0', '1864250290746065067', NULL, 'retweet', ''),
('@lofipoddle', '1816192271114748224', NULL, 'retweet', 'Trying to make my mama proud'),
('@logans_eth', '1660625010774650881', NULL, 'retweet', ''),
('@lollyBoy1232883', '1865414132599783428', NULL, 'retweet', ''),
('@M4chi111', '1803020604846530651', NULL, 'retweet', ''),
('@maarten13877', '1864250290746065067', NULL, 'retweet', 'Altijd bezig!'),
('@MakulaaaT', '1865392444696637820', NULL, 'retweet', 'Capitalist'),
('@malikshahi55443', '1660625010774650881', NULL, 'retweet', ''),
('@MarekSchenk1', '1864878543269957927', NULL, 'retweet', ''),
('@MarioSpaansen', '1864878543269957927', NULL, 'retweet', ''),
('@markjohn2025', '1859294040874782888', NULL, 'retweet', 'United States Naval Aircrewman'),
('@markjohn2025', '1863493356690538794', NULL, 'retweet', 'United States Naval Aircrewman'),
('@markjohn2025', '1864732847723966880', NULL, 'retweet', 'United States Naval Aircrewman'),
('@markjohn2025', '1865329234442354772', NULL, 'retweet', 'United States Naval Aircrewman'),
('@martijnde_boer', '1865392444696637820', NULL, 'retweet', 'Polygon/L2 DeFi Ecosystem enthousiast // Matic Militia Fun at'),
('@MaryMartin38616', '1864250290746065067', NULL, 'retweet', 'xrp to the world'),
('@mashukchowdhu10', '1862927607890686447', NULL, 'retweet', ''),
('@MatrixCrypto888', '1859294040874782888', NULL, 'retweet', 'Daily Crypto Memes! #Crypto  #Matrix I am holding... 1. Morpheus Pill Coin 2. XRP 3. Bitcoin 4. Dogecoin'),
('@Matt4806', '1816192271114748224', NULL, 'retweet', 'sagittarius'),
('@Matt_TheGreater', '1864250290746065067', NULL, 'retweet', 'Orthodox Christian l Ghostwriter l Pro-Family l Architecture l'),
('@Maxxusz', '1864250290746065067', NULL, 'retweet', ''),
('@MBremond', '1864250290746065067', NULL, 'retweet', 'social media strategist , dad, husband, hunter, crypto newbie'),
('@me1hng', '1803020604846530651', NULL, 'retweet', '#web3revolution | Love art and traveling | Investing in the future of internet'),
('@medzaremartian', '1864250290746065067', NULL, 'retweet', 'easy goin busy'),
('@Mehammedzinab', '1864732847723966880', NULL, 'retweet', ''),
('@MelunBegg', '1660625010774650881', NULL, 'retweet', 'A owner of 3 clothing stores | Half-assed Crypto investor'),
('@menaangya', '1863493356690538794', NULL, 'retweet', 'BUKAN AKUN BOT X Paket data atau wifi'),
('@MHAgibert', '1859294040874782888', NULL, 'retweet', 'Christ servant. Husband and father of 2. Software developer. Racing fan.'),
('@MHMwdharb', '1863493356690538794', NULL, 'retweet', ''),
('@midpackergeek', '1864250290746065067', NULL, 'retweet', ''),
('@miladsnt', '1816192271114748224', NULL, 'retweet', 'مهندس شهرساز، طرفدار منچستریونایتد'),
('@MindsetDre777', '1660625010774650881', NULL, 'retweet', ''),
('@misic019', '1816192271114748224', NULL, 'retweet', ''),
('@MixxsyLabs', '1864250290746065067', NULL, 'retweet', 'Software and Media Startup. Making your (soon to be) Favorite Web Apps.'),
('@MktHammer', '1865392444696637820', NULL, 'retweet', 'Crypto explorer | Blockchain believer | #CryptoTalk  #Blockchain  #Bitcoin I\'m not a financial advisor, & nothing I share should be considered financial advice.'),
('@mnooooooosh77', '1865411029892767754', NULL, 'retweet', '100x Altcoin Gem hunter No financial advice | DYOR  $ETH  $BTC  #MEME  #AI'),
('@Moha75rap', '1862927607890686447', NULL, 'retweet', 'I sting like a bee and I fly like a butterfly'),
('@Monge_Bebado2', '1862927607890686447', NULL, 'retweet', ''),
('@moniques_eth', '1660625010774650881', NULL, 'retweet', ''),
('@montirachan', '1863850358168310117', NULL, 'retweet', ''),
('@moyk58149634', '1816192271114748224', NULL, 'retweet', '田舎の普通なサラリーマン仮想通貨、新NISA、日本株'),
('@mrdex0001', '1816192271114748224', NULL, 'retweet', 'I\'am Dex. im a junior trader and investor on cryptocurrency. |'),
('@MRizwanRiz49890', '1864732847723966880', NULL, 'retweet', ''),
('@mrlurchman', '1865392444696637820', NULL, 'retweet', 'Digital Strategist & Sushi Lover I Digitalization | Tech | Crypto | #BTC - #CRO - #EGLD - #MultiversX - #VRA | Red Dot Design Award & iF Design Award Winner'),
('@mukhadinda', '1774013706239627434', NULL, 'retweet', ''),
('@MurlocValinsky', '1865392444696637820', NULL, 'retweet', '₿itcoin Worldwide'),
('@Murphy_Ell4', '1660625010774650881', NULL, 'retweet', 'Horse lover and crypto enthusiast. When I\'m not on horseback, I\'m exploring the fascinating world of digital currency.'),
('@musfiqurraiyan', '1816192271114748224', NULL, 'retweet', 'Revolutionary, Optimistic, Pious'),
('@MWithoutqueen', '1660625010774650881', NULL, 'retweet', 'King always raise'),
('@n12743', '1865392444696637820', NULL, 'retweet', ''),
('@nachoCastrooGue', '1865329234442354772', NULL, 'retweet', 'Deportista Me encanta viajar'),
('@NapoLoNx', '1816192271114748224', NULL, 'retweet', 'Trading learner, Manager of FragServ'),
('@ned39654', '1803020604846530651', NULL, 'retweet', 'Join our PRIVATE channel ,calls with x100 returns (LIMITED TILL CHRISTMAS  0.5 SOL  JOINING FEE) DM'),
('@neironsw', '1863850358168310117', NULL, 'retweet', 'Web3 enthusiast | NFT collector | Passionate about technology and creative ideas | Dreaming big'),
('@Nez_Dking', '1864732847723966880', NULL, 'retweet', 'Results-Oriented Software Developer | Cybersecurity & Machine Learning Enthusiast | Crypto Opportunist'),
('@nguyentinh192', '1864250290746065067', NULL, 'retweet', ''),
('@niakandela', '1864250290746065067', NULL, 'retweet', ''),
('@nicowlassisi', '1660625010774650881', NULL, 'retweet', 'Back to work now'),
('@nightshadezoee', '1863493356690538794', NULL, 'retweet', '$1000 win'),
('@nikiwe47', '1859294040874782888', NULL, 'retweet', 'Chelsea ×Lakers ×Kiazer Chiefs South Ahh Free Free I love tattoos Long Live SUPAMEGA Live Long'),
('@Nilufer_Akinci9', '1865329234442354772', NULL, 'retweet', ''),
('@NizarAhmedMin', '1864732847723966880', NULL, 'retweet', ''),
('@NoaRivasOrtega_', '1865329234442354772', NULL, 'retweet', 'Soy  .cocinera.viajera Be wild and free DesAprendiendo y desprendiendo Honestidad por bandera Murcia'),
('@NUMBER028328184', '1864732847723966880', NULL, 'retweet', ''),
('@NurN80174', '1863850358168310117', NULL, 'retweet', ''),
('@NycoleGeyse', '1774013706239627434', NULL, 'retweet', 'Valorant Player · Wakiber · Business Inquiries ask on Dm\'s · as private account ·'),
('@NycoleGeyse', '1803020604846530651', NULL, 'retweet', 'Valorant Player · Wakiber · Business Inquiries ask on Dm\'s · as private account ·'),
('@odonilwin', '1863850358168310117', NULL, 'retweet', '“The best investments often start with patience and end with diamond hands.  #HODL  #CryptoInvestor  “Diversification is the key to a balanced portfolio'),
('@officialJryRise', '1864336372942966859', NULL, 'retweet', 'Poet | Thespian | Rapper I AM not just a POET, I AM the POEM IG Tik-Tok Snap@jerryrisephotos XZDC6RRT'),
('@ogesweetie', '1864732847723966880', NULL, 'retweet', 'Roses are Red Violets are Purple Abacha with Fish is out of this World'),
('@OkworTochukwu', '1816192271114748224', NULL, 'retweet', 'fun fun fun'),
('@OmarBoogle', '1774013706239627434', NULL, 'retweet', ''),
('@OmarBoogle', '1803020604846530651', NULL, 'retweet', ''),
('@OmarBoogle', '1864732847723966880', NULL, 'retweet', ''),
('@OnlyforTruth0', '1864250290746065067', NULL, 'retweet', 'Eyes Open America'),
('@Ordinals2288', '1864878543269957927', NULL, 'retweet', ''),
('@Oxnov24', '1863493356690538794', NULL, 'retweet', 'para host Yth akun ke suspen. ganti . menggunakan data&wifi'),
('@Ozan99099', '1660625010774650881', NULL, 'retweet', 'Crypto Enthusiast || Ambassador || Trader || Angel'),
('@ozcankriz23', '1865392444696637820', NULL, 'retweet', 'Kripto ve futbol kırmızı çizgimizdir'),
('@ozhan_yongaci', '1865392444696637820', NULL, 'retweet', ''),
('@pajaceneke94', '1865414132599783428', NULL, 'retweet', ''),
('@papostat', '1865392444696637820', NULL, 'retweet', ''),
('@path_fin_der_1', '1865411029892767754', NULL, 'retweet', 'Foodie | Traveler | Culinary explorer'),
('@pbeur', '1864250290746065067', NULL, 'retweet', 'What is true Happiness ?'),
('@pcy3olucky', '1863493356690538794', NULL, 'retweet', 'EXO-L New account! My account got suspended. Please contact me here'),
('@Pemburucrypto94', '1865414132599783428', NULL, 'retweet', ''),
('@PentagonSafety', '1862927607890686447', NULL, 'retweet', 'Marine Corps veteran turned business owner and investor, making waves in the world of entrepreneurship. $KAS  $BTC  $ETH 𐤊'),
('@PepeGainz100x', '1660625010774650881', NULL, 'retweet', '$PEPE | $PEPO | $DOGE | $SHIB | $FOLKI'),
('@pepetoairdrop', '1862927607890686447', NULL, 'retweet', 'Mmm, the most memeable memecoin in existence.'),
('@pepewillblowup', '1862927607890686447', NULL, 'retweet', 'God Is Good / IF XRP OR PEPE PUMP TOO MARS I WILL SELL only 5% and ill become the first Iron Man upto Elon Musk.'),
('@PernandoDio', '1863850358168310117', NULL, 'retweet', 'urang awak'),
('@pesonadino', '1863493356690538794', NULL, 'retweet', 'helow whats up? got sus (using wifi and data)'),
('@phntm_0x', '1859294040874782888', NULL, 'retweet', '不要害怕冒险 DeFi Analyst | Advocate of web3 | Researcher ex | $BTC  $ETH  $SOL'),
('@pickcanava', '1863493356690538794', NULL, 'retweet', 'hunter acc, use wifi and data, freetag! ꔛ𖤐˒˒'),
('@pickekanava', '1863493356690538794', NULL, 'retweet', 'Don\'t rerrol me Akun gw yang ke  @/pickachunava @/kaenaVawin @/kaetobigwin @/ekaCiakwinwin @/ekatobigwin @/ekaCiakwin89 @/ekaCiak89'),
('@pickerterus', '1863493356690538794', NULL, 'retweet', 'Akun ke suspend Akun baru semoga membawa berkah dan jangan kesuspend terus'),
('@picknavame38', '1863493356690538794', NULL, 'retweet', 'Never give up| $SOL  $TON  $BTC'),
('@picksoleil_', '1863493356690538794', NULL, 'retweet', '{ , , ,  } got  #proofssol  $PSYOP  #psyopcat'),
('@pllwinner26', '1863493356690538794', NULL, 'retweet', 'Pharmacy student i\'m not multi , my twitter account was suspended (@/pllwinner98) I use data & wifi'),
('@ploychikurii', '1816192271114748224', NULL, 'retweet', 'บ่น #รีวิวคสอ  #ส่องคริปโต'),
('@plusser4ever', '1660625010774650881', NULL, 'retweet', 'SHITPOSTER et sold my metaverse mansion to pay for margin calls on femboy futures | chief z/accelerator'),
('@PRecehan1990', '1863493356690538794', NULL, 'retweet', ''),
('@PreciousEt9027', '1864732847723966880', NULL, 'retweet', ''),
('@Prodiweb3', '1660625010774650881', NULL, 'retweet', ''),
('@Prodiweb3', '1774013706239627434', NULL, 'retweet', ''),
('@Prodiweb3', '1803020604846530651', NULL, 'retweet', ''),
('@Prodiweb3', '1859294040874782888', NULL, 'retweet', ''),
('@Prodiweb3', '1862927607890686447', NULL, 'retweet', ''),
('@Prodiweb3', '1864878543269957927', NULL, 'retweet', ''),
('@profitoclubx', '1816192271114748224', NULL, 'retweet', 'Hub de Comunidade e Inteligência Crypto e Blockchain Desde 2017'),
('@ProkPetr', '1862927607890686447', NULL, 'retweet', 'Just do it'),
('@Pundit_nation', '1816192271114748224', NULL, 'retweet', ''),
('@r3Retron', '1865376293103058954', NULL, 'retweet', 'Retro Rebel Rocker Metalhead and Hardcore Gamer Lover Of Beautiful Women Check Out My Youtube Channel For Best Music'),
('@rajaac06', '1864732847723966880', NULL, 'retweet', 'Integrity and honesty'),
('@rakundjohny', '1864250290746065067', NULL, 'retweet', ''),
('@ras19972985', '1862927607890686447', NULL, 'retweet', ''),
('@rayaweb3', '1660625010774650881', NULL, 'retweet', 'Web3 woman | Memecoin Alpha | NFA & DYOR'),
('@rayaweb3', '1774013706239627434', NULL, 'retweet', 'Web3 woman | Memecoin Alpha | NFA & DYOR'),
('@rayaweb3', '1803020604846530651', NULL, 'retweet', 'Web3 woman | Memecoin Alpha | NFA & DYOR'),
('@rayaweb3', '1862927607890686447', NULL, 'retweet', 'Web3 woman | Memecoin Alpha | NFA & DYOR'),
('@rayaweb3', '1863850358168310117', NULL, 'retweet', 'Web3 woman | Memecoin Alpha | NFA & DYOR'),
('@Realguybon', '1864250290746065067', NULL, 'retweet', 'HIGHLY FAVOURED THE REAL GUY PHILANTHROPIST'),
('@RealJasonCTO', '1865414132599783428', NULL, 'retweet', 'Sales & Marketing $EAC | WebbWiz Solutions, LLC | Distinguished Toastmaster | Network Engineer | U.S. Air Force | Elite Wound Solutions | #Gotti  #HoodieGang'),
('@RekCuy', '1865414132599783428', NULL, 'retweet', ''),
('@RosaVidall_Vazq', '1865329234442354772', NULL, 'retweet', ''),
('@rossirafael', '1865392444696637820', NULL, 'retweet', 'AgitacionTropical. Curious about new stuff. Good Vibes.'),
('@rweddiss', '1865414132599783428', NULL, 'retweet', ''),
('@Sabahat1260713', '1864878543269957927', NULL, 'retweet', 'Crypto'),
('@saeedreza1350', '1864732847723966880', NULL, 'retweet', ''),
('@sammiewayne', '1865392444696637820', NULL, 'retweet', ''),
('@samocxt', '1863493356690538794', NULL, 'retweet', 'use 3 device (2 Android + 1 pc).'),
('@Sarah_00751', '1660625010774650881', NULL, 'retweet', 'Passionate about Crypto'),
('@Satoshi0xBit', '1865392444696637820', NULL, 'quote', '2013: $BTC topped 367 days post-halving 2017: 526 days 2021: 548 days  If the trend holds, next peak could hit in Oct 2025.  YOU MEAN... A whole year of nothing but ups and downs to get UP to the #BITCOIN MOON... CAN YOU HODL THRU?'),
('@SboomFi', '1660625010774650881', NULL, 'retweet', 'Ride the new wave of DeFi with Built on (prev. Fantom) TG:'),
('@SboomFi', '1774013706239627434', NULL, 'retweet', 'Ride the new wave of DeFi with Built on (prev. Fantom) TG:'),
('@SboomFi', '1859294040874782888', NULL, 'retweet', 'Ride the new wave of DeFi with Built on (prev. Fantom) TG:'),
('@SboomFi', '1862927607890686447', NULL, 'retweet', 'Ride the new wave of DeFi with Built on (prev. Fantom) TG:'),
('@sefertekin34', '1816192271114748224', NULL, 'retweet', 'Söz etmem kimselere'),
('@sefertekin34', '1859294040874782888', NULL, 'retweet', 'Söz etmem kimselere'),
('@sefertekin34', '1863493356690538794', NULL, 'retweet', 'Söz etmem kimselere'),
('@sefertekin34', '1864878543269957927', NULL, 'retweet', 'Söz etmem kimselere'),
('@sefertekin34', '1865329234442354772', NULL, 'retweet', 'Söz etmem kimselere'),
('@SeleverTGN', '1803020604846530651', NULL, 'retweet', 'Crypto | NFTs Crypto Invest'),
('@sendok70', '1865414132599783428', NULL, 'retweet', ''),
('@SGomment', '1864250290746065067', NULL, 'retweet', 'Love basketball , plays football , NIGERIAN , Ronaldo love, CEO OF TORA FX , FUPRE STUDENT & A really good listener'),
('@Shabbir90079', '1660625010774650881', NULL, 'retweet', ''),
('@shashi_prasad05', '1862927607890686447', NULL, 'retweet', 'BRING DRASTIC CHANGE IN SOCIETY BY INNOVATIVE IDEAS & THINKING, ALSO BY CHANGING IN INDIAN POLITICAL SYSTEM & IMPROVEMENT IN WORKING STYLE OF EXECUTIVE.'),
('@ShelbyyDrive', '1816192271114748224', NULL, 'retweet', 'tell the wolves I’m home'),
('@ShrungaaraKavya', '1803020604846530651', NULL, 'retweet', 'ಅಶ್ಲೀಲತೆಯನ್ನು ಇಲ್ಲದ ಶುದ್ಧ ಕನ್ನಡ ಶೃಂಗಾರ ಕಾವ್ಯಗಳು ನಿಮಗಾಗಿ'),
('@sinthiya5290', '1863850358168310117', NULL, 'retweet', ''),
('@solXInvests', '1660625010774650881', NULL, 'retweet', 'Out here pushing buttons for a living!'),
('@spaceman6456', '1816192271114748224', NULL, 'retweet', ''),
('@spiritofdetcoin', '1816192271114748224', NULL, 'retweet', ''),
('@SQaDDDD', '1862927607890686447', NULL, 'retweet', 'Affiliate marketer I Sales and promotions I Business'),
('@stevenjho_', '1865414132599783428', NULL, 'retweet', 'Crypto'),
('@Sugiant2809', '1863493356690538794', NULL, 'retweet', 'Akun dan ke suspend permanen mohon untuk tidak di rerol. New device because new phone'),
('@SunusiSunusiSu4', '1864732847723966880', NULL, 'retweet', 'Optimistic and Activist 3JZYQ6SG'),
('@supercool2727', '1816192271114748224', NULL, 'retweet', 'Btc,ETH,Sol'),
('@SurenderMarkap1', '1660625010774650881', NULL, 'retweet', 'call me _süñÑÿ_'),
('@Sweetcandy_1004', '1865392444696637820', NULL, 'retweet', 'If happiness is shared, it will have a good influence and everyone can live happily'),
('@TahuCeban', '1863493356690538794', NULL, 'retweet', 'Tidak akan menyerah sampai berhasil ( Akunku Suspend┊  )'),
('@tartoooor', '1863493356690538794', NULL, 'retweet', 'My account is suspended and my account is its replacement'),
('@tecailaa', '1863493356690538794', NULL, 'retweet', 'cocaine for jen'),
('@terciumbigwinih', '1863493356690538794', NULL, 'retweet', 'usaha dulu'),
('@Thallia_poontes', '1865411029892767754', NULL, 'retweet', ''),
('@theerealTdiddy', '1865392444696637820', NULL, 'retweet', 'btc + eth + sol'),
('@thekinksync', '1864250290746065067', NULL, 'retweet', ''),
('@ThelmaM76690', '1816192271114748224', NULL, 'retweet', 'We\'re operating at an 92% success history with an average profit of 22% in a day. Get today join winning alerts.'),
('@thugman_life', '1864732847723966880', NULL, 'retweet', 'Are you expecting a long story......'),
('@tlb0817', '1865392444696637820', NULL, 'retweet', ''),
('@trading179', '1865392444696637820', NULL, 'quote', '#Bitcoin'),
('@TranTuanem39760', '1864732847723966880', NULL, 'retweet', ''),
('@Trapstar999', '1862927607890686447', NULL, 'retweet', 'i fw #SOL and I fw Memecoins'),
('@Travis_head6', '1863850358168310117', NULL, 'retweet', 'Never Give up / A Blockchain Advisor / Works in Defi Protocol #BTC  #sui  #bsc  #base  #sol  #Eth  #GEMS  #Hunter'),
('@tscholar3', '1864732847723966880', NULL, 'retweet', 'i love information seeking about adding more knowledge to myself. i love tech,its interesting to dwell in all days of my life. i love crypto-space.'),
('@TTorun71', '1774013706239627434', NULL, 'retweet', 'Bir Tufan geliyor'),
('@TTorun71', '1803020604846530651', NULL, 'retweet', 'Bir Tufan geliyor'),
('@TTorun71', '1859294040874782888', NULL, 'retweet', 'Bir Tufan geliyor'),
('@TTurkanErtugrul', '1865329234442354772', NULL, 'retweet', '777'),
('@Tulay_Han58', '1865329234442354772', NULL, 'retweet', 'Ravza mina 25.02.2020 Azra hüma 01.10.2022'),
('@Turiz24', '1865392444696637820', NULL, 'retweet', ''),
('@Turkan_Canli62', '1865329234442354772', NULL, 'retweet', '𝓐𝓝𝓚𝓐𝓡𝓐 / 𝓚𝓘𝓑𝓡𝓘𝓢 Coldwell Banker Deluxe  Cyprus deluxe invest'),
('@umarmeo1011', '1864732847723966880', NULL, 'retweet', ''),
('@Umit_Dinc51', '1865329234442354772', NULL, 'retweet', 'linajans NHS MEDYA nigdehaberleri nigdeyi_kesfet'),
('@UrielVBlackwood', '1816192271114748224', NULL, 'retweet', 'Ţh͐͘e̲ S̛̮̾m̞̂ó͕k̴̾́eͮrͧ͌”'),
('@user2607573', '1864250290746065067', NULL, 'retweet', ''),
('@u_ss', '1660625010774650881', NULL, 'retweet', 'Cryptocurrency enthusiast | Exploring blockchain technology and decentralized finance | Investor | Solidity developer | Passionate about researc'),
('@vessa89', '1774013706239627434', NULL, 'retweet', 'Support Trump, Love America , Fashionista , Book lover, Dog lover,, Traveler, Dream chaser, Living my best life'),
('@vinnwinx', '1863850358168310117', NULL, 'retweet', 'akun lama DITANGGUHKAN'),
('@vintex407', '1864336372942966859', NULL, 'retweet', ''),
('@VynceBat', '1865414132599783428', NULL, 'retweet', ''),
('@web3haddock', '1816192271114748224', NULL, 'retweet', '#ICPMaxi  #8YearGang / - #InternetComputer  $ICP / #MotokoGhosts  #MotokoSentinels'),
('@winnancyy', '1863493356690538794', NULL, 'retweet', '아포방포 // turn off reposts // freetag'),
('@winphczn', '1863493356690538794', NULL, 'retweet', 'chasing luck'),
('@winsizio', '1863493356690538794', NULL, 'retweet', 'Kuy'),
('@WklyMarkets', '1859294040874782888', NULL, 'retweet', 'Stock market statistics and tendencies. Information and education. #FreeSpeech advocate. #Bitcoin is a must-own asset.'),
('@WoodyB42756', '1859294040874782888', NULL, 'retweet', ''),
('@ws17066', '1862927607890686447', NULL, 'retweet', ''),
('@xaeby_', '1863493356690538794', NULL, 'retweet', 'my account/s got \'s\'   / don\'t reroll me #ayuminati  #QueenFam  #crypoq  #C1NK  #FunsizedW1N'),
('@XTCOM11362', '1863850358168310117', NULL, 'retweet', 'official partner docking, high commission ratio, welcome to consult and cooperate. Safe, stable and reliable TG: ; CMC top 8。'),
('@XT_Futures', '1863850358168310117', NULL, 'retweet', 'The Crypto Derivatives Platform powered by  Follow us for the most updated Futures Analysis and Campaign.Telegram:'),
('@yamaobi', '1865414132599783428', NULL, 'retweet', '$KAS  #KRC20 Life is full of peace.'),
('@yangxge', '1863493356690538794', NULL, 'retweet', ''),
('@Yavuz_Eraslan76', '1865329234442354772', NULL, 'retweet', 'Londra’da Türk bir anne. İki çocuklu bir hayat için tavsiyeler.'),
('@YEmree77', '1774013706239627434', NULL, 'retweet', 'Y.E'),
('@YEmree77', '1803020604846530651', NULL, 'retweet', 'Y.E'),
('@YEmree77', '1859294040874782888', NULL, 'retweet', 'Y.E'),
('@yojonbal', '1863493356690538794', NULL, 'retweet', 'be happy!! my prev acc got lock and i cant open it. thanks:)'),
('@yram4848', '1864250290746065067', NULL, 'retweet', ''),
('@ysh1yo2848', '1865392444696637820', NULL, 'quote', '#Bitcoin We are still in Parabolic phase or already in Distribution.'),
('@Zangetstu_', '1803020604846530651', NULL, 'retweet', 'Gotze Huncho'),
('@Zangetstu_', '1859294040874782888', NULL, 'retweet', 'Gotze Huncho'),
('@ZeBo79', '1864878543269957927', NULL, 'retweet', 'Anonym'),
('@zhyno001', '1816192271114748224', NULL, 'retweet', ''),
('@zin68401', '1864732847723966880', NULL, 'retweet', ''),
('@__m_c_g_', '1863850358168310117', NULL, 'retweet', ''),
('@__odun', '1864732847723966880', NULL, 'retweet', ''),
('@___samip__', '1859294040874782888', NULL, 'retweet', 'Praise the LORD');

-- --------------------------------------------------------

--
-- Cấu trúc bảng cho bảng `tweets`
--

CREATE TABLE `tweets` (
  `tweet_id` varchar(255) NOT NULL,
  `created_at` timestamp NOT NULL DEFAULT current_timestamp() ON UPDATE current_timestamp(),
  `content` varchar(255) DEFAULT NULL,
  `media` text DEFAULT NULL,
  `comment_cnt` int(11) DEFAULT 0,
  `repost_cnt` int(11) DEFAULT 0,
  `like_cnt` int(11) DEFAULT 0,
  `view_cnt` int(11) DEFAULT 0,
  `saved_at` timestamp NOT NULL DEFAULT current_timestamp(),
  `updated_at` timestamp NOT NULL DEFAULT current_timestamp() ON UPDATE current_timestamp()
) ENGINE=InnoDB DEFAULT CHARSET=utf8mb4 COLLATE=utf8mb4_general_ci;

--
-- Đang đổ dữ liệu cho bảng `tweets`
--

INSERT INTO `tweets` (`tweet_id`, `created_at`, `content`, `media`, `comment_cnt`, `repost_cnt`, `like_cnt`, `view_cnt`, `saved_at`, `updated_at`) VALUES
('1439137303688105984', '2021-09-18 01:00:45', '#CardanoSummit2021 - The world comes together on #Cardano!\n\nOne week from now, IOHK & @Cardano teams & the global community will gather for the biggest #blockchain event ever.\n\nJoin us for a mix of virtual and live events from around the worldhttps://', NULL, 282, 1800, 5200, NULL, '2024-12-07 07:00:25', '2024-12-07 07:00:25'),
('1660625010774650881', '2023-05-22 05:33:50', 'Will $PEPE be the next $DOGE? In this video, we\'ll delve deeper into the origins of this cartoon frog and why @pepecoineth is taking over the #crypto world by storm!\n\nWatch the full video: http://', NULL, 761, 1000, 2000, 405100, '2024-12-07 17:12:56', '2024-12-07 17:12:56'),
('1774013706239627434', '2024-03-30 03:00:01', 'One #crypto that will show a God Candle next quarter', 'https://pbs.twimg.com/media/GJ6QEGrXwAA9Ri1?format=jpg&name=900x900', 4600, 1000, 3600, 456900, '2024-12-07 11:26:23', '2024-12-07 11:26:23'),
('1803020604846530651', '2024-06-18 04:03:05', '“You’ve been in #crypto for 4 years, you must be so rich”', NULL, 1100, 2400, 14000, 1600000, '2024-12-07 11:02:32', '2024-12-07 11:02:32'),
('1816192271114748224', '2024-07-24 12:22:35', 'My 2025 BULL RUN PEAK PRICE TARGETS!  #crypto$BTC - 120,000$ETH - $8,800$SOL - $720$LINK - $120$BNB - $1800$ICP - $460$TAO - $2,100$ADA - $9$INJ - $220$RNDR - $80$DOT - $99$ONDO - $12$XRP - $5$DOGE - $1.90$TON - $35$AVAX - $350$TRX - $2$NEAR - $130$PROPY ', NULL, 2400, 1900, 10000, 2300000, '2024-12-07 16:16:00', '2024-12-07 16:16:00'),
('1820457292971557066', '2024-08-05 06:50:15', ' Whether you\'re new or a pro, everyone needs the basics. What is #blockchain? Answer in the comments! Big applause if you know it! If not, no worries – we\'ve got you covered.\n\nCheck out our beginner-friendly video below ', NULL, 23000, 115000, 188000, 1200000, '2024-12-07 07:48:21', '2024-12-07 07:48:21'),
('1859294040874782888', '2024-11-20 10:53:38', 'Anyone else? #crypto', 'https://pbs.twimg.com/media/Gc2KBtmXoAATDiR?format=png&name=small', 572, 1700, 13000, 871500, '2024-12-07 16:04:50', '2024-12-07 16:04:50'),
('1862031968202018921', '2024-11-28 00:13:10', '#VanEck CEO predicts #Bitcoin could hit $150,000-$180,000 this cycle and reach $400,000 in the next.#CoinPedia #CryptoNews #Blockchain #BitcoinPrice', NULL, 29, 17, 66, 13600, '2024-12-07 07:54:59', '2024-12-07 07:54:59'),
('1862281079853400124', '2024-11-28 16:43:03', '#Bitcoin is like the Internet in 1999—same number of users, same world-changing potential.  \n\nFeels like we’re in the early days of something HUGE. #Crypto #web3 #Blockchain', 'https://pbs.twimg.com/media/GdgmxQYWsAAw3la?format=jpg&name=900x900', 15, 26, 19, 6292, '2024-12-07 08:01:00', '2024-12-07 08:01:00'),
('1862927607890686447', '2024-11-30 11:32:07', ' PepeMeme Airdrop is LIVE!  Like, RT & join the airdrop now! http:// Don\'t miss out on FREE #PepeMeme tokens!#Airdrop #Crypto #PepeMeme #FreeTokens #Blockchain #CryptoCommunity', NULL, 48, 56, 111, 17200, '2024-12-07 07:37:03', '2024-12-07 10:37:28'),
('1862947845424205857', '2024-11-30 12:52:32', '#VRA Fellas right now  haha, Bye fudders .@verasitytech#VRA #crypto #blockchain', NULL, 8, 14, 115, 2823, '2024-12-07 07:59:19', '2024-12-07 07:59:19'),
('1863254825145913787', '2024-12-01 09:12:22', 'Imagine the possibilities of interoperability, tokenization, and streaming.\n\nDEPIN this!#theta #blockchain #cryptocurrency', 'https://pbs.twimg.com/media/GducY9MWgAEyi2h?format=jpg&name=900x900', 2, 19, 90, 1561, '2024-12-07 08:02:57', '2024-12-07 08:02:57'),
('1863314261218374068', '2024-12-01 13:08:33', 'Unity in action!  Pioneers in the Philippines gathered to reinforce their unwavering support for the $314,159 GCV milestone of Pi Network. A shining example of belief in the network\'s future and shared prosperity!  #PiNetwork #Philippines #GCV #web3 #Bloc', NULL, 10, 45, 326, 5414, '2024-12-07 07:42:05', '2024-12-07 07:42:05'),
('1863493356690538794', '2024-12-02 01:00:12', 'Unveiling the top #crypto performers of November 2024! Dive into the market\'s most impressive gains and see which assets stood out last month.', 'https://pbs.twimg.com/media/Gdx1UMaXAAAwZ7W?format=jpg&name=900x900', 26, 3900, 804, 45500, '2024-12-07 11:16:00', '2024-12-07 15:49:55'),
('1863850358168310117', '2024-12-03 00:38:48', ' December 2024 U.S. macroeconomic data is about to drop! Key focus: Non-Farm Payrolls CPI, PPI, PCE Fed Rate Decision\n\nThese data could trigger significant moves in the crypto market! Are you ready? #XT #Crypto #XTAcademy', 'https://pbs.twimg.com/media/Gd253TCaYAACR9y?format=jpg&name=900x900', 17, 38, 49, 17500, '2024-12-07 17:22:24', '2024-12-07 17:22:24'),
('1864250290746065067', '2024-12-04 03:08:00', 'To celebrate the biggest #crypto bullrun, i’m giving away $5000\n\n$1000 in $BTC$1000 in $ETH$1000 in $XRP$1000 in $BNB$1000 in $SOLTo enter: like, repost & make sure you are following me.\n\n5 winners will be picked in 48h.\n\nGood luck!', 'https://pbs.twimg.com/media/Gd8lwP0WsAANcUr?format=jpg&name=900x900', 446, 686, 832, 112500, '2024-12-07 16:43:53', '2024-12-07 16:43:53'),
('1864336372942966859', '2024-12-04 08:50:03', 'Putin on #Bitcoin, \"Who can ban it?\"\n\nNobody!#CoinPedia #CryptoNews #Blockchain #Putin', NULL, 13, 11, 47, 5941, '2024-12-07 07:30:54', '2024-12-07 10:31:46'),
('1864620299385295233', '2024-12-05 03:38:17', ' Vietnam Tech Innovation Summit 2024!   \n\nRelive the energy from @vtis2024 in Vietnam! From #Blockchain breakthroughs to #Web3 revolutionaries, it was a gathering of the brightest minds shaping tomorrow.#Biconomy #BIT #Crypto #trading #investing #VTIS2024', NULL, 8, 10, 31, 1409, '2024-12-07 07:57:33', '2024-12-07 07:57:33'),
('1864704621211418728', '2024-12-05 09:13:20', ' @Ripple lawyer Stuart Alderoty: \"Once the regulatory cloud lifts & policy clarity comes, we\'ll be the most trusted enterprise crypto solution in the U.S.!\"  Get ready, #XRP price will skyrocket!  #cryptocurrency #blockchain #XRPArmy #CryptoRevolution', NULL, 3, 34, 140, 10100, '2024-12-07 10:07:40', '2024-12-07 10:07:40'),
('1864732847723966880', '2024-12-05 11:05:30', 'Dear community like this tweet if you believe $PAWS will be the next big name in #Crypto ', 'https://pbs.twimg.com/media/GeDcos7akAAtaP-?format=jpg&name=900x900', 82, 152, 1000, 36200, '2024-12-07 15:14:35', '2024-12-07 15:30:18'),
('1864878543269957927', '2024-12-05 20:44:27', '$DYDX  price is moving  below the major trend line in weekly timeframe...\n\nIn case of upside breakout  the next target area could be up to 12$#DYDXUSDT #DYDX #Crypto', 'https://pbs.twimg.com/media/GeFhI3GakAMXYBC?format=jpg&name=900x900', 7, 20, 112, 12300, '2024-12-07 16:36:44', '2024-12-07 16:36:44'),
('1865068434624573670', '2024-12-06 09:19:00', 'Are memes bad for crypto?  Here’s why they hurt the industry: Undermine serious innovation Erode public trust Distract from real-world use cases\n\nTime to focus on the tech, not just the trends. #Crypto #Blockchain', NULL, 8, 13, 105, 2786, '2024-12-07 07:51:51', '2024-12-07 07:51:51'),
('1865296726351130885', '2024-12-07 00:26:09', ' From smoother DApp connections to handy tooltips and bug fixes, we’d like to hear what you think!\n\nWhich update are you most excited about? #5irechain #web3 #Blockchain', NULL, 1, 3, 11, 524, '2024-12-07 07:41:13', '2024-12-07 07:41:13'),
('1865329234442354772', '2024-12-07 02:35:20', 'The best trade I\'ve ever seen.\n\nBTW Just for Fun. #crypto #cryptocurrencies #cryptotrading', 'https://pbs.twimg.com/media/GeL7DCqXQAAglkt?format=jpg&name=900x900', 21, 30, 215, 1973, '2024-12-07 16:27:43', '2024-12-07 16:27:43'),
('1865376293103058954', '2024-12-07 05:42:19', 'GM #crypto friends  \nHappy weekend ', 'https://pbs.twimg.com/media/GeMl2TxWsAAx-kO?format=jpg&name=medium', 22, 4, 146, 1775, '2024-12-07 17:29:41', '2024-12-07 17:29:41'),
('1865392444696637820', '2024-12-07 06:46:30', '#BTC Bull Market Progress:\n\n▓▓▓▓▓░░░░░ 55.0%\n\n(Progress will speed up in the Parabolic Phase)$BTC #Crypto #Bitcoin', 'https://pbs.twimg.com/media/GeM0fHKWkAAeqgj?format=jpg&name=900x900', 79, 232, 1400, 54400, '2024-12-07 16:59:59', '2024-12-07 16:59:59'),
('1865411029892767754', '2024-12-07 08:00:21', 'Knowing when to do nothing is a skill in itself.#Crypto', NULL, 4, 11, 86, 48000, '2024-12-07 15:46:14', '2024-12-07 15:46:14'),
('1865411046061572322', '2024-12-07 08:00:25', 'What is your favorite AI #Crypto project?', NULL, 44, 4, 28, 2496, '2024-12-07 17:33:32', '2024-12-07 17:33:32'),
('1865414132599783428', '2024-12-07 08:12:41', ' breaking  \nGiveaway!!\n\nWe reached 100k holders today in the $DNA community so I’m going to do a 1 billion dna giveaway so drop those solana addys must be following me with notis on!!  #happyholidays #crypto #memecoin #sol #dna ', NULL, 50, 29, 46, 755, '2024-12-07 15:55:42', '2024-12-07 15:55:42');

-- --------------------------------------------------------

--
-- Cấu trúc bảng cho bảng `tweet_have_hashtags`
--

CREATE TABLE `tweet_have_hashtags` (
  `hashtag_name` varchar(255) NOT NULL,
  `tweet_id` varchar(255) NOT NULL
) ENGINE=InnoDB DEFAULT CHARSET=utf8mb4 COLLATE=utf8mb4_general_ci;

--
-- Đang đổ dữ liệu cho bảng `tweet_have_hashtags`
--

INSERT INTO `tweet_have_hashtags` (`hashtag_name`, `tweet_id`) VALUES
('#5irechain', '1865296726351130885'),
('#BIT', '1864620299385295233'),
('#Bitcoin', '1862031968202018921'),
('#Bitcoin', '1862281079853400124'),
('#Bitcoin', '1865392444696637820'),
('#Bitcoin,', '1864336372942966859'),
('#BitcoinPrice', '1862031968202018921'),
('#blockchain', '1439137303688105984'),
('#Blockchain', '1862031968202018921'),
('#Blockchain', '1862281079853400124'),
('#Blockchain', '1862927607890686447'),
('#blockchain', '1862947845424205857'),
('#Blockchain', '1863314261218374068'),
('#Blockchain', '1864336372942966859'),
('#Blockchain', '1864620299385295233'),
('#blockchain', '1864704621211418728'),
('#Blockchain', '1865068434624573670'),
('#Blockchain', '1865296726351130885'),
('#blockchain?', '1820457292971557066'),
('#Cardano!', '1439137303688105984'),
('#CardanoSummit2021', '1439137303688105984'),
('#crypto', '1660625010774650881'),
('#crypto', '1774013706239627434'),
('#crypto', '1803020604846530651'),
('#crypto', '1859294040874782888'),
('#Crypto', '1862281079853400124'),
('#Crypto', '1862927607890686447'),
('#crypto', '1862947845424205857'),
('#crypto', '1863493356690538794'),
('#Crypto', '1863850358168310117'),
('#crypto', '1864250290746065067'),
('#Crypto', '1864620299385295233'),
('#Crypto', '1864732847723966880'),
('#Crypto', '1864878543269957927'),
('#Crypto', '1865068434624573670'),
('#crypto', '1865329234442354772'),
('#crypto', '1865376293103058954'),
('#Crypto', '1865392444696637820'),
('#Crypto', '1865411046061572322'),
('#crypto', '1865414132599783428'),
('#CryptoCommunity', '1862927607890686447'),
('#cryptocurrency', '1864704621211418728'),
('#CryptoNews', '1862031968202018921'),
('#CryptoNews', '1863314261218374068'),
('#CryptoNews', '1864336372942966859'),
('#CryptoRevolution', '1864704621211418728'),
('#FreeTokens', '1862927607890686447'),
('#GCV', '1863314261218374068'),
('#investing', '1864620299385295233'),
('#PepeMeme', '1862927607890686447'),
('#Philippines', '1863314261218374068'),
('#PiNetwork', '1863314261218374068'),
('#Putin', '1864336372942966859'),
('#trading', '1864620299385295233'),
('#VanEck', '1862031968202018921'),
('#VRA', '1862947845424205857'),
('#VTIS2024', '1864620299385295233'),
('#web3', '1862281079853400124'),
('#web3', '1863314261218374068'),
('#Web3', '1864620299385295233'),
('#web3', '1865296726351130885'),
('#XRP', '1864704621211418728'),
('#XRPArmy', '1864704621211418728');

-- --------------------------------------------------------

--
-- Cấu trúc bảng cho bảng `users`
--

CREATE TABLE `users` (
  `user_id` varchar(255) NOT NULL,
  `username` varchar(255) DEFAULT NULL,
  `role` varchar(255) DEFAULT NULL,
  `joined_at` timestamp NOT NULL DEFAULT current_timestamp() ON UPDATE current_timestamp(),
  `following` int(11) DEFAULT 0,
  `follower` int(11) DEFAULT 0,
  `posts_cnt` int(11) DEFAULT 0,
  `saved_at` timestamp NOT NULL DEFAULT current_timestamp(),
  `updated_at` timestamp NOT NULL DEFAULT current_timestamp() ON UPDATE current_timestamp()
) ENGINE=InnoDB DEFAULT CHARSET=utf8mb4 COLLATE=utf8mb4_general_ci;

--
-- Đang đổ dữ liệu cho bảng `users`
--

INSERT INTO `users` (`user_id`, `username`, `role`, `joined_at`, `following`, `follower`, `posts_cnt`, `saved_at`, `updated_at`) VALUES
('@0735_m', 'Alper', 'User', '2023-07-31 17:00:00', 119, 7, 258, '2024-12-07 15:42:10', '2024-12-07 15:42:10'),
('@0xbillybambam', 'billybambam ', 'User', '2021-04-30 17:00:00', 1197, 567, 4450, '2024-12-07 16:06:26', '2024-12-07 16:06:26'),
('@0xBlckhero', '777.BlockHero', 'User', '2012-04-30 17:00:00', 434, 45, 2742, '2024-12-07 16:10:36', '2024-12-07 16:10:36'),
('@0xbtc_storm', '$BTC_Storm', 'KOL', '2010-05-31 17:00:00', 221, 1035, 1290, '2024-12-07 16:15:47', '2024-12-07 16:15:47'),
('@0xfeiyan', 'FEIYAN', 'User', '2017-10-31 17:00:00', 0, 16, 5472, '2024-12-07 17:18:42', '2024-12-07 17:18:42'),
('@0xGreensecret', 'Green', 'User', '2014-11-30 17:00:00', 0, 227, 13400, '2024-12-07 11:09:15', '2024-12-07 16:53:39'),
('@0xhodlMage', '0xHODL_Mage', 'KOL', '2009-09-30 17:00:00', 112, 516, 238, '2024-12-07 16:12:40', '2024-12-07 16:12:40'),
('@0xLedgerlrd', '0xLedgerLord', 'KOL', '2013-08-31 17:00:00', 1286, 719, 2195, '2024-12-07 16:15:18', '2024-12-07 16:15:18'),
('@0xliasaur', 'lia | KOL4U', 'User', '2023-05-31 17:00:00', 5425, 626, 63000, '2024-12-07 11:24:51', '2024-12-07 11:24:51'),
('@0xLouchyy', '0xLouchyy', 'User', '2021-02-28 17:00:00', 84, 370, 1998, '2024-12-07 11:27:05', '2024-12-07 11:27:05'),
('@0xnirmal', 'Nirmal Krishnan (building arc ', 'User', '2020-07-31 17:00:00', 2894, 1227, 763, '2024-12-06 16:45:36', '2024-12-06 16:45:36'),
('@0xSauger', 'Sauger | 0xV', 'User', '2013-06-30 17:00:00', 368, 1676, 13500, '2024-12-07 17:18:54', '2024-12-07 17:18:54'),
('@0xSniperPro', '0xSniper', 'KOL', '2024-10-31 17:00:00', 73, 97, 251, '2024-12-07 16:45:18', '2024-12-07 16:45:18'),
('@0xSweep', 'Sweep', 'KOL', '2021-02-28 17:00:00', 23700, 136800, 495100, '2024-12-07 16:16:21', '2024-12-07 16:16:21'),
('@0xTejma', 'Tej', 'User', '2022-12-31 17:00:00', 187, 43, 134, '2024-12-07 17:34:23', '2024-12-07 17:34:23'),
('@0xyjkim', 'indieanajoongs', 'KOL', '2021-12-31 17:00:00', 471, 288, 3261, '2024-12-07 11:02:45', '2024-12-07 11:02:45'),
('@0x_reskinii', 'niii.freetag', 'User', '2024-03-31 17:00:00', 5480, 95, 22500, '2024-12-07 15:52:41', '2024-12-07 15:52:41'),
('@0_source', 'PepeBoy', 'KOL', '2020-07-31 17:00:00', 1954, 1036, 9650, '2024-12-07 17:13:29', '2024-12-07 17:13:29'),
('@12_Gauge_Ind', '12 Gauge Industries', 'User', '2016-01-31 17:00:00', 1014, 1007, 3985, '2024-12-06 16:20:30', '2024-12-06 16:20:30'),
('@1402708037', '张云圣', 'User', '2014-02-28 17:00:00', 25, 3, 346, '2024-12-07 17:09:50', '2024-12-07 17:09:50'),
('@1968Hughesinc', 'Robert_H', 'KOL', '2022-01-31 17:00:00', 1630, 729, 10400, '2024-12-06 16:01:22', '2024-12-06 16:01:22'),
('@1968sollyjat', 'jatau solomon', 'User', '2022-04-30 17:00:00', 1430, 63, 10600, '2024-12-07 10:04:02', '2024-12-07 10:04:02'),
('@2727053215S', 'h s', 'User', '2024-10-31 17:00:00', 52, 60, 20, '2024-12-07 07:39:11', '2024-12-07 09:54:50'),
('@2PrincipeBE', 'Don', 'KOL', '2016-07-31 17:00:00', 5064, 4275, 3758, '2024-12-07 17:30:31', '2024-12-07 17:30:31'),
('@30A4life', '#30A', 'KOL', '2011-03-31 17:00:00', 1845, 758, 8338, '2024-12-06 16:30:29', '2024-12-06 16:30:29'),
('@4plusVentures', '4+Ventures', 'KOL', '2024-03-31 17:00:00', 31, 3152, 289, '2024-12-06 17:00:13', '2024-12-06 17:00:13'),
('@5ireChain', '5ireChain (Mainnet is live)', 'KOL', '2021-07-31 17:00:00', 690, 466500, 4110, '2024-12-07 07:41:40', '2024-12-07 07:41:40'),
('@69420xyz', '69420', 'KOL', '2020-12-31 17:00:00', 1912, 3967, 25500, '2024-12-07 11:26:33', '2024-12-07 11:26:33'),
('@7010jiro', '片瀬', 'User', '2012-11-30 17:00:00', 22, 19, 94, '2024-12-07 11:10:00', '2024-12-07 11:10:00'),
('@7dS0Q9wQOf0Wyc9', 'MarjorieLandon', 'User', '2024-02-29 17:00:00', 6300, 28, 0, '2024-12-06 16:30:15', '2024-12-06 16:30:15'),
('@7lKz1S5997yU9E', 'VanessaMac-', 'User', '2024-04-30 17:00:00', 4432, 18, 0, '2024-12-06 16:14:31', '2024-12-06 16:14:31'),
('@8tQ9kGIbHLZCr', 'WinniSweet', 'User', '2024-03-31 17:00:00', 4861, 13, 0, '2024-12-06 16:28:21', '2024-12-06 16:28:21'),
('@AAboulkabila', 'Ahmed ABOULKABILA', 'User', '2013-10-31 17:00:00', 1071, 858, 867, '2024-12-07 07:40:06', '2024-12-07 07:40:06'),
('@aadhira_karnan8', 'Aadhira_karnan', 'User', '2016-02-29 17:00:00', 0, 2, 1000, '2024-12-07 09:29:14', '2024-12-07 09:29:14'),
('@aantonop', 'Andreas (aantonop Team)', 'KOL', '2013-04-30 17:00:00', 1, 769500, 30600, '2024-12-06 16:24:26', '2024-12-06 16:24:26'),
('@Aave_Angler', 'Aave Anglerfish', 'User', '2023-07-31 17:00:00', 373, 30, 1123, '2024-12-06 15:59:47', '2024-12-06 15:59:47'),
('@abandy24', 'Optimus Prime ', 'User', '2011-09-30 17:00:00', 552, 717, 3410, '2024-12-07 16:57:55', '2024-12-07 16:57:55'),
('@ABC', 'ABC News', 'KOL', '2009-03-31 17:00:00', 432, 17800000, 461100, '2024-12-06 16:09:33', '2024-12-06 16:09:33'),
('@AbdyFkir', 'Abdy Fkir', 'User', '2024-05-31 17:00:00', 330, 9, 195, '2024-12-06 16:57:38', '2024-12-06 16:57:38'),
('@Abeni_sol', 'Abenezer Solomon ', 'User', '2022-08-31 17:00:00', 115, 2, 8, '2024-12-06 17:12:58', '2024-12-06 17:12:58'),
('@abeysama', 'AB', 'User', '2009-03-31 17:00:00', 998, 565, 12100, '2024-12-06 15:45:45', '2024-12-06 15:45:45'),
('@AblePredict', 'Predict.Able', 'User', '2020-12-31 17:00:00', 262, 197, 4615, '2024-12-07 17:08:30', '2024-12-07 17:08:30'),
('@abrhim_mahmoud', 'Abrhim Mahmoud', 'User', '2021-06-30 17:00:00', 55, 126, 7362, '2024-12-07 17:32:26', '2024-12-07 17:32:26'),
('@AdamOneBacker', '𝓐𝓭𝓪𝓶 𝓑𝓪𝓬𝓴𝓮𝓻', 'KOL', '2011-06-30 17:00:00', 3388, 1862, 1688, '2024-12-07 17:21:04', '2024-12-07 17:21:04'),
('@Adams_K1', 'Adam kamal', 'KOL', '2017-02-28 17:00:00', 46, 87900, 12300, '2024-12-06 16:01:54', '2024-12-06 16:01:54'),
('@ademhabibiadem', 'adem', 'User', '2012-03-31 17:00:00', 378, 14, 158, '2024-12-06 16:58:55', '2024-12-06 16:58:55'),
('@Adewalebolujose', 'Adewale Boluwatife', 'KOL', '2023-12-31 17:00:00', 1310, 302, 201, '2024-12-06 16:17:51', '2024-12-06 16:17:51'),
('@AdOlufon', 'Ad Olufon', 'User', '2022-03-31 17:00:00', 655, 50, 391, '2024-12-07 16:42:11', '2024-12-07 16:42:11'),
('@advancedcskills', 'Advancedcskills ', 'KOL', '2020-02-29 17:00:00', 4686, 981, 11200, '2024-12-07 07:47:27', '2024-12-07 07:47:27'),
('@aeyakovenko', 'toly ', 'KOL', '2014-01-31 17:00:00', 5535, 437500, 86100, '2024-12-06 16:44:37', '2024-12-06 16:44:37'),
('@agbadomuncher', 'Traumatized AgbadoMuncher ', 'User', '2014-02-28 17:00:00', 432, 406, 18400, '2024-12-07 17:36:39', '2024-12-07 17:36:39'),
('@ahjian061997', '锕健', 'User', '2021-11-30 17:00:00', 59, 39, 56, '2024-12-07 16:45:29', '2024-12-07 16:45:29'),
('@AhmadiBara19932', 'baran ahmadi', 'User', '2024-05-31 17:00:00', 63, 0, 14, '2024-12-07 15:25:47', '2024-12-07 15:25:47'),
('@aikaindocrypto', 'Aika Indocrypto', 'User', '2023-02-28 17:00:00', 178, 64, 213, '2024-12-07 07:35:45', '2024-12-07 07:35:45'),
('@AikirizaM', 'Aikiriza Mark', 'KOL', '2013-11-30 17:00:00', 4938, 738, 8130, '2024-12-06 15:45:19', '2024-12-06 15:45:19'),
('@AishaUMMI16', 'Aysha', 'User', '2021-03-31 17:00:00', 923, 575, 897, '2024-12-07 16:46:57', '2024-12-07 16:46:57'),
('@aitselrob', 'nana', 'User', '2015-08-31 17:00:00', 1955, 103, 11800, '2024-12-07 15:53:26', '2024-12-07 15:53:26'),
('@Ajay8307', 'Ajay Tomar - Blockchain & Web3 Solopreneur', 'KOL', '2009-08-31 17:00:00', 1550, 1015, 2623, '2024-12-06 16:19:13', '2024-12-06 16:19:13'),
('@AjWinslade', 'I am $PEEP we are all $PEEP', 'User', '2021-08-31 17:00:00', 142, 83, 715, '2024-12-07 17:35:50', '2024-12-07 17:35:50'),
('@AkbariArde63265', '\"', 'User', '2023-12-31 17:00:00', 833, 73, 2656, '2024-12-07 15:45:51', '2024-12-07 15:45:51'),
('@akshay_kurhekar', 'Akshay Kurhekar', 'User', '2021-10-31 17:00:00', 121, 17, 46, '2024-12-06 16:12:17', '2024-12-06 16:12:17'),
('@alAmeer170', 'Al Ameer of DLTAfrica ', 'User', '2022-01-31 17:00:00', 183, 360, 1502, '2024-12-06 17:01:56', '2024-12-06 17:01:56'),
('@alcolegacy', 'pedro.i.alcocer.jr', 'KOL', '2024-10-31 17:00:00', 299, 50, 20, '2024-12-06 16:42:28', '2024-12-06 16:42:28'),
('@alesawi2', 'Som9', 'KOL', '2012-06-30 17:00:00', 1389, 164, 2272, '2024-12-06 16:19:07', '2024-12-06 16:19:07'),
('@Alexkhan160982', 'Alex khan', 'User', '2024-03-31 17:00:00', 287, 32, 3, '2024-12-06 15:57:46', '2024-12-06 15:57:46'),
('@AlexOnchain', 'Alex', 'KOL', '2022-03-31 17:00:00', 1652, 35400, 9557, '2024-12-06 17:12:05', '2024-12-06 17:12:05'),
('@AlexsUrruti4', 'Alex\'s', 'User', '2013-10-31 17:00:00', 538, 296, 350, '2024-12-07 11:14:39', '2024-12-07 17:17:30'),
('@AlfieMo60344590', 'Mr Crypto', 'User', '2021-02-28 17:00:00', 6668, 1140, 7673, '2024-12-07 17:34:34', '2024-12-07 17:34:34'),
('@algostakes', 'AlgoStakes®', 'User', '2018-01-31 17:00:00', 51, 7, 2, '2024-12-06 16:59:38', '2024-12-06 16:59:38'),
('@alhajigail', 'ALHAJI_ALPHA', 'User', '2017-12-31 17:00:00', 1243, 588, 16500, '2024-12-07 15:57:52', '2024-12-07 15:57:52'),
('@alixxx332', 'Aleksander', 'KOL', '2012-05-31 17:00:00', NULL, NULL, 2323, '2024-12-06 16:19:04', '2024-12-06 16:19:04'),
('@AlonLavi2', 'Alon Lavi', 'User', '2015-04-30 17:00:00', 65, 17, 370, '2024-12-07 15:50:25', '2024-12-07 15:50:25'),
('@Altcoinbuzzio', 'Altcoin Buzz', 'KOL', '2017-07-31 17:00:00', 1501, 165800, 17400, '2024-12-07 11:02:49', '2024-12-07 11:02:49'),
('@AltcoinDailyio', 'Altcoin Daily', 'KOL', '2017-12-31 17:00:00', 876, 1700000, 37000, '2024-12-07 16:04:51', '2024-12-07 16:04:51'),
('@Altcoinist_com', 'Altcoinist.com', 'KOL', '2022-10-31 17:00:00', 4717, 122100, 24700, '2024-12-07 11:26:41', '2024-12-07 11:26:41'),
('@AlterAltcoiner', 'alter altcoiner', 'User', '2021-10-31 17:00:00', 94, 1565, 9048, '2024-12-07 11:03:36', '2024-12-07 11:03:36'),
('@AltoUmar43259', 'Umar Alto', 'User', '2023-12-31 17:00:00', 637, 26, 1731, '2024-12-07 15:52:52', '2024-12-07 15:52:52'),
('@Amadjio', 'Belle Vie', 'User', '2022-10-31 17:00:00', 347, 25, 218, '2024-12-07 10:05:11', '2024-12-07 10:05:11'),
('@amazing_vn', 'Hunting', 'User', '2020-01-31 17:00:00', 4335, 2643, 1733, '2024-12-06 16:42:16', '2024-12-06 16:42:16'),
('@amerleek01', 'amerleek', 'User', '2019-02-28 17:00:00', 782, 1006, 1007, '2024-12-07 11:16:42', '2024-12-07 15:50:58'),
('@amir1952021', 'Amir ali', 'User', '2023-08-31 17:00:00', 577, 151, 627, '2024-12-06 17:01:20', '2024-12-06 17:01:20'),
('@AmiTheDream3r', 'Ami', 'User', '2019-02-28 17:00:00', 125, 85, 190, '2024-12-07 16:12:27', '2024-12-07 16:12:27'),
('@amitkulal07', 'Amit kulal', 'User', '2024-09-30 17:00:00', 217, 2, 2, '2024-12-06 16:13:13', '2024-12-06 16:13:13'),
('@amit_mathpati', 'MATHPATI AMIT', 'User', '2024-08-31 17:00:00', 16, 2, 0, '2024-12-06 15:58:52', '2024-12-06 15:58:52'),
('@amonbuy', 'Amonyx', 'KOL', '2017-09-30 17:00:00', 353, 136800, 70900, '2024-12-06 15:54:18', '2024-12-07 16:05:15'),
('@Amoschencheng', '陈成Amos', 'KOL', '2021-01-31 17:00:00', 2471, 5217, 143, '2024-12-06 17:11:18', '2024-12-06 17:11:18'),
('@AnatoKiba74571', 'Anato Kiba', 'User', '2024-11-30 17:00:00', 5, 2, 7, '2024-12-07 16:56:59', '2024-12-07 16:56:59'),
('@ancient_home', 'MELAXX', 'KOL', '2019-12-31 17:00:00', 295, 418, 11100, '2024-12-07 17:13:28', '2024-12-07 17:13:28'),
('@AndrawT_Pro', 'Andrew Tate Official', 'User', '2024-11-30 17:00:00', 28, 3, 28, '2024-12-07 10:00:18', '2024-12-07 10:00:18'),
('@AndrewMcCurdy2', 'life Liberty & Happiness', 'KOL', '2012-08-31 17:00:00', 2674, 946, 7104, '2024-12-06 16:30:35', '2024-12-06 16:30:35'),
('@AndrewT_Pro', 'Andrew Tate Official', 'User', '2022-03-31 17:00:00', 25, 1403, 108, '2024-12-07 10:00:29', '2024-12-07 10:00:29'),
('@Angel07887325', 'Angel (✸,✸)', 'User', '2020-06-30 17:00:00', 52, 51, 553, '2024-12-07 16:58:17', '2024-12-07 16:58:17'),
('@AngelaMcle58695', 'Angela Mclean', 'User', '2024-10-31 17:00:00', 1, 0, 0, '2024-12-06 16:42:50', '2024-12-06 16:42:50'),
('@AniceteRuel', 'Anicete Ruel', 'User', '2021-11-30 17:00:00', 170, 8, 302, '2024-12-07 07:49:03', '2024-12-07 07:49:03'),
('@AnikQnoy', 'Lintang Kemukus', 'User', '2021-01-31 17:00:00', 2239, 1054, 1048, '2024-12-07 10:05:56', '2024-12-07 16:13:48'),
('@AnitaB87859', 'Anita Barnett', 'User', '2024-11-30 17:00:00', 13, 0, 2, '2024-12-06 17:18:19', '2024-12-06 17:18:19'),
('@AnkitaD1327', 'FinFluence_by_Ankita', 'User', '2024-10-31 17:00:00', 46, 3, 88, '2024-12-07 09:50:26', '2024-12-07 10:35:10'),
('@anlcnc1', 'anıl ', 'KOL', '2019-11-30 17:00:00', 168, 72600, 26200, '2024-12-07 11:26:43', '2024-12-07 11:26:43'),
('@anthros77', 'Anthony Parascandola', 'User', '2014-08-31 17:00:00', 237, 45, 164, '2024-12-06 15:45:18', '2024-12-06 15:45:18'),
('@ANTHTROM', 'anthony trombino', 'User', '2014-03-31 17:00:00', 21, 6, 351, '2024-12-07 16:15:43', '2024-12-07 16:15:43'),
('@AntonyCota96745', 'jose Antony paredes cotamo', 'User', '2024-05-31 17:00:00', 176, 11, 174, '2024-12-06 16:57:27', '2024-12-06 16:57:27'),
('@ApacheUSCLV', 'Scotty Knows!!!', 'KOL', '2018-03-31 17:00:00', 3240, 3812, 7706, '2024-12-06 16:01:37', '2024-12-06 16:01:37'),
('@apurvashah09', 'Ami', 'User', '2019-02-28 17:00:00', 115, 82, 132, '2024-12-07 11:09:49', '2024-12-07 11:09:49'),
('@AQUH7824WIN', 'Cyape', 'KOL', '2022-10-31 17:00:00', 1622, 352, 47800, '2024-12-06 17:03:45', '2024-12-06 17:03:45'),
('@Arablooded', 'Oxygen_Web3', 'User', '2024-05-31 17:00:00', 134, 125, 1664, '2024-12-06 17:00:24', '2024-12-06 17:00:24'),
('@aramamiscrypto', 'ARAMİS', 'User', '2015-08-31 17:00:00', 3, 204, 14600, '2024-12-07 11:09:27', '2024-12-07 17:16:21'),
('@Aravin544805', 'Aravin', 'User', '2024-09-30 17:00:00', 77, 64, 202, '2024-12-07 16:03:37', '2024-12-07 16:03:37'),
('@ArchibaldR0x', 'Acibal ', 'User', '2014-06-30 17:00:00', 811, 518, 334, '2024-12-07 11:14:50', '2024-12-07 11:14:50'),
('@ardzarana', 'Alfonso Arana', 'KOL', '2021-10-31 17:00:00', 74, 2197, 215, '2024-12-06 16:21:17', '2024-12-06 16:21:17'),
('@AriesSauly', 'SaulyAries.eth', 'KOL', '2021-10-31 17:00:00', 2071, 199, 5197, '2024-12-06 16:43:57', '2024-12-06 16:43:57'),
('@ariusmaula', 'arius', 'KOL', '2015-08-31 17:00:00', 2115, 1963, 56300, '2024-12-07 15:57:04', '2024-12-07 15:57:04'),
('@Arkn_etth', 'Arkn. eth cryoto', 'User', '2013-07-31 17:00:00', 251, 1108, 366, '2024-12-07 16:55:14', '2024-12-07 16:55:14'),
('@ArmyChief_eth', '00470.eth', 'User', '2022-03-31 17:00:00', 2110, 983, 670, '2024-12-07 16:27:19', '2024-12-07 16:27:19'),
('@Arthur87854221', 'Okayz', 'User', '2018-05-31 17:00:00', 138, 21, 79, '2024-12-07 10:07:28', '2024-12-07 10:07:28'),
('@arwinmahadew_', '𝕬𝖗𝖜𝖎𝖓 𝕸𝖆𝖍𝖆𝖉𝖊𝖜', 'User', '2021-08-31 17:00:00', 35, 18, 156, '2024-12-07 16:12:39', '2024-12-07 16:12:39'),
('@ashishranjan04', 'AR', 'User', '2014-04-30 17:00:00', 252, 28, 1589, '2024-12-07 07:45:47', '2024-12-07 07:45:47'),
('@ashjuicy10', 'ashadebabe', 'User', '2012-05-31 17:00:00', 41, 23, 228, '2024-12-07 16:24:06', '2024-12-07 16:24:06'),
('@AshleyPurdy', '☆ 𝗔𝗦𝗛𝗟𝗘𝗬 𝗣𝗨𝗥𝗗𝗬 ☆', 'KOL', '2009-02-28 17:00:00', 3296, 325000, 13600, '2024-12-07 17:30:28', '2024-12-07 17:30:28'),
('@AsicJungle', 'Asic Jungle', 'KOL', '2020-08-31 17:00:00', 234, 2411, 935, '2024-12-06 16:39:24', '2024-12-06 16:39:24'),
('@Asiye_Ceylan16', 'Asiye Ceylan', 'User', '2015-07-31 17:00:00', 34, 3, 15, '2024-12-07 16:33:00', '2024-12-07 16:33:00'),
('@AskBlockchain', 'Blockchain.com Support', 'KOL', '2017-01-31 17:00:00', 9, 58800, 10000, '2024-12-06 15:40:06', '2024-12-06 15:40:06'),
('@AtikurRahaman_', 'Atikur', 'KOL', '2013-06-30 17:00:00', 1349, 494, 839, '2024-12-06 16:01:45', '2024-12-06 16:01:45'),
('@ATontoroiu', 'BeboShib', 'KOL', '2021-12-31 17:00:00', 393, 232, 289, '2024-12-06 16:01:06', '2024-12-06 16:01:06'),
('@attai_sule93', 'Suleiman Attai', 'User', '2024-08-31 17:00:00', 466, 21, 5, '2024-12-06 15:42:54', '2024-12-06 15:42:54'),
('@at_mwagner', 'SW4GN3R, CFA', 'KOL', '2017-07-31 17:00:00', 1133, 34200, 12500, '2024-12-06 16:44:49', '2024-12-06 16:44:49'),
('@aumick_raymond', 'Raymond Aumick $GARBAGE', 'User', '2023-02-28 17:00:00', 81, 7, 45, '2024-12-06 17:20:00', '2024-12-06 17:20:00'),
('@Austin_Federa', 'Austin Federa | IBRL | ', 'KOL', '2009-04-30 17:00:00', 1931, 118700, 29700, '2024-12-06 16:44:43', '2024-12-06 16:44:43'),
('@ayatullah81689', 'Kumain33', 'User', '2024-01-31 17:00:00', 147, 5, 34, '2024-12-07 15:33:06', '2024-12-07 15:33:06'),
('@ayiniworld', 'Ayini', 'KOL', '2024-09-30 17:00:00', 224, 500, 199, '2024-12-07 16:45:03', '2024-12-07 16:45:03'),
('@ayucharlottee', 'Its Ayu Charlottee', 'KOL', '2021-02-28 17:00:00', 2991, 38700, 38800, '2024-12-07 07:59:37', '2024-12-07 07:59:37'),
('@Ayyub_1979', 'Ayyub', 'User', '2024-04-30 17:00:00', 298, 35, 6, '2024-12-06 16:11:11', '2024-12-06 16:11:11'),
('@Azizel_MM', 'Azizel', 'User', '2019-12-31 17:00:00', 76, 415, 2015, '2024-12-07 17:22:10', '2024-12-07 17:22:10'),
('@Azouz761117', 'Azouz', 'User', '2024-06-30 17:00:00', 328, 11, 280, '2024-12-07 07:51:29', '2024-12-07 07:51:29'),
('@BakoExperience', 'Bako Experience', 'KOL', '2023-12-31 17:00:00', 86, 572, 6190, '2024-12-07 16:16:13', '2024-12-07 16:16:13'),
('@baldmariela', 'Mariela Baldivieso', 'KOL', '2013-06-30 17:00:00', 171, 1248, 8278, '2024-12-07 07:37:16', '2024-12-07 10:37:41'),
('@balimbrcko', 'Laky', 'User', '2022-03-31 17:00:00', 65, 49, 66, '2024-12-07 07:39:33', '2024-12-07 07:39:33'),
('@BalitokCapital', 'Balitok', 'KOL', '2021-03-31 17:00:00', 2804, 5459, 4057, '2024-12-06 16:30:22', '2024-12-06 16:30:22'),
('@BangledorfVon', 'Bangledorf Vonderkronk', 'User', '2022-05-31 17:00:00', 372, 62, 2006, '2024-12-07 17:22:21', '2024-12-07 17:22:21'),
('@BANKSOCIALio', 'BankSocial.io', 'KOL', '2021-03-31 17:00:00', 141, 20000, 1749, '2024-12-06 16:31:55', '2024-12-06 16:31:55'),
('@barakat539', 'khaled barakat', 'KOL', '2009-12-31 17:00:00', 1395, 100500, 16200, '2024-12-06 16:02:17', '2024-12-06 16:02:17'),
('@Barndog_Solana', 'Barndog', 'KOL', '2016-05-31 17:00:00', 935, 55100, 5506, '2024-12-06 16:55:24', '2024-12-06 16:55:24'),
('@barnwal1akash', 'Akash Barnwal', 'User', '2018-08-31 17:00:00', 239, 311, 2452, '2024-12-07 16:06:37', '2024-12-07 16:06:37'),
('@bassembass12549', 'bassem bassem', 'User', '2024-04-30 17:00:00', 27, 11, 161, '2024-12-07 07:37:38', '2024-12-07 07:37:38'),
('@BBGIntelligence', 'Bloomberg Intelligence', 'KOL', '2022-09-30 17:00:00', 82, 6670, 560, '2024-12-06 16:23:53', '2024-12-06 16:23:53'),
('@BDSMdotmoney', 'BDSM Token', 'User', '2023-11-30 17:00:00', 50, 3208, 810, '2024-12-07 17:36:28', '2024-12-07 17:36:28'),
('@becomeCoolDude', 'CoolDude', 'User', '2023-03-31 17:00:00', 65, 14, 204, '2024-12-07 16:26:56', '2024-12-07 16:26:56'),
('@beelinthia', 'bee ', 'User', '2024-09-30 17:00:00', 58, 36, 3428, '2024-12-07 11:20:35', '2024-12-07 11:20:35'),
('@Bellogide007', 'Dr BMG', 'User', '2023-07-31 17:00:00', 83, 4, 68, '2024-12-07 15:15:43', '2024-12-07 15:15:43'),
('@berabose50128', 'Berabose Theogene', 'User', '2023-09-30 17:00:00', 272, 7, 16, '2024-12-06 16:11:55', '2024-12-06 16:11:55'),
('@beratkanbero', 'Berat Kanber', 'KOL', '2013-10-31 17:00:00', 1558, 240, 2258, '2024-12-06 16:19:09', '2024-12-06 16:19:09'),
('@BerryHandl23292', 'Berry Handler', 'User', '2024-07-31 17:00:00', 326, 243, 510, '2024-12-06 16:12:28', '2024-12-06 16:12:28'),
('@beShaista_khan', 'Shaista Almas', 'KOL', '2017-04-30 17:00:00', NULL, NULL, 1714, '2024-12-06 16:59:16', '2024-12-06 16:59:16'),
('@BettyCasti86245', 'Betty Castillo', 'User', '2024-11-30 17:00:00', 13, 0, 2, '2024-12-06 17:16:47', '2024-12-06 17:16:47'),
('@BeverleyG76796', 'Beverley Garcia', 'User', '2024-11-30 17:00:00', 13, 0, 5, '2024-12-06 17:16:24', '2024-12-06 17:16:24'),
('@BiconomyCom', 'Biconomy', 'User', '2019-07-31 17:00:00', 525, 269300, 9445, '2024-12-06 17:12:03', '2024-12-07 07:57:50'),
('@Bidal4life', 'Reverse Truth', 'KOL', '2021-06-30 17:00:00', 6350, 11400, 32600, '2024-12-06 17:21:58', '2024-12-06 17:21:58'),
('@BigBoyCrypt0', 'Big Boy Crypto', 'User', '2023-06-30 17:00:00', 295, 20, 1087, '2024-12-06 15:59:58', '2024-12-06 15:59:58'),
('@BiGsAsELO', 'BigSase', 'KOL', '2011-09-30 17:00:00', 3837, 2579, 19300, '2024-12-07 17:13:32', '2024-12-07 17:13:32'),
('@BigTinKC', 'Tink lambolicious baglady ', 'KOL', '2009-08-31 17:00:00', 4210, 4774, 75500, '2024-12-07 07:37:14', '2024-12-07 10:37:42'),
('@BigwhalesdotSOL', 'Bigwhales.SOL', 'KOL', '2020-03-31 17:00:00', 1229, 381, 4820, '2024-12-06 17:22:45', '2024-12-06 17:22:45'),
('@Bigwinellipa', 'David Phil ', 'User', '2023-08-31 17:00:00', 4345, 930, 14900, '2024-12-07 17:28:21', '2024-12-07 17:28:21'),
('@Big_Brother_Au', 'Market Cap ', 'KOL', '2011-12-31 17:00:00', 1597, 1271, 6101, '2024-12-07 07:47:41', '2024-12-07 07:47:41'),
('@bilou93tsz', 'bilou93tsz', 'User', '2012-02-29 17:00:00', 233, 27, 1277, '2024-12-07 16:21:30', '2024-12-07 16:21:30'),
('@BinanceLabs', 'Binance Labs Fund', 'KOL', '2018-01-31 17:00:00', 334, 672400, 1196, '2024-12-06 17:11:15', '2024-12-06 17:11:15'),
('@BinanceUS', 'Binance.US ', 'KOL', '2019-03-31 17:00:00', 157, 469300, 11400, '2024-12-06 15:40:42', '2024-12-06 17:00:12'),
('@BingXOfficial', 'BingX', 'KOL', '2013-11-30 17:00:00', 324, 899700, 8868, '2024-12-06 17:11:37', '2024-12-06 17:11:37'),
('@BirajDa38770752', 'MEME Coin ', 'User', '2022-05-31 17:00:00', 68, 17, 182, '2024-12-07 16:28:03', '2024-12-07 16:28:03'),
('@bitbestdex', 'Crypto Lawyer', 'KOL', '2023-09-30 17:00:00', 1828, 247, 164, '2024-12-06 16:17:53', '2024-12-06 16:17:53'),
('@Bitcoin01012009', 'BTC', 'User', '2021-07-31 17:00:00', 654, 924, 61800, '2024-12-07 17:11:44', '2024-12-07 17:11:44'),
('@Bitcoinnomad007', '007.BitcoinNomad', 'KOL', '2014-12-31 17:00:00', 500, 563, 7861, '2024-12-07 16:15:32', '2024-12-07 16:15:32'),
('@BitcoinPierre', 'Pierre Rochard', 'KOL', '2021-11-30 17:00:00', 3942, 64600, 19600, '2024-12-06 16:31:43', '2024-12-06 16:31:43'),
('@bitdano', 'BitDano', 'KOL', '2021-04-30 17:00:00', 623, 458, 8555, '2024-12-07 07:47:57', '2024-12-07 07:47:57'),
('@BitlayerLabs', 'Bitlayer', 'KOL', '2023-11-30 17:00:00', 299, 584700, 1310, '2024-12-06 16:08:53', '2024-12-06 16:08:53'),
('@Bitmann007', 'Crypto24x7', 'User', '2018-02-28 17:00:00', 4941, 1940, 54400, '2024-12-07 16:22:59', '2024-12-07 16:22:59'),
('@Bitstamp', 'Bitstamp', 'KOL', '2011-07-31 17:00:00', 197, 508700, 8293, '2024-12-06 16:59:39', '2024-12-06 16:59:39'),
('@BlackRock', 'BlackRock', 'KOL', '2009-02-28 17:00:00', 826, 887400, 16300, '2024-12-06 16:23:56', '2024-12-06 16:23:56'),
('@blaketwedt', 'blake twedt', 'User', '2012-12-31 17:00:00', 1253, 424, 4, '2024-12-06 16:42:39', '2024-12-06 16:42:39'),
('@BlasterMaster88', '𝘽𝙡𝙖𝙨𝙩𝙚𝙧𝙈𝙖𝙨𝙩𝙚𝙧.⁸⁸⁸ ', 'User', '2020-10-31 17:00:00', 919, 1694, 9809, '2024-12-06 16:20:53', '2024-12-06 16:20:53'),
('@BlazM6497', 'Blaž Majhen', 'User', '2023-11-30 17:00:00', 2, 3, 1, '2024-12-07 16:56:14', '2024-12-07 16:56:14'),
('@BLBYProject', 'Crypto Chef', 'User', '2024-02-29 17:00:00', 18, 572, 217, '2024-12-07 11:27:50', '2024-12-07 11:27:50'),
('@blessme2024', '𝒶ϻ𝓪ᖇ', 'User', '2020-12-31 17:00:00', 7501, 2102, 52800, '2024-12-07 16:03:04', '2024-12-07 16:03:04'),
('@Blockbrawler3', 'BlockBrawler_33', 'KOL', '2009-08-31 17:00:00', 178, 27, 1420, '2024-12-07 16:15:44', '2024-12-07 16:15:44'),
('@blockchain', 'Blockchain.com', 'KOL', '2010-02-28 17:00:00', 46, 1300000, 15700, '2024-12-06 15:38:27', '2024-12-06 15:38:27'),
('@BlockchainNeyo', 'Blockchain Neyo - Hiring - Web3 DeFi NFT Metaverse', 'KOL', '2022-05-31 17:00:00', 460, 315, 1338, '2024-12-06 17:02:46', '2024-12-06 17:02:46'),
('@blockchainwe3', 'Blockchain and Web3 Insights', 'User', '2023-08-31 17:00:00', 96, 101, 29, '2024-12-06 16:24:25', '2024-12-06 16:24:25'),
('@blockchain__m', 'Blockchain', 'KOL', '2016-01-31 17:00:00', 812, 2378, 731, '2024-12-06 16:01:46', '2024-12-06 16:01:46'),
('@Blockspot_io', 'Blockspot.io', 'KOL', '2018-02-28 17:00:00', 4827, 1877, 3136, '2024-12-06 15:44:47', '2024-12-06 15:44:47'),
('@BLOCKS_DAO', 'BLOCKS', 'User', '2021-05-31 17:00:00', 106, 14700, 1883, '2024-12-06 16:19:43', '2024-12-06 16:19:43'),
('@Bluntz_Capital', 'Bluntz', 'KOL', '2017-11-30 17:00:00', 1692, 303400, 29000, '2024-12-06 16:02:36', '2024-12-06 16:02:36'),
('@bmcmanes', 'Bobby', 'KOL', '2011-05-31 17:00:00', 1249, 861, 216, '2024-12-06 16:30:17', '2024-12-06 16:30:17'),
('@BnbShofiq48683', 'SHOFIQ.bnb', 'User', '2023-02-28 17:00:00', 1938, 251, 10200, '2024-12-07 17:27:21', '2024-12-07 17:27:21'),
('@Boamier989Saxy', '', 'User', '2014-09-30 17:00:00', 1150, 1203, 103, '2024-12-07 16:25:24', '2024-12-07 16:25:24'),
('@Bobby_Cryptorod', 'Bobby', 'User', '2012-08-31 17:00:00', 92, 671, 10100, '2024-12-07 11:04:42', '2024-12-07 11:04:42'),
('@BocaG', 'Boca G', 'User', '2009-03-31 17:00:00', 365, 311, 3442, '2024-12-07 07:47:26', '2024-12-07 07:47:26'),
('@bodyrock11983', 'Ryan Campo', 'User', '2014-05-31 17:00:00', 395, 329, 6265, '2024-12-07 07:42:53', '2024-12-07 07:42:53'),
('@Bogdanthe2', 'Bogdan Burlacu', 'User', '2023-08-31 17:00:00', 618, 365, 29300, '2024-12-07 17:34:05', '2024-12-07 17:34:05'),
('@boinegs', 'Geeloe', 'User', '2009-03-31 17:00:00', 1157, 346, 3666, '2024-12-07 16:05:53', '2024-12-07 16:05:53'),
('@bonk_inu', 'BONK!!!', 'KOL', '2022-06-30 17:00:00', 319, 364600, 5837, '2024-12-06 15:38:36', '2024-12-06 15:38:36'),
('@bookeryup76', 'Booker', 'User', '2023-02-28 17:00:00', 1801, 957, 7000, '2024-12-07 17:28:55', '2024-12-07 17:28:55'),
('@boxmining', 'Boxmining', 'KOL', '2017-02-28 17:00:00', 5584, 228800, 20200, '2024-12-06 17:12:04', '2024-12-06 17:12:04'),
('@BoyKing52969', 'John King', 'KOL', '2024-04-30 17:00:00', 898, 176, 346, '2024-12-06 15:44:55', '2024-12-06 15:44:55'),
('@BradKnowsHVAC', ' Brad KNOWS #HVAC & #Fishing', 'KOL', '2021-09-30 17:00:00', 897, 2621, 6907, '2024-12-06 16:30:23', '2024-12-06 16:30:23'),
('@bradyowen_', 'brady', 'KOL', '2020-12-31 17:00:00', 892, 2220, 3150, '2024-12-06 16:45:42', '2024-12-06 16:45:42'),
('@BRC20Nomad', 'Sanjay Gour', 'KOL', '2023-11-30 17:00:00', 97, 1820, 12800, '2024-12-07 08:01:50', '2024-12-07 08:01:50'),
('@brian_k_boen', 'Brian Boen', 'KOL', '2016-03-31 17:00:00', 1865, 1923, 558, '2024-12-06 17:22:03', '2024-12-06 17:22:03'),
('@Briochebun50', 'Briochebun', 'KOL', '2021-09-30 17:00:00', 183, 244, 4005, '2024-12-07 07:59:50', '2024-12-07 07:59:50'),
('@BRisechain50', 'قناص جواهر العملات الرقمية', 'User', '2021-02-28 17:00:00', 3557, 34500, 9799, '2024-12-06 16:02:16', '2024-12-06 16:02:16'),
('@BrittneyW79193', 'Brittney White', 'User', '2024-10-31 17:00:00', 4, 0, 0, '2024-12-06 16:42:04', '2024-12-06 16:42:04'),
('@brlienQ8', 'سـعد', 'User', '2017-03-31 17:00:00', 867, 92400, 23500, '2024-12-06 16:02:34', '2024-12-06 16:02:34'),
('@brook_1o1', 'ጄ ', 'User', '2016-05-31 17:00:00', 1188, 38, 339, '2024-12-07 15:43:50', '2024-12-07 15:43:50'),
('@BrotherCubus', 'Cubus ', 'KOL', '2021-09-30 17:00:00', 3220, 3195, 15900, '2024-12-06 15:56:16', '2024-12-06 15:56:16'),
('@BruceTWhite1', 'Bruce T White', 'User', '2021-03-31 17:00:00', 1009, 1695, 7740, '2024-12-06 16:20:19', '2024-12-06 16:20:19'),
('@brunnyfor3', 'brunnyfor3', 'User', '2024-10-31 17:00:00', 83, 55, 100, '2024-12-06 16:41:42', '2024-12-06 16:41:42'),
('@BTCGandalf', 'Daniel Sempere Pico', 'KOL', '2021-01-31 17:00:00', 4329, 85400, 54000, '2024-12-06 16:40:16', '2024-12-06 16:40:16'),
('@BTCnerRo', 'BTC to the people', 'User', '2020-12-31 17:00:00', 80, 367, 5116, '2024-12-07 17:09:04', '2024-12-07 17:09:04'),
('@BTCsessions', 'BTC Sessions ', 'KOL', '2013-12-31 17:00:00', 5688, 145000, 54400, '2024-12-06 16:31:14', '2024-12-06 16:31:14'),
('@btcterminal_', 'BtcTerminal', 'KOL', '2024-01-31 17:00:00', 96, 98100, 1288, '2024-12-06 16:09:21', '2024-12-06 16:09:21'),
('@BTCTN', 'Bitcoin.com News', 'KOL', '2015-06-30 17:00:00', 956, 3000000, 53900, '2024-12-06 15:40:39', '2024-12-06 15:40:39'),
('@bug_base', '$BooMerang', 'User', '2024-06-30 17:00:00', 43, 371, 3779, '2024-12-07 17:11:57', '2024-12-07 17:11:57'),
('@BulletEyeDK', 'BulletEyeDK.eth', 'User', '2013-04-30 17:00:00', 4495, 2474, 26800, '2024-12-07 17:10:13', '2024-12-07 17:10:13'),
('@BullishSingh_', 'Bullish Singh! ', 'KOL', '2023-11-30 17:00:00', 41, 1760, 4739, '2024-12-07 08:01:21', '2024-12-07 08:01:21'),
('@bushraakba75629', 'bushra akbar', 'User', '2023-11-30 17:00:00', 104, 3, 15, '2024-12-06 16:56:54', '2024-12-06 16:56:54'),
('@buythedip007', 'Fed Bomb', 'KOL', '2015-01-31 17:00:00', 76, 85, 2474, '2024-12-07 10:04:47', '2024-12-07 10:04:47'),
('@BVenomclaw39780', 'Blockchain | VenomClaw', 'User', '2024-07-31 17:00:00', 4, 2, 13, '2024-12-06 17:02:18', '2024-12-06 17:02:18'),
('@ByCoinvo', 'Coinvo', 'KOL', '2019-06-30 17:00:00', 268, 292000, 3882, '2024-12-07 15:46:15', '2024-12-07 15:46:15'),
('@bycryptoby', 'bybyby', 'User', '2019-04-30 17:00:00', 23, 394, 16000, '2024-12-07 10:04:35', '2024-12-07 16:15:05'),
('@byrbzr', 'TyTyranus', 'User', '2022-01-31 17:00:00', 976, 954, 13500, '2024-12-07 17:07:21', '2024-12-07 17:07:21'),
('@CaitlinLong_', 'Caitlin Long ', 'KOL', '2016-03-31 17:00:00', 3776, 235200, 25700, '2024-12-06 16:31:16', '2024-12-06 16:31:16'),
('@CallerJandy', 'JANDY BROWN', 'User', '2011-06-30 17:00:00', 36, 7, 50, '2024-12-07 07:53:05', '2024-12-07 07:53:05'),
('@CalvinWeight', 'Calvin Weight', 'KOL', '2019-03-31 17:00:00', 529, 10800, 2619, '2024-12-06 16:20:42', '2024-12-06 16:20:42'),
('@Canadakgw12', 'Bashar Umar Kangiwa', 'User', '2024-11-30 17:00:00', 5, 0, 0, '2024-12-06 17:19:49', '2024-12-06 17:19:49'),
('@Captainbeestart', 'Captainbeestart', 'User', '2022-08-31 17:00:00', 108, 17, 248, '2024-12-07 16:57:43', '2024-12-07 16:57:43'),
('@Cardanians_io', 'Cardanians (CRDN)', 'KOL', '2019-07-31 17:00:00', 454, 63000, 16500, '2024-12-07 07:47:43', '2024-12-07 07:47:43'),
('@Cardano', 'Cardano Community', 'KOL', '2016-12-31 17:00:00', 613, 1300000, 7564, '2024-12-07 07:47:58', '2024-12-07 07:47:58'),
('@CardanoTales', 'CardanoTales', 'User', '2021-03-31 17:00:00', 159, 2895, 1006, '2024-12-07 07:47:38', '2024-12-07 07:47:38'),
('@carlocabiladas', 'carlo cabiladas', 'User', '2014-05-31 17:00:00', 398, 493, 13400, '2024-12-07 17:12:08', '2024-12-07 17:12:08'),
('@CarolDaETH', 'Carol Dalton', 'User', '2022-09-30 17:00:00', 12, 218, 1016, '2024-12-07 17:20:29', '2024-12-07 17:20:29'),
('@carsem15389', 'Carsem Rindang', 'User', '2024-09-30 17:00:00', 676, 118, 1797, '2024-12-06 17:02:58', '2024-12-06 17:02:58'),
('@cat27886528', 'KitC ', 'User', '2022-09-30 17:00:00', 481, 184, 4071, '2024-12-07 07:55:40', '2024-12-07 07:55:40'),
('@CatalystSwarm', 'SWARM', 'KOL', '2021-04-30 17:00:00', 880, 2576, 6673, '2024-12-07 07:47:56', '2024-12-07 07:47:56'),
('@CathieC98435676', 'Cathie Clark', 'User', '2022-04-30 17:00:00', 111, 386, 6418, '2024-12-07 17:07:10', '2024-12-07 17:07:10'),
('@CBoyoch48152', 'christian boyoch', 'User', '2023-09-30 17:00:00', 471, 6, 151, '2024-12-07 15:44:01', '2024-12-07 15:44:01'),
('@cdeangelo68', 'Smiles ', 'User', '2011-06-30 17:00:00', 1088, 625, 7697, '2024-12-07 07:47:15', '2024-12-07 07:47:15'),
('@CertiK', 'CertiK', 'KOL', '2018-04-30 17:00:00', 1319, 465400, 6721, '2024-12-06 17:11:36', '2024-12-06 17:11:36'),
('@cerusvaults', 'CERUS - Maximize Your Potential ', 'KOL', '2022-07-31 17:00:00', 152, 3306, 4724, '2024-12-07 17:00:19', '2024-12-07 17:00:19'),
('@cex_io', 'CEX.IO', 'KOL', '2013-08-31 17:00:00', 307, 2100000, 22800, '2024-12-07 07:48:29', '2024-12-07 07:48:29'),
('@chadeverett', 'GigaChad', 'KOL', '2011-04-30 17:00:00', 353, 10300, 8532, '2024-12-06 16:40:36', '2024-12-06 16:40:36'),
('@chainwhip', 'ChainWhip', 'KOL', '2008-03-31 17:00:00', 838, 62, 1894, '2024-12-06 16:44:23', '2024-12-06 16:44:23'),
('@chakra_ai', 'Chakra Labs', 'KOL', '2024-05-31 17:00:00', 8, 636, 6, '2024-12-06 16:45:25', '2024-12-06 16:45:25'),
('@CharlieShrem', 'Charlie Shrem', 'KOL', '2009-02-28 17:00:00', 1084, 256200, 20900, '2024-12-06 16:59:41', '2024-12-06 16:59:41'),
('@chervillbeee', ' lucky squidweird ', 'KOL', '2012-03-31 17:00:00', 3983, 230, 31500, '2024-12-06 17:03:47', '2024-12-06 17:03:47'),
('@chilakala505', 'arunkumarreddy', 'User', '2010-12-31 17:00:00', 41, 25, 374, '2024-12-07 07:35:56', '2024-12-07 07:35:56'),
('@ChillGuyMe', 'ChillGuyMe', 'User', '2024-10-31 17:00:00', 19, 11, 6, '2024-12-07 16:57:21', '2024-12-07 16:57:21'),
('@chirag_mohan', 'Mohan Chirag Rastogi', 'User', '2023-05-31 17:00:00', 233, 25, 234, '2024-12-07 16:42:22', '2024-12-07 16:42:22'),
('@Chommycyn', 'chommy_2rue', 'User', '2010-02-28 17:00:00', 1814, 626, 20200, '2024-12-07 07:48:40', '2024-12-07 07:48:40'),
('@chrisbtcrocks', 'Chris', 'User', '2013-02-28 17:00:00', 163, 310, 3508, '2024-12-07 17:00:42', '2024-12-07 17:00:42'),
('@ChrisSaSoriya', 'Christian SaSoriya', 'KOL', '2022-02-28 17:00:00', 337, 469, 8933, '2024-12-07 17:10:48', '2024-12-07 17:10:48'),
('@chuckischuck99', 'chuckischuck', 'User', '2023-06-30 17:00:00', 2142, 189, 2584, '2024-12-07 16:43:50', '2024-12-07 16:43:50'),
('@chucklesgambler', 'Sean', 'User', '2024-10-31 17:00:00', 182, 129, 1361, '2024-12-07 16:35:47', '2024-12-07 16:35:47'),
('@cjkswd', 'Camel Jockey', 'User', '2024-05-31 17:00:00', 33, 29, 479, '2024-12-07 10:06:30', '2024-12-07 10:06:30'),
('@CJ_Reim', 'CJ Reim', 'KOL', '2009-02-28 17:00:00', 1465, 111700, 1215, '2024-12-06 15:40:43', '2024-12-06 17:00:11'),
('@clang26', 'clarisse yutuc', 'User', '2010-11-30 17:00:00', 1, 5, 3, '2024-12-07 17:00:31', '2024-12-07 17:00:31'),
('@Clara192487', 'Clara', 'User', '2024-08-31 17:00:00', 278, 86, 1262, '2024-12-07 16:04:22', '2024-12-07 16:04:22'),
('@clark_terr79727', 'terrica clark', 'User', '2024-11-30 17:00:00', 2, 2, 1, '2024-12-07 16:59:12', '2024-12-07 16:59:12'),
('@claudeonline45', 'N Claude', 'User', '2022-10-31 17:00:00', 1241, 91, 3719, '2024-12-07 16:42:00', '2024-12-07 16:42:00'),
('@CLAUSE_COIN', 'MRSCLAUSE', 'KOL', '2022-09-30 17:00:00', 1209, 629, 2350, '2024-12-07 07:57:11', '2024-12-07 07:57:11'),
('@ClayHamNFTS', 'CHam', 'User', '2021-08-31 17:00:00', 4212, 1034, 15300, '2024-12-07 15:57:30', '2024-12-07 15:57:30'),
('@clement1929273', 'clement', 'User', '2024-11-30 17:00:00', 2, 4, 53, '2024-12-07 15:25:24', '2024-12-07 15:41:15'),
('@clifton_ideas', 'Clifton Fx', 'KOL', '2021-06-30 17:00:00', 87, 19300, 3424, '2024-12-07 16:36:46', '2024-12-07 16:36:46'),
('@cmrice71', 'Christopher Rice', 'KOL', '2010-10-31 17:00:00', 1506, 1340, 11000, '2024-12-07 17:30:30', '2024-12-07 17:30:30'),
('@Cobratate', 'Andrew Tate', 'KOL', '2011-06-30 17:00:00', 1037, 10400000, 16500, '2024-12-06 17:11:17', '2024-12-06 17:11:17'),
('@cocoa_maven', 'Cocoa A.', 'User', '2021-02-28 17:00:00', 190, 34, 30, '2024-12-07 16:23:55', '2024-12-07 16:23:55'),
('@CodanCrypto', 'Codan81', 'KOL', '2009-11-30 17:00:00', 421, 369, 2327, '2024-12-07 16:05:14', '2024-12-07 16:05:14'),
('@CoinDesk', 'CoinDesk', 'KOL', '2013-03-31 17:00:00', 1692, 3200000, 130700, '2024-12-06 15:40:38', '2024-12-06 15:40:38'),
('@coingecko', 'CoinGecko', 'KOL', '2014-02-28 17:00:00', 575, 2100000, 34000, '2024-12-07 17:13:03', '2024-12-07 17:13:03'),
('@coinlivespace', 'CoinLIVEspace', 'KOL', '2022-12-31 17:00:00', 578, 565, 13200, '2024-12-06 17:01:45', '2024-12-06 17:01:45'),
('@CoinpediaNews', 'Coinpedia', 'KOL', '2016-11-30 17:00:00', 2704, 10700, 27600, '2024-12-07 07:35:34', '2024-12-07 07:35:34'),
('@CoinSonarBot', 'Coin Sonar V2', 'KOL', '2019-04-30 17:00:00', 65, 27700, 36700, '2024-12-06 16:08:52', '2024-12-06 16:08:52'),
('@Coins_Chick', 'CC', 'KOL', '2022-02-28 17:00:00', 2202, 8126, 25600, '2024-12-07 17:30:27', '2024-12-07 17:30:27'),
('@Cointelegraph', 'Cointelegraph', 'KOL', '2013-10-31 17:00:00', 1204, 2400000, 151100, '2024-12-06 15:40:37', '2024-12-06 15:40:37'),
('@CoinWOfficial', 'CoinW', 'KOL', '2018-12-31 17:00:00', 458, 446200, 11400, '2024-12-07 11:16:01', '2024-12-07 15:49:56'),
('@CollinBrownXRP', 'Collin Brown', 'KOL', '2023-08-31 17:00:00', 159, 9002, 5790, '2024-12-07 10:07:42', '2024-12-07 10:07:42'),
('@collinko', 'ordia collins paul', 'User', '2009-03-31 17:00:00', 1000, 129, 639, '2024-12-07 15:33:39', '2024-12-07 15:33:39'),
('@CollinsUko13275', 'ukoh collins', 'User', '2024-06-30 17:00:00', 373, 2, 175, '2024-12-06 16:55:36', '2024-12-06 16:55:36'),
('@CoolBreeze018', 'ColdBreeze', 'KOL', '2015-11-30 17:00:00', 1906, 1384, 35600, '2024-12-07 17:30:33', '2024-12-07 17:30:33'),
('@Copenhaguen83', 'Aaron Copenhaguen ', 'KOL', '2009-04-30 17:00:00', 1014, 2058, 11400, '2024-12-06 16:43:33', '2024-12-06 16:43:33'),
('@CoreyMa98925358', 'ᛤRocketDrᛤ', 'User', '2022-10-31 17:00:00', 373, 388, 1613, '2024-12-07 15:57:15', '2024-12-07 15:57:15'),
('@coskunkomurcu17', 'Josh in Florida', 'User', '2014-07-31 17:00:00', 1118, 227, 535, '2024-12-07 17:01:26', '2024-12-07 17:01:26'),
('@CowResponsible', 'Responsible_Human_Cow', 'User', '2019-02-28 17:00:00', 14, 1, 309, '2024-12-07 16:28:59', '2024-12-07 16:28:59'),
('@craiigdvz11', 'Craig davies', 'User', '2011-08-31 17:00:00', 149, 2299, 6289, '2024-12-07 17:10:01', '2024-12-07 17:10:01'),
('@creamcurtis', 'Cream Curtis', 'KOL', '2008-11-30 17:00:00', 10100, 23900, 14400, '2024-12-06 16:43:30', '2024-12-06 16:43:30'),
('@CreepurQ', 'CreepurQT', 'KOL', '2019-02-28 17:00:00', 344, 142, 1516, '2024-12-07 16:45:02', '2024-12-07 16:45:02'),
('@cristian_is_c', 'Cristian', 'KOL', '2011-12-31 17:00:00', 602, 3055, 5024, '2024-12-06 17:12:13', '2024-12-06 17:12:13'),
('@CrtatoRt', 'CaridadRT', 'User', '2014-12-31 17:00:00', 49, 2, 353, '2024-12-07 11:16:20', '2024-12-07 11:16:20'),
('@crypt0bitl0rd', 'Crypto Bitlord', 'User', '2023-06-30 17:00:00', 278, 70, 1452, '2024-12-06 16:01:04', '2024-12-06 16:01:04'),
('@Crypt0men', '#btc #nft #defi', 'User', '2010-04-30 17:00:00', 963, 87900, 33900, '2024-12-06 16:02:05', '2024-12-06 16:02:05'),
('@cryptclay', 'Alex Clay', 'KOL', '2019-11-30 17:00:00', 225, 24300, 11000, '2024-12-07 16:37:10', '2024-12-07 16:37:10'),
('@crypthics', 'Crypthics', 'User', '2024-10-31 17:00:00', 18, 3, 10, '2024-12-07 16:24:28', '2024-12-07 16:24:28'),
('@Cryptizzley', 'Cryptizzle ', 'User', '2009-07-31 17:00:00', 815, 1551, 6995, '2024-12-07 07:45:36', '2024-12-07 07:45:36'),
('@Crypto50plus', 'Crypto 50+', 'KOL', '2024-08-31 17:00:00', 408, 1276, 27200, '2024-12-07 17:00:11', '2024-12-07 17:00:11'),
('@CryptoAccUK', 'Crypto Accountants & Advisors', 'User', '2021-10-31 17:00:00', 289, 74, 508, '2024-12-06 17:01:44', '2024-12-06 17:01:44'),
('@CryptoAnarchyst', 'CryptoAnarchyst', 'KOL', '2018-11-30 17:00:00', 524, 750, 6977, '2024-12-07 17:30:35', '2024-12-07 17:30:35'),
('@cryptobullzx', 'cryptobullishg', 'User', '2024-10-31 17:00:00', 118, 41, 539, '2024-12-07 15:55:18', '2024-12-07 15:55:18'),
('@CryptoClaude22', 'Crypto Claude', 'KOL', '2021-12-31 17:00:00', 2613, 1530, 2733, '2024-12-06 17:22:46', '2024-12-06 17:22:46'),
('@cryptocom', 'Crypto.com', 'KOL', '2017-04-30 17:00:00', 494, 2900000, 15700, '2024-12-07 11:26:25', '2024-12-07 11:26:25'),
('@cryptoconsol', 'Crypto Console', 'KOL', '2021-03-31 17:00:00', 1623, 549, 4214, '2024-12-06 17:21:59', '2024-12-06 17:21:59'),
('@CryptoDadLife', 'CryptoDadLife', 'KOL', '2009-01-31 17:00:00', 4478, 1048, 15000, '2024-12-06 16:44:24', '2024-12-06 16:44:24'),
('@CryptoDaFuq', 'CryptoDab', 'KOL', '2018-03-31 17:00:00', 3251, 905, 564, '2024-12-06 15:44:46', '2024-12-06 15:44:46'),
('@CryptoFaibik', 'Captain Faibik ', 'KOL', '2018-09-30 17:00:00', 29, 98500, 9641, '2024-12-07 16:37:07', '2024-12-07 16:37:07'),
('@cryptofarmer99', 'Binod', 'KOL', '2023-11-30 17:00:00', 134, 1816, 11900, '2024-12-07 08:01:49', '2024-12-07 08:01:49'),
('@cryptoforapes', 'Orang Hutan ', 'User', '2023-06-30 17:00:00', 302, 418, 2009, '2024-12-07 17:24:08', '2024-12-07 17:24:08'),
('@CryptoGaneNexus', 'CryptoGaneNexus', 'KOL', '2013-03-31 17:00:00', 484, 181, 2184, '2024-12-07 16:45:17', '2024-12-07 16:45:17'),
('@CryptoGeekNews', 'CryptoGeek', 'KOL', '2021-03-31 17:00:00', 378, 58400, 5327, '2024-12-06 15:54:37', '2024-12-06 15:54:37'),
('@CryptoGenius419', 'CryptoGenius', 'KOL', '2023-11-30 17:00:00', 36, 1779, 5205, '2024-12-07 08:01:22', '2024-12-07 08:01:22'),
('@CryptoHodlerrrr', 'MIA', 'User', '2017-11-30 17:00:00', 424, 471, 5274, '2024-12-07 07:47:04', '2024-12-07 07:47:04'),
('@CryptoHulk19', 'Crypto Hulk', 'KOL', '2021-08-31 17:00:00', 253, 38000, 8636, '2024-12-06 15:54:16', '2024-12-06 15:54:16'),
('@Cryptolamb63051', 'Rising Phoenix', 'User', '2024-10-31 17:00:00', 30, 3, 49, '2024-12-07 07:56:58', '2024-12-07 07:56:58'),
('@CryptoLouisDC75', 'Crypto_Louis', 'User', '2022-02-28 17:00:00', 53, 10, 83, '2024-12-07 17:07:32', '2024-12-07 17:07:32'),
('@Cryptonaut36665', 'Cryptonaut', 'User', '2024-10-31 17:00:00', 54, 22, 32, '2024-12-07 07:40:18', '2024-12-07 07:40:18'),
('@CryptooIndia', 'Crypto India', 'KOL', '2017-11-30 17:00:00', 741, 356100, 8554, '2024-12-06 15:40:41', '2024-12-06 15:40:41'),
('@CryptoPatel', 'Crypto Patel', 'KOL', '2012-08-31 17:00:00', 402, 47100, 16000, '2024-12-07 16:27:45', '2024-12-07 16:27:45'),
('@Cryptopher22', 'Cryptopher St.Mine', 'User', '2021-11-30 17:00:00', 719, 107, 2916, '2024-12-07 16:58:50', '2024-12-07 16:58:50'),
('@CryptosandWine', 'CryptosandWine', 'KOL', '2021-06-30 17:00:00', 67, 609, 3197, '2024-12-07 08:03:05', '2024-12-07 08:03:05'),
('@CryptoSilvFox', 'Guido Schmitz', 'KOL', '2023-07-31 17:00:00', 1217, 168, 404, '2024-12-06 16:18:27', '2024-12-06 16:18:27'),
('@CryptoSlav__', 'Crypto Slav', 'KOL', '2020-11-30 17:00:00', 372, 124, 451, '2024-12-06 15:44:49', '2024-12-06 15:44:49'),
('@CryptoTxn', 'T', 'KOL', '2012-12-31 17:00:00', 2246, 1555, 3047, '2024-12-06 16:43:14', '2024-12-06 16:43:14'),
('@Cryptovation95', 'OVA', 'User', '2021-04-30 17:00:00', 537, 115, 603, '2024-12-07 16:27:30', '2024-12-07 16:27:30'),
('@cryptowizardBTC', 'Cryptowizard ₿ ', 'KOL', '2019-09-30 17:00:00', 812, 3857, 11300, '2024-12-07 11:26:37', '2024-12-07 11:26:37'),
('@Cryptoz_0x', 'Cryptoz_0x', 'KOL', '2018-12-31 17:00:00', 1886, 6647, 293, '2024-12-06 17:22:05', '2024-12-06 17:22:05'),
('@crypto_economy', 'CryptoEconomy', 'User', '2016-10-31 17:00:00', 511, 8100, 14700, '2024-12-06 17:01:09', '2024-12-06 17:01:09'),
('@Crypto_Inside_', 'Cryptocurrency Inside', 'KOL', '2021-10-31 17:00:00', 13800, 50100, 12300, '2024-12-07 17:00:17', '2024-12-07 17:00:17'),
('@Crypto_is_Hell', 'Robik ✪', 'User', '2016-04-30 17:00:00', 37, 12, 736, '2024-12-07 17:20:51', '2024-12-07 17:20:51'),
('@crypto_ita2', 'Alessandro Mazza', 'KOL', '2020-12-31 17:00:00', 1025, 57300, 13400, '2024-12-06 16:55:18', '2024-12-06 16:55:18'),
('@Crypto_Mags', 'MAGS ', 'KOL', '2017-06-30 17:00:00', 2298, 26200, 18400, '2024-12-06 16:40:34', '2024-12-06 16:40:34'),
('@crypto_rand', 'Crypto Rand', 'KOL', '2017-04-30 17:00:00', 1578, 313300, 52500, '2024-12-07 11:02:51', '2024-12-07 11:02:51'),
('@Crypto_Savvy0', 'ETH Hunter', 'User', '2023-11-30 17:00:00', 80, 1573, 8895, '2024-12-07 08:01:35', '2024-12-07 08:01:35'),
('@Crypto__Berlin', 'CRYPTO BERLIN', 'KOL', '2023-01-31 17:00:00', 8867, 55000, 52900, '2024-12-06 17:03:48', '2024-12-06 17:03:48'),
('@CToshi_Bull', '𝕏', 'User', '2020-06-30 17:00:00', 1074, 873, 14000, '2024-12-06 16:01:33', '2024-12-06 16:01:33'),
('@CuanXtra', '✿Vexana ', 'KOL', '2021-05-31 17:00:00', 4148, 138, 27000, '2024-12-06 17:03:53', '2024-12-06 17:03:53'),
('@cumali_Akan60', 'Cumali Akan', 'User', '2014-04-30 17:00:00', 21, 1, 7, '2024-12-07 16:35:58', '2024-12-07 16:35:58'),
('@CunyboyP', 'Cuny', 'User', '2022-04-30 17:00:00', 2911, 3554, 53600, '2024-12-07 17:30:46', '2024-12-07 17:30:46'),
('@cyberfly_io', 'Cyberfly', 'KOL', '2022-03-31 17:00:00', 458, 20800, 615, '2024-12-07 07:52:20', '2024-12-07 07:52:20'),
('@Cyberteam_Tools', '𝐂𝐲𝐛𝐞𝐫𝐓𝐞𝐚𝐦 𝐓ools', 'User', '2024-07-31 17:00:00', 0, 35, 2230, '2024-12-07 16:27:07', '2024-12-07 16:27:07'),
('@CynthiaMLummis', 'Cynthia Lummis ', 'KOL', '2019-05-31 17:00:00', 508, 102700, 3467, '2024-12-06 16:31:42', '2024-12-06 16:31:42'),
('@daedalprincess', 'ChanelB', 'KOL', '2010-06-30 17:00:00', 1177, 2639, 37100, '2024-12-07 15:55:52', '2024-12-07 15:55:52'),
('@daemon_0x', '0xDaemon', 'User', '2024-04-30 17:00:00', 17, 15100, 36, '2024-12-06 17:11:51', '2024-12-06 17:11:51'),
('@dak', 'Dak Prescott', 'KOL', '2011-09-30 17:00:00', 741, 1400000, 4012, '2024-12-06 15:39:09', '2024-12-06 15:39:09'),
('@Daks_Gunaratne', 'Daks Gunaratne', 'KOL', '2024-07-31 17:00:00', 5047, 1971, 5559, '2024-12-06 16:30:26', '2024-12-06 16:30:26'),
('@dalionmann', 'lionhat', 'User', '2019-06-30 17:00:00', 791, 187, 2704, '2024-12-07 10:00:40', '2024-12-07 10:00:40'),
('@dallascowboys', 'Dallas Cowboys', 'KOL', '2007-08-31 17:00:00', 249, 4400000, 84800, '2024-12-06 15:39:21', '2024-12-06 15:39:21'),
('@DAlves83263', 'daniel alves', 'User', '2024-10-31 17:00:00', 173, 56, 32, '2024-12-07 07:37:49', '2024-12-07 07:37:49'),
('@damon_klass', 'Damon Klass $GARBAGE', 'User', '2023-02-28 17:00:00', 84, 3, 39, '2024-12-06 17:15:15', '2024-12-06 17:15:15'),
('@danbookstaber', 'Daniel Bookstaber', 'User', '2009-05-31 17:00:00', 135, 450, 8, '2024-12-06 15:39:54', '2024-12-06 15:39:54'),
('@danielBravoCCas', 'Daniel Bravo Castillo', 'User', '2011-04-30 17:00:00', 58, 4, 5, '2024-12-07 16:33:11', '2024-12-07 16:33:11'),
('@DanielWhitters', 'Daniel Whittington', 'KOL', '2009-10-31 17:00:00', 3668, 787, 2935, '2024-12-06 15:45:33', '2024-12-06 15:45:33'),
('@DanoLaMack', 'Dano Lajoie', 'User', '2021-12-31 17:00:00', 370, 28, 195, '2024-12-07 15:45:29', '2024-12-07 15:45:29'),
('@dany_vega101', 'dany_vega101', 'User', '2012-09-30 17:00:00', 27, 3, 352, '2024-12-07 16:15:31', '2024-12-07 16:15:31'),
('@DappCamp_', 'DappCamp', 'User', '2021-12-31 17:00:00', 20, 2970, 723, '2024-12-06 15:39:20', '2024-12-06 15:39:20'),
('@DariusJame6186', 'Darius James', 'User', '2024-02-29 17:00:00', 47, 3, 3, '2024-12-06 15:59:25', '2024-12-06 15:59:25'),
('@dariuzelliot', 'Dariuz Elliot', 'User', '2012-11-30 17:00:00', 952, 522, 356, '2024-12-07 11:15:24', '2024-12-07 16:15:17'),
('@Darrenvaxxv', 'Darren', 'User', '2021-12-31 17:00:00', 378, 284, 2085, '2024-12-07 11:03:47', '2024-12-07 11:03:47'),
('@DarthMemeX', 'Darth_Meme', 'KOL', '2021-04-30 17:00:00', 1211, 28500, 66900, '2024-12-06 15:55:40', '2024-12-06 15:55:40'),
('@Davico67227442', '¶∆Davico∆¶', 'User', '2018-09-30 17:00:00', 35, 0, 38, '2024-12-07 15:43:27', '2024-12-07 15:43:27'),
('@davidgokhshtein', 'David Gokhshtein', 'KOL', '2010-06-30 17:00:00', 444, 778800, 141200, '2024-12-06 15:46:18', '2024-12-06 15:46:18'),
('@DavidGutshall', 'Gutman', 'User', '2014-12-31 17:00:00', 355, 249, 536, '2024-12-07 16:45:15', '2024-12-07 16:45:15'),
('@DAym4720', 'DeeSHIB', 'KOL', '2020-04-30 17:00:00', 8038, 8637, 50000, '2024-12-06 16:01:43', '2024-12-06 16:01:43'),
('@dbooo99', 'abdulrahman', 'KOL', '2011-02-28 17:00:00', 3312, 687, 3887, '2024-12-06 16:18:28', '2024-12-06 16:18:28'),
('@Deadpoolsh10343', 'Deadpoolshort', 'User', '2023-12-31 17:00:00', 128, 111, 136, '2024-12-07 17:31:53', '2024-12-07 17:31:53'),
('@DeanParryIP', 'Dean Parry', 'KOL', '2018-10-31 17:00:00', 4169, 639, 1247, '2024-12-06 16:16:22', '2024-12-06 16:16:22'),
('@decepticdead', 'Deadceptic', 'User', '2024-02-29 17:00:00', 86, 14, 23, '2024-12-07 16:59:01', '2024-12-07 16:59:01'),
('@DeerSongShu', '刘歌', 'User', '2013-07-31 17:00:00', 21, 3, 337, '2024-12-07 16:28:26', '2024-12-07 16:28:26'),
('@DefiHaley', 'Haley', 'KOL', '2018-08-31 17:00:00', 540, 36000, 9100, '2024-12-07 17:18:20', '2024-12-07 17:18:20'),
('@DeFi_Land', 'DeFi Land', 'KOL', '2021-04-30 17:00:00', 814, 90100, 3785, '2024-12-06 16:44:55', '2024-12-06 16:44:55'),
('@Defi_Versal', 'Vishal Sen', 'KOL', '2023-11-30 17:00:00', 86, 902, 8378, '2024-12-07 08:01:23', '2024-12-07 08:01:23'),
('@degentrader1111', 'Degentrader', 'User', '2014-12-31 17:00:00', 562, 165, 2727, '2024-12-07 16:06:48', '2024-12-07 16:06:48'),
('@Dejibablo', 'Crypto Deji', 'User', '2020-05-31 17:00:00', 287, 155, 951, '2024-12-07 17:08:08', '2024-12-07 17:08:08'),
('@delgarddis18070', 'delgarddistcent1980', 'User', '2023-11-30 17:00:00', 0, 7, 261, '2024-12-07 07:56:02', '2024-12-07 07:56:02'),
('@DelwynEsse', 'Delwyn Ezee', 'User', '2014-01-31 17:00:00', 441, 335, 359, '2024-12-07 11:14:06', '2024-12-07 11:35:50'),
('@demyanchuk11', 'Anatoliy', 'User', '2021-04-30 17:00:00', 78, 69, 192, '2024-12-07 07:40:29', '2024-12-07 07:40:29'),
('@DenlyDahl', 'Bjorn Dahl Denly', 'User', '2023-06-30 17:00:00', 72, 115, 271, '2024-12-07 16:45:40', '2024-12-07 16:45:40'),
('@Dennis_Porter_', 'Dennis Porter', 'KOL', '2020-07-31 17:00:00', 3631, 196500, 23700, '2024-12-06 16:39:58', '2024-12-06 16:39:58'),
('@DennOshi95', 'DennOshi | Dennis ', 'User', '2021-08-31 17:00:00', 4025, 1465, 10700, '2024-12-06 15:56:28', '2024-12-06 15:56:28'),
('@denverbitcoin', 'Adam O', 'User', '2018-07-31 17:00:00', 1589, 63900, 70600, '2024-12-06 16:31:40', '2024-12-06 16:31:40'),
('@Desk_Expertise', 'DESK EXPERTISE', 'User', '2023-04-30 17:00:00', 590, 69, 1251, '2024-12-07 17:01:59', '2024-12-07 17:01:59'),
('@devil64382', 'Jcyk Bjk', 'User', '2024-10-31 17:00:00', 13, 6, 17, '2024-12-07 11:15:58', '2024-12-07 11:15:58'),
('@dfnsHQ', 'Dfns', 'KOL', '2021-03-31 17:00:00', 2, 1734, 361, '2024-12-06 17:12:07', '2024-12-06 17:12:07'),
('@dhavalkelawala', 'dee', 'User', '2013-04-30 17:00:00', 142, 53, 7539, '2024-12-07 16:22:26', '2024-12-07 16:22:26'),
('@diegohansgzz', 'diegohans.eth', 'KOL', '2014-11-30 17:00:00', 3059, 1362, 1640, '2024-12-06 16:43:28', '2024-12-06 16:43:28'),
('@diegoRedondooSa', 'Diego Redondo Saez', 'User', '2014-04-30 17:00:00', 69, 0, 8, '2024-12-07 16:36:09', '2024-12-07 16:36:09'),
('@DigitalNomad419', 'DigitalNomad.', 'KOL', '2023-11-30 17:00:00', 43, 1845, 5286, '2024-12-07 08:01:19', '2024-12-07 08:01:19'),
('@DigitalWilly', 'Digital Willy ', 'User', '2021-11-30 17:00:00', 349, 2672, 8863, '2024-12-06 15:54:00', '2024-12-06 15:54:00'),
('@disskuiw', 'Disskuiw', 'User', '2024-10-31 17:00:00', 79, 31, 284, '2024-12-07 16:58:28', '2024-12-07 16:58:28'),
('@DjMustafa14', 'Beats Mustafa', 'User', '2021-07-31 17:00:00', 1300, 411, 7704, '2024-12-07 07:43:27', '2024-12-07 07:43:27'),
('@djwaters', 'DjMines', 'KOL', '2009-05-31 17:00:00', 195, 12500, 11700, '2024-12-07 16:16:24', '2024-12-07 16:16:24'),
('@DoctorX_Meme', 'DoctorX', 'KOL', '2024-09-30 17:00:00', 26, 793400, 382, '2024-12-06 17:11:34', '2024-12-06 17:11:34'),
('@dogwifcoin', 'dogwifcoin', 'KOL', '2023-03-31 17:00:00', 1705, 121600, 3873, '2024-12-06 15:38:37', '2024-12-06 15:38:37'),
('@dolor3m', 'KiD LorΞm', 'KOL', '2021-11-30 17:00:00', 5251, 4027, 32700, '2024-12-06 15:54:02', '2024-12-06 15:54:02'),
('@Donaotel_Ai', 'Donaotel', 'User', '2021-07-31 17:00:00', 968, 1955, 6449, '2024-12-06 17:00:47', '2024-12-06 17:00:47'),
('@dosu_the_blind', 'radjazzz', 'User', '2024-10-31 17:00:00', 53, 47, 53, '2024-12-07 10:04:13', '2024-12-07 10:04:13'),
('@DouglasVes52841', 'Vesselin Douglas', 'User', '2024-07-31 17:00:00', 379, 190, 582, '2024-12-06 16:12:51', '2024-12-06 16:12:51');
INSERT INTO `users` (`user_id`, `username`, `role`, `joined_at`, `following`, `follower`, `posts_cnt`, `saved_at`, `updated_at`) VALUES
('@doveonsol', 'dove | AllDomains', 'User', '2022-01-31 17:00:00', 525, 584, 4154, '2024-12-07 17:34:53', '2024-12-07 17:34:53'),
('@dpkdpk014', 'Deepak kumar', 'User', '2016-01-31 17:00:00', 386, 42, 108, '2024-12-06 16:16:20', '2024-12-06 16:16:20'),
('@DriDriBlue123', 'DriDri', 'User', '2024-10-31 17:00:00', 62, 73, 202, '2024-12-07 16:27:41', '2024-12-07 16:27:41'),
('@DROPZXRP', 'XRP DROPZ', 'KOL', '2023-03-31 17:00:00', 589, 19800, 14600, '2024-12-06 15:54:04', '2024-12-06 15:54:04'),
('@DrueShue503', 'DrueShue503', 'User', '2019-12-31 17:00:00', 3242, 188, 7922, '2024-12-07 07:55:29', '2024-12-07 07:55:29'),
('@DrummerDude1969', 'DrummerDude', 'User', '2020-12-31 17:00:00', 1560, 4642, 3722, '2024-12-06 16:21:29', '2024-12-06 16:21:29'),
('@DrWavetrader', 'DR. Sherif Aborehab | د.شريف أبورحاب', 'KOL', '2017-10-31 17:00:00', 107, 47400, 11400, '2024-12-06 16:02:18', '2024-12-06 16:02:18'),
('@DTXnW4gN1SHwMD', 'ViolaDewey', 'User', '2024-02-29 17:00:00', 5566, 16, 0, '2024-12-06 16:27:26', '2024-12-06 16:27:26'),
('@duerightek49225', 'Md Mijan', 'User', '2024-01-31 17:00:00', 0, 0, 54, '2024-12-07 07:53:28', '2024-12-07 07:53:28'),
('@DukerEarin59317', 'Duker Earing', 'User', '2024-07-31 17:00:00', 358, 215, 580, '2024-12-06 16:13:02', '2024-12-06 16:13:02'),
('@DuongPhm11', 'Duong Phạm', 'User', '2021-11-30 17:00:00', 251, 1, 80, '2024-12-07 15:18:08', '2024-12-07 15:18:08'),
('@DyorExplore', 'Dyor', 'User', '2023-10-31 17:00:00', 195, 24, 326, '2024-12-06 17:03:09', '2024-12-06 17:03:09'),
('@earnwithrk', 'RK Gupta (EarnWithRK)', 'KOL', '2018-02-28 17:00:00', 763, 62100, 11400, '2024-12-06 15:41:23', '2024-12-06 16:59:43'),
('@easy3ntmulurek', 'adam', 'KOL', '2024-09-30 17:00:00', 1475, 1024, 5000, '2024-12-06 17:03:33', '2024-12-06 17:03:33'),
('@easytoluck', 'kela', 'KOL', '2024-01-31 17:00:00', 2992, 1062, 28500, '2024-12-06 17:03:34', '2024-12-06 17:03:34'),
('@easy_marsella', 'Marsella Bigwin', 'User', '2024-07-31 17:00:00', 3353, 138, 11700, '2024-12-07 11:20:46', '2024-12-07 11:20:46'),
('@echodatruth', 'Echo 𝕏', 'KOL', '2020-12-31 17:00:00', 2270, 53900, 15600, '2024-12-06 15:54:32', '2024-12-06 15:54:32'),
('@EdnStuff', 'Ed n\' Stuff', 'KOL', '2013-05-31 17:00:00', 992, 7083, 53300, '2024-12-07 07:47:42', '2024-12-07 07:47:42'),
('@eduarhoraciove1', 'Aya ', 'User', '2013-04-30 17:00:00', 1259, 1230, 129, '2024-12-07 16:25:36', '2024-12-07 16:25:36'),
('@EgyHashX', 'محمد المصري', 'KOL', '2022-07-31 17:00:00', 21, 31200, 6303, '2024-12-06 16:02:21', '2024-12-06 16:02:21'),
('@Eidolon_Mane1', 'Eidolon-Manes', 'KOL', '2022-03-31 17:00:00', 455, 224, 6713, '2024-12-06 17:22:49', '2024-12-06 17:22:49'),
('@Eiserengers', 'Zenobia Weiser', 'User', '2014-05-31 17:00:00', 896, 512, 342, '2024-12-07 11:15:01', '2024-12-07 11:15:01'),
('@Elcopttan', 'Mahmoud Saad ', 'KOL', '2011-01-31 17:00:00', 46, 15300, 10100, '2024-12-06 16:02:20', '2024-12-06 16:02:20'),
('@ELH3PMF', 'E.L.H', 'User', '2024-06-30 17:00:00', 179, 252, 2620, '2024-12-07 17:09:28', '2024-12-07 17:09:28'),
('@ellacryptoo', 'Lia ', 'User', '2020-08-31 17:00:00', 422, 68900, 33200, '2024-12-07 10:04:46', '2024-12-07 11:11:52'),
('@eloraw1nsx', 'zafi', 'User', '2020-02-29 17:00:00', 0, 348, 8401, '2024-12-07 16:02:08', '2024-12-07 16:02:08'),
('@ELSCapital', 'ELS Capital ▚▘▚▘▚▘', 'User', '2020-12-31 17:00:00', 869, 844, 4418, '2024-12-07 17:00:53', '2024-12-07 17:00:53'),
('@elton2545', 'Elton Santos', 'User', '2021-10-31 17:00:00', 1700, 403, 1678, '2024-12-07 07:37:27', '2024-12-07 07:37:27'),
('@emblazon1986', 'Halston Shakinah', 'User', '2023-05-31 17:00:00', 15, 3, 43, '2024-12-07 08:01:46', '2024-12-07 08:01:46'),
('@emiilyNFT', 'emily', 'User', '2022-07-31 17:00:00', 61, 1649, 218, '2024-12-07 11:13:44', '2024-12-07 11:13:44'),
('@emilya0000', 'MariaQueen', 'User', '2023-01-31 17:00:00', 249, 45, 1029, '2024-12-07 15:33:51', '2024-12-07 15:33:51'),
('@Emmameyer26436', 'Emma meyer', 'User', '2024-07-31 17:00:00', 477, 397, 208, '2024-12-06 16:18:41', '2024-12-06 16:18:41'),
('@emmanue45919108', 'emmanuel miller', 'User', '2017-11-30 17:00:00', 202, 67, 137, '2024-12-07 17:01:37', '2024-12-07 17:01:37'),
('@EMuhimana66921', 'Euphraim Muhimana', 'User', '2024-11-30 17:00:00', 113, 3, 1, '2024-12-06 15:58:08', '2024-12-06 15:58:08'),
('@Endeson154461', 'Endeson', 'User', '2024-11-30 17:00:00', 13, 1, 5, '2024-12-06 15:42:31', '2024-12-06 15:42:31'),
('@Enes79820363', 'Enes', 'User', '2019-05-31 17:00:00', 76, 22, 1174, '2024-12-07 16:47:08', '2024-12-07 16:47:08'),
('@Enfadozita', 'Fernandez', 'User', '2011-03-31 17:00:00', 38, 1, 7, '2024-12-06 17:14:41', '2024-12-06 17:14:41'),
('@EngrIbrahim1109', 'Ibrahim Muhammed', 'User', '2024-11-30 17:00:00', 40, 7, 2, '2024-12-06 15:58:41', '2024-12-06 15:58:41'),
('@Enhanced_Digi', 'Enhanced Digital Group', 'User', '2022-06-30 17:00:00', 91, 214, 27, '2024-12-06 16:32:07', '2024-12-06 16:32:07'),
('@Ennaningsih', 'Enna Ningsih', 'User', '2024-05-31 17:00:00', 2286, 31, 7452, '2024-12-07 15:54:56', '2024-12-07 15:54:56'),
('@EnochMayel', 'ZFB | Eclipse ', 'User', '2016-02-29 17:00:00', 487, 216, 333, '2024-12-07 11:14:17', '2024-12-07 17:17:19'),
('@eP4ugo0DszskisX', 'どんな時もプラス思考', 'User', '2019-04-30 17:00:00', 5, 627, 846, '2024-12-07 16:23:44', '2024-12-07 16:23:44'),
('@epy707', 'Epy', 'User', '2024-05-31 17:00:00', 321, 34, 721, '2024-12-07 16:02:42', '2024-12-07 16:02:42'),
('@erkan_bo', 'Erkan', 'KOL', '2011-12-31 17:00:00', 1638, 103, 1699, '2024-12-06 15:45:20', '2024-12-06 15:45:20'),
('@ErnestChiodini', 'Ernest Chiodini $GARBAGE', 'User', '2023-02-28 17:00:00', 86, 3, 45, '2024-12-06 17:15:04', '2024-12-06 17:15:04'),
('@ernia_bigwin', 'Do\'a ibu', 'User', '2024-06-30 17:00:00', 2747, 35, 7802, '2024-12-07 15:53:04', '2024-12-07 15:53:04'),
('@EsquivelSt96980', 'Staci Esquivel', 'User', '2024-11-30 17:00:00', 13, 0, 4, '2024-12-06 17:18:52', '2024-12-06 17:18:52'),
('@EsserMaria62894', 'Mariam Esser', 'KOL', '2024-10-31 17:00:00', 445, 98, 264, '2024-12-06 16:30:19', '2024-12-06 16:30:19'),
('@EsterPorte42961', 'Ester Porter', 'User', '2024-11-30 17:00:00', 13, 0, 4, '2024-12-06 17:17:21', '2024-12-06 17:17:21'),
('@EstherBaci69784', 'Esther Bassey', 'User', '2024-10-31 17:00:00', NULL, NULL, 1, '2024-12-06 16:15:58', '2024-12-06 16:15:58'),
('@etherawilliams', 'Ethera Williams', 'User', '2024-03-31 17:00:00', 93, 38, 2518, '2024-12-07 09:50:49', '2024-12-07 09:50:49'),
('@etventadv', 'EtVentisAdversis ن ', 'User', '2012-11-30 17:00:00', 5983, 5341, 241900, '2024-12-07 09:50:37', '2024-12-07 10:35:21'),
('@Evans_Crypto', 'Kirill Evans ', 'KOL', '2020-10-31 17:00:00', 1271, 79800, 4445, '2024-12-06 16:55:16', '2024-12-06 16:55:16'),
('@Evelyn769890137', 'Evelyn', 'User', '2023-07-31 17:00:00', 43, 62, 470, '2024-12-07 11:27:16', '2024-12-07 11:27:16'),
('@Everythingweb30', 'Amit Kumar', 'KOL', '2023-11-30 17:00:00', 84, 1633, 11800, '2024-12-07 08:01:48', '2024-12-07 08:01:48'),
('@exgoland_io', 'EXGOLAND', 'User', '2021-08-31 17:00:00', 136, 13200, 1310, '2024-12-06 16:02:58', '2024-12-06 16:02:58'),
('@exit_K7', 'EXIT.7', 'KOL', '2015-06-30 17:00:00', 997, 129, 1034, '2024-12-06 16:17:54', '2024-12-06 16:17:54'),
('@ExplorerAurora_', 'Aurora Villanueva', 'User', '2023-07-31 17:00:00', 496, 58, 633, '2024-12-06 16:00:09', '2024-12-06 16:00:09'),
('@ez_blockchain', 'EZ Blockchain', 'KOL', '2018-04-30 17:00:00', 146, 1063, 598, '2024-12-06 16:39:25', '2024-12-06 16:39:25'),
('@f4rhns02', 'Farhan', 'User', '2021-03-31 17:00:00', 12, 165, 1019, '2024-12-07 16:24:17', '2024-12-07 16:24:17'),
('@FAbisawan', 'TorontoHabibi {WAGBO}', 'User', '2021-09-30 17:00:00', 822, 1597, 40600, '2024-12-07 17:37:34', '2024-12-07 17:37:34'),
('@faerycrypto', '', 'User', '2021-08-31 17:00:00', 49, 164, 533, '2024-12-07 17:08:19', '2024-12-07 17:08:19'),
('@FahadVlogs3', 'Fahad Hashmi', 'User', '2022-10-31 17:00:00', 6, 2, 296, '2024-12-07 15:16:05', '2024-12-07 15:16:05'),
('@Faysal_Hussain_', 'فيصل حُسَيْن', 'KOL', '2009-09-30 17:00:00', 431, 41, 98, '2024-12-06 17:22:18', '2024-12-06 17:22:18'),
('@fbones212', 'fbones212 / Frank B', 'KOL', '2020-03-31 17:00:00', 5842, 2326, 1531, '2024-12-06 15:44:54', '2024-12-06 15:44:54'),
('@FDLabsHQ', 'First Digital Labs', 'User', '2023-04-30 17:00:00', 103, 5400, 214, '2024-12-06 16:45:17', '2024-12-06 16:45:17'),
('@feehhoffmann1', 'Chandler', 'User', '2014-05-31 17:00:00', 23, 2, 186, '2024-12-07 15:48:57', '2024-12-07 15:48:57'),
('@felicitty77', 'evangelina', 'KOL', '2010-03-31 17:00:00', 106, 829, 470, '2024-12-06 16:19:05', '2024-12-06 16:19:05'),
('@Felipe33718083', 'Felipe il Capo', 'User', '2019-10-31 17:00:00', 636, 33, 1679, '2024-12-07 07:46:53', '2024-12-07 07:46:53'),
('@FidelisUdenwa', 'Udenkama', 'User', '2020-04-30 17:00:00', 273, 31, 131, '2024-12-06 16:58:44', '2024-12-06 16:58:44'),
('@Fiona00119', 'Fiona', 'User', '2014-01-31 17:00:00', 305, 827, 376, '2024-12-07 17:17:57', '2024-12-07 17:17:57'),
('@fishbanana21', 'Fishbanana ', 'KOL', '2015-06-30 17:00:00', 1309, 770, 1552, '2024-12-06 16:44:22', '2024-12-06 16:44:22'),
('@fjPvIcZUpk83042', '辞忧', 'User', '2024-09-30 17:00:00', 13, 4, 32, '2024-12-07 15:17:01', '2024-12-07 15:17:01'),
('@Flandin_Daniel', 'Daniel Flandin', 'User', '2014-07-31 17:00:00', 27, 1, 8, '2024-12-06 15:43:27', '2024-12-06 15:43:27'),
('@Flaviomnkl', 'yolosolo', 'User', '2021-08-31 17:00:00', 302, 100, 2791, '2024-12-07 17:01:04', '2024-12-07 17:01:04'),
('@flunn', 'Frank F. Lunn - eWaVe BTC | entrePLEB | BTCpreneur', 'KOL', '2008-07-31 17:00:00', 6471, 3235, 6263, '2024-12-06 16:30:32', '2024-12-06 16:30:32'),
('@flyboy1075', 'Optimus Prime', 'User', '2014-02-28 17:00:00', 3058, 4133, 7341, '2024-12-06 16:19:54', '2024-12-06 16:19:54'),
('@fording58lowe', 'Федор', 'User', '2024-06-30 17:00:00', 44, 20, 20, '2024-12-06 17:20:57', '2024-12-06 17:20:57'),
('@forexx_thomas', 'David', 'User', '2013-10-31 17:00:00', 33, 3, 1472, '2024-12-07 11:08:30', '2024-12-07 15:42:32'),
('@FossGregfoss', 'FOSS - #forthekids', 'KOL', '2017-02-28 17:00:00', 2651, 156100, 32600, '2024-12-06 16:30:59', '2024-12-06 16:30:59'),
('@FreedomMaxii', 'Ck ', 'User', '2017-12-31 17:00:00', 3225, 210, 732, '2024-12-06 16:43:27', '2024-12-06 16:43:27'),
('@Freki_OG', ' FREKI CRYPTO OG ', 'User', '2018-11-30 17:00:00', 3528, 8465, 271800, '2024-12-07 17:02:50', '2024-12-07 17:02:50'),
('@FriedrichBtc', 'Friedrich ', 'KOL', '2021-09-30 17:00:00', 2191, 69100, 9295, '2024-12-07 16:36:54', '2024-12-07 16:36:54'),
('@fvcknation_com', 'Fvck Nation', 'KOL', '2024-10-31 17:00:00', 81, 25, 112, '2024-12-07 11:15:25', '2024-12-07 11:15:25'),
('@fxdreamfx', 'sunrise', 'User', '2018-11-30 17:00:00', 330, 139, 451, '2024-12-07 16:42:55', '2024-12-07 16:42:55'),
('@GabrielRoman_Br', 'Gabriel Roman Bravo', 'User', '2013-12-31 17:00:00', 79, 4, 8, '2024-12-07 16:33:44', '2024-12-07 16:33:44'),
('@GalaxyVoyagerIO', 'Galaxy Voyager', 'KOL', '2024-06-30 17:00:00', 14, 125, 708, '2024-12-07 17:00:18', '2024-12-07 17:00:18'),
('@galongso', 'Galongso ⓥ', 'User', '2013-04-30 17:00:00', 26, 5, 797, '2024-12-07 17:20:40', '2024-12-07 17:20:40'),
('@GardenBlock1618', 'Retry1618', 'KOL', '2017-11-30 17:00:00', 1743, 1370, 13400, '2024-12-07 07:47:55', '2024-12-07 07:47:55'),
('@garnierfcsf', '0xGarnier', 'KOL', '2011-08-31 17:00:00', 10, 41100, 297, '2024-12-07 15:46:44', '2024-12-07 15:46:44'),
('@gary_eth', 'Gary', 'KOL', '2017-09-30 17:00:00', 925, 1721, 36100, '2024-12-07 17:13:31', '2024-12-07 17:13:31'),
('@Gazi_Kale67', 'Gazi Kale', 'User', '2011-11-30 17:00:00', 33, 1, 14, '2024-12-07 16:36:42', '2024-12-07 16:36:42'),
('@geekdream3r', 'Alex Chwojnicki ', 'KOL', '2019-05-31 17:00:00', 797, 609, 7309, '2024-12-07 07:37:12', '2024-12-07 10:37:40'),
('@GemHunter09', 'Gem Hunter', 'User', '2023-11-30 17:00:00', 103, 1773, 11900, '2024-12-07 08:02:34', '2024-12-07 08:02:34'),
('@GencayBeidCi', 'Gencay Bedici', 'User', '2022-06-30 17:00:00', 144, 40, 133, '2024-12-07 11:13:33', '2024-12-07 11:13:33'),
('@GeorgeASharp', 'George Sharp - Advocate for truth in the OTC', 'KOL', '2010-08-31 17:00:00', 53, 42900, 10100, '2024-12-06 16:19:55', '2024-12-06 16:19:55'),
('@gerardfinecp', 'Gerard', 'User', '2024-01-31 17:00:00', 126, 36, 465, '2024-12-07 17:08:52', '2024-12-07 17:08:52'),
('@GerryPlotter', 'Gerry Plotter', 'KOL', '2016-01-31 17:00:00', 372, 1578, 5618, '2024-12-07 16:16:19', '2024-12-07 16:16:19'),
('@getcode', 'Code', 'KOL', '2019-12-31 17:00:00', 0, 10400, 3614, '2024-12-06 16:45:41', '2024-12-06 16:45:41'),
('@getofflinexyz', 'OFFLINE', 'KOL', '2024-01-31 17:00:00', 1, 1607, 372, '2024-12-06 16:45:21', '2024-12-06 16:45:21'),
('@ggggg127', 'GUINEVERE', 'User', '2012-12-31 17:00:00', 17, 3, 317, '2024-12-07 15:49:08', '2024-12-07 15:49:08'),
('@GGis777', 'GG-777', 'User', '2021-11-30 17:00:00', 725, 609, 8844, '2024-12-07 08:03:40', '2024-12-07 08:03:40'),
('@gian70936', 'Gianluca', 'User', '2023-05-31 17:00:00', 1321, 105, 27500, '2024-12-07 17:32:37', '2024-12-07 17:32:37'),
('@gladstein', 'Alex Gladstein ', 'User', '2008-12-31 17:00:00', 3308, 239500, 123700, '2024-12-06 16:30:58', '2024-12-06 16:30:58'),
('@GloryDoge', 'TheÐogeGlory', 'KOL', '2021-01-31 17:00:00', 5173, 39500, 140300, '2024-12-07 11:26:40', '2024-12-07 11:26:40'),
('@glosangia2k8', 'Gloria Adams', 'User', '2024-02-29 17:00:00', 186, 127, 1920, '2024-12-07 16:26:34', '2024-12-07 16:26:34'),
('@GNemo57470', 'nemo g', 'User', '2024-10-31 17:00:00', 16, 2, 8, '2024-12-07 15:56:15', '2024-12-07 15:56:15'),
('@GnomeCoin_', 'Gnome coin', 'User', '2024-10-31 17:00:00', 5, 0, 16, '2024-12-07 11:15:12', '2024-12-07 11:15:12'),
('@gogoss1234', 'nariya', 'User', '2024-12-07 10:08:53', NULL, NULL, NULL, '2024-12-07 10:08:31', '2024-12-07 10:08:53'),
('@Gogo_bigwin999', 'Gwen Tampubolon', 'User', '2024-06-30 17:00:00', 1796, 82, 16100, '2024-12-07 17:26:58', '2024-12-07 17:26:58'),
('@GojiGerrys', 'Gerry', 'KOL', '2020-09-30 17:00:00', 136, 329, 5613, '2024-12-07 07:47:40', '2024-12-07 07:47:40'),
('@GokulUnnikuttan', 'Gokul vijayakumar ', 'User', '2013-03-31 17:00:00', 81, 8, 369, '2024-12-07 17:20:18', '2024-12-07 17:20:18'),
('@goldrollira', 'JWG', 'KOL', '2016-12-31 17:00:00', 4358, 1509, 5942, '2024-12-06 16:18:43', '2024-12-06 16:18:43'),
('@GonzalezKleidys', 'kleidys gonzalez', 'User', '2019-08-31 17:00:00', 16, 5, 319, '2024-12-07 16:29:10', '2024-12-07 16:29:10'),
('@goodisgeek', 'The Good Geek', 'User', '2013-10-31 17:00:00', 30, 4, 31, '2024-12-07 07:52:32', '2024-12-07 07:52:32'),
('@Gorkixa', 'Gorka pi', 'User', '2024-11-30 17:00:00', 13, 3, 2, '2024-12-07 16:56:37', '2024-12-07 16:56:37'),
('@grace55162401', 'grace', 'User', '2021-06-30 17:00:00', 11, 4, 354, '2024-12-07 16:28:37', '2024-12-07 16:28:37'),
('@GrandRemusZebra', 'Gr₳ndRemusZebr₳ ©', 'User', '2020-11-30 17:00:00', 715, 754, 7630, '2024-12-07 09:27:49', '2024-12-07 09:27:49'),
('@GreennJason', 'Jason Green', 'KOL', '2023-11-30 17:00:00', 126, 1066, 1112, '2024-12-06 16:30:25', '2024-12-06 16:30:25'),
('@Grind_Time84', 'Grind_Time84', 'User', '2014-06-30 17:00:00', 2230, 1913, 27600, '2024-12-07 16:02:30', '2024-12-07 16:02:30'),
('@grolkongz7', 'serge', 'KOL', '2012-03-31 17:00:00', 2885, 1761, 7594, '2024-12-07 16:16:22', '2024-12-07 16:16:22'),
('@guido_pucc12288', 'Guido Puccini', 'User', '2023-02-28 17:00:00', 32, 2, 9, '2024-12-06 17:13:21', '2024-12-06 17:13:21'),
('@Guler_Bilir49', 'Guler Bilir', 'User', '2014-12-31 17:00:00', 70, 2, 10, '2024-12-07 16:33:33', '2024-12-07 16:33:33'),
('@gunlove161', 'lyy', 'User', '2024-04-30 17:00:00', 4891, 175, 24600, '2024-12-07 15:53:59', '2024-12-07 15:53:59'),
('@GurpJochem', 'Jochem Van Gurp', 'User', '2017-08-31 17:00:00', 75, 179, 3033, '2024-12-07 11:27:28', '2024-12-07 11:27:28'),
('@haadipoer58', 'haadi poer', 'User', '2023-03-31 17:00:00', 1748, 114, 2593, '2024-12-07 15:41:59', '2024-12-07 15:41:59'),
('@habibieZs', 'Mohd Ali', 'User', '2020-05-31 17:00:00', 35, 274, 23300, '2024-12-07 16:43:28', '2024-12-07 16:43:28'),
('@hajah_Sherif16', 'الحاجة شريف', 'User', '2014-08-31 17:00:00', 14, 0, 6, '2024-12-07 16:35:13', '2024-12-07 16:35:13'),
('@Halvings_org', 'Halvings.org', 'KOL', '2023-07-31 17:00:00', 555, 2089, 17400, '2024-12-07 16:16:14', '2024-12-07 16:16:14'),
('@hamza069749871', 'hamza06', 'User', '2024-09-30 17:00:00', 87, 8, 72, '2024-12-07 07:39:44', '2024-12-07 09:55:24'),
('@hanakadase22310', 'Karia', 'User', '2023-07-31 17:00:00', 5664, 35, 0, '2024-12-06 16:13:35', '2024-12-06 16:13:35'),
('@hanghamorr', 'han', 'User', '2024-07-31 17:00:00', 135, 9, 157, '2024-12-07 15:17:56', '2024-12-07 15:17:56'),
('@Hani81668500', 'Hani', 'User', '2021-09-30 17:00:00', 14, 119, 72, '2024-12-07 10:06:54', '2024-12-07 10:06:54'),
('@haranbanjoD_III', 'Haran Banjō', 'KOL', '2023-07-31 17:00:00', 1994, 1209, 11600, '2024-12-07 16:45:04', '2024-12-07 16:45:04'),
('@Harcripto', 'Harold', 'User', '2024-04-30 17:00:00', 5302, 122, 490, '2024-12-07 15:32:33', '2024-12-07 15:32:33'),
('@hardtree3', 'shutaya', 'KOL', '2024-02-29 17:00:00', 7015, 2414, 52900, '2024-12-06 17:03:50', '2024-12-06 17:03:50'),
('@Hayderfx_1', 'Haydarifx', 'User', '2024-01-31 17:00:00', 119, 23, 59, '2024-12-06 17:00:36', '2024-12-06 17:00:36'),
('@Haytham_Naguib3', 'هيثم نجيب', 'User', '2012-11-30 17:00:00', 19, 1, 11, '2024-12-07 16:34:06', '2024-12-07 16:34:06'),
('@Heath_MayAust', 'Heath', 'User', '2017-12-31 17:00:00', 131, 38, 8, '2024-12-06 15:44:23', '2024-12-06 15:44:23'),
('@hedera', 'Hedera', 'KOL', '2017-07-31 17:00:00', 32, 377300, 10300, '2024-12-06 15:54:34', '2024-12-06 15:54:34'),
('@Heeoiii', 'Heeoii', 'User', '2019-11-30 17:00:00', 2492, 728, 5429, '2024-12-07 09:26:43', '2024-12-07 09:26:43'),
('@HeeryB22961', 'Grace smith', 'User', '2023-05-31 17:00:00', 706, 539, 284, '2024-12-06 16:00:31', '2024-12-06 16:00:31'),
('@heisner_lon', 'Lon Heisner $GARBAGE', 'User', '2023-02-28 17:00:00', 86, 4, 47, '2024-12-06 17:16:01', '2024-12-06 17:16:01'),
('@hellihiyou', 'hiyou', 'User', '2022-01-31 17:00:00', 14, 2, 8, '2024-12-07 16:57:32', '2024-12-07 16:57:32'),
('@HemuleMaxi', 'SirGriftALot', 'User', '2022-01-31 17:00:00', 189, 248, 7343, '2024-12-07 11:03:03', '2024-12-07 11:03:03'),
('@HenrikPiga', 'Henrik Piga', 'KOL', '2010-09-30 17:00:00', 18100, 41600, 137500, '2024-12-07 17:13:34', '2024-12-07 17:13:34'),
('@Hexdek16', 'Hexdek16', 'KOL', '2010-08-31 17:00:00', 1419, 3650, 18600, '2024-12-07 17:33:51', '2024-12-07 17:33:51'),
('@Hexinbi', '核心币', 'User', '2021-11-30 17:00:00', 2980, 30100, 16700, '2024-12-06 15:41:10', '2024-12-06 15:41:10'),
('@Hexologist31', 'Hexologist ', 'KOL', '2018-02-28 17:00:00', 2800, 58500, 37400, '2024-12-07 16:16:11', '2024-12-07 16:16:11'),
('@hey_Gaff', 'Mo’Tola', 'User', '2021-12-31 17:00:00', 1133, 552, 3924, '2024-12-07 16:11:09', '2024-12-07 16:11:09'),
('@HinardJack65196', 'jack hinard', 'User', '2024-07-31 17:00:00', 341, 93, 64, '2024-12-06 17:03:31', '2024-12-06 17:03:31'),
('@HiroMyHero4', 'Everyday.Hiro', 'KOL', '2021-09-30 17:00:00', 1360, 155, 352, '2024-12-06 16:44:27', '2024-12-06 16:44:27'),
('@HODLINGAFUTURE', '#HODLINGAFUTURE ', 'User', '2019-12-31 17:00:00', 1963, 1403, 15300, '2024-12-07 08:00:37', '2024-12-07 08:00:37'),
('@Hodltheline2024', 'Hold The line', 'KOL', '2024-11-30 17:00:00', 31, 26, 85, '2024-12-07 15:15:08', '2024-12-07 15:15:08'),
('@hodl_heroo', 'HODLHero', 'User', '2024-05-31 17:00:00', 18, 22, 1428, '2024-12-07 08:02:45', '2024-12-07 08:02:45'),
('@holacorp', 'Adegbile olawale', 'User', '2012-03-31 17:00:00', 33, 8, 21, '2024-12-06 15:42:20', '2024-12-06 15:42:20'),
('@holly__heart', '𝕳𝖔𝖑𝖑𝖞 ', 'User', '2008-08-31 17:00:00', 5599, 8516, 33400, '2024-12-06 15:46:44', '2024-12-06 15:46:44'),
('@Hopus77', 'Blessing.𝕏 ', 'User', '2013-04-30 17:00:00', 1862, 29400, 3029, '2024-12-06 15:41:22', '2024-12-06 16:59:54'),
('@hshshsheheje1', 'Joe Nancy', 'User', '2016-09-30 17:00:00', 1, 112, 1787, '2024-12-07 11:30:57', '2024-12-07 11:30:57'),
('@HukAleksandra', 'Aleksandra Huk', 'KOL', '2020-05-31 17:00:00', 390, 229800, 19700, '2024-12-07 16:05:16', '2024-12-07 16:05:16'),
('@humblceo', 'Brian Foote', 'User', '2021-01-31 17:00:00', 151, 23600, 1096, '2024-12-06 16:19:32', '2024-12-06 16:19:32'),
('@HumblForTheWin', 'The_Humbl_Revolution', 'User', '2021-01-31 17:00:00', 3488, 2481, 27700, '2024-12-06 16:20:41', '2024-12-06 16:20:41'),
('@humblrfelix', 'Investor Felix ', 'User', '2019-12-31 17:00:00', 2162, 2561, 2214, '2024-12-06 16:27:15', '2024-12-06 16:27:15'),
('@i221867526827', '이', 'User', '2024-01-31 17:00:00', 27, 27, 399, '2024-12-07 17:02:16', '2024-12-07 17:02:16'),
('@IaJUUUY', '이아주', 'User', '2015-03-31 17:00:00', 70, 34, 429, '2024-12-07 15:17:12', '2024-12-07 15:17:12'),
('@iamOusman1', 'Ousman', 'User', '2020-03-31 17:00:00', 182, 97, 943, '2024-12-07 11:05:16', '2024-12-07 11:05:16'),
('@iamselfcustody', 'Self Custody', 'KOL', '2024-02-29 17:00:00', 85, 1141, 15700, '2024-12-07 09:50:38', '2024-12-07 09:50:38'),
('@IbrahimHar31380', 'Ibrahim Harun', 'User', '2024-05-31 17:00:00', 29, 1, 8, '2024-12-07 15:45:07', '2024-12-07 15:45:07'),
('@IbrahimKou10456', 'Ibrahim Kouadio', 'User', '2023-11-30 17:00:00', 67, 2, 11, '2024-12-06 16:57:49', '2024-12-06 16:57:49'),
('@ice_blockchain', 'Ice Open Network', 'KOL', '2022-07-31 17:00:00', 109, 2800000, 6994, '2024-12-06 17:03:58', '2024-12-06 17:03:58'),
('@ICP100X', 'KennyboyNYC∞', 'KOL', '2021-09-30 17:00:00', 3050, 2919, 69700, '2024-12-07 16:17:38', '2024-12-07 17:33:42'),
('@IIICapital', 'Joe Burnett, MSBA (', 'User', '2018-01-31 17:00:00', 931, 80200, 34200, '2024-12-06 16:31:28', '2024-12-06 16:31:28'),
('@IKMcrypt', 'IKMcrypt', 'User', '2021-08-31 17:00:00', 117, 21, 173, '2024-12-07 10:04:24', '2024-12-07 10:04:24'),
('@Ikramuddin75932', 'Ikramuddin', 'User', '2024-10-31 17:00:00', 23, 0, 0, '2024-12-06 15:56:51', '2024-12-06 15:56:51'),
('@ilCriptonauta', 'IlCriptonauta - QUBER ', 'KOL', '2019-09-30 17:00:00', 407, 5690, 28100, '2024-12-07 17:13:25', '2024-12-07 17:13:25'),
('@ilham_rama38748', 'ILHAM RAMADHAN', 'User', '2024-11-30 17:00:00', 27, 5, 0, '2024-12-06 15:57:35', '2024-12-06 15:57:35'),
('@ilureatana12765', 'Ilureatanarahu', 'User', '2023-08-31 17:00:00', 4, 1, 292, '2024-12-07 15:17:45', '2024-12-07 15:17:45'),
('@iluvsex0928', 'PAPI', 'User', '2016-05-31 17:00:00', 262, 17, 20, '2024-12-07 16:59:46', '2024-12-07 16:59:46'),
('@imchedlo', 'Ilia Mchedlishvili', 'KOL', '2011-11-30 17:00:00', 615, 1432, 329, '2024-12-07 16:16:23', '2024-12-07 16:16:23'),
('@imShhah', 'Mdshah', 'User', '2024-07-31 17:00:00', 316, 6, 602, '2024-12-07 15:33:28', '2024-12-07 15:33:28'),
('@INATBA_org', 'INATBA', 'User', '2019-02-28 17:00:00', 684, 5873, 1248, '2024-12-06 15:39:05', '2024-12-06 15:39:05'),
('@inome55', 'Inome55', 'User', '2015-06-30 17:00:00', 12, 2, 334, '2024-12-07 11:30:45', '2024-12-07 11:30:45'),
('@InputOutputHK', 'Input Output', 'KOL', '2015-01-31 17:00:00', 380, 268200, 16200, '2024-12-07 07:45:24', '2024-12-07 09:24:11'),
('@inua97', 'Noura', 'User', '2014-01-31 17:00:00', 150, 402, 16500, '2024-12-07 16:13:14', '2024-12-07 16:13:14'),
('@iraraliayasfri', 'Win Win Big', 'User', '2021-11-30 17:00:00', 1764, 81, 14600, '2024-12-07 17:28:44', '2024-12-07 17:28:44'),
('@ish997', '‘', 'User', '2017-05-31 17:00:00', 3, 2, 2, '2024-12-07 16:13:59', '2024-12-07 16:13:59'),
('@itachiuchiha826', 'The Standard', 'KOL', '2016-11-30 17:00:00', 92, 290, 6487, '2024-12-07 16:16:12', '2024-12-07 16:16:12'),
('@Itz_Mitali_17', 'Mitali Shetty', 'User', '2016-08-31 17:00:00', 0, 108, 1897, '2024-12-07 17:16:55', '2024-12-07 17:16:55'),
('@Itz_Remina', 'Remina', 'User', '2016-09-30 17:00:00', 0, 123, 1745, '2024-12-07 11:08:42', '2024-12-07 11:08:42'),
('@Itz_Ruby16', 'Ruby Lia', 'User', '2016-02-29 17:00:00', 4, 121, 1801, '2024-12-07 11:12:37', '2024-12-07 11:12:37'),
('@IVAN19089827', 'IVAN', 'User', '2022-12-31 17:00:00', 420, 17, 437, '2024-12-07 15:43:05', '2024-12-07 15:43:05'),
('@i_Moon__i', 'launching rockets', 'User', '2009-05-31 17:00:00', 912, 182, 2643, '2024-12-07 09:26:32', '2024-12-07 09:26:32'),
('@J316crypto', 'J316', 'KOL', '2023-08-31 17:00:00', 1934, 2531, 11800, '2024-12-06 15:54:20', '2024-12-06 15:54:20'),
('@JACOBJMV', 'Jacobvandervelde.eth', 'KOL', '2014-04-30 17:00:00', 3071, 5162, 21400, '2024-12-06 16:21:18', '2024-12-06 16:21:18'),
('@JacobsLuz79392', 'Luz Jacobs', 'User', '2024-11-30 17:00:00', 13, 0, 3, '2024-12-06 17:19:15', '2024-12-06 17:19:15'),
('@JamesGo37655101', 'James Gower', 'User', '2021-09-30 17:00:00', 150, 218, 888, '2024-12-07 16:47:42', '2024-12-07 16:47:42'),
('@JAMESLKNOWLES2', 'jameslknowles', 'User', '2014-12-31 17:00:00', 10, 5, 313, '2024-12-07 15:46:55', '2024-12-07 15:46:55'),
('@James_henry90', 'James', 'User', '2023-09-30 17:00:00', 9, 11, 61, '2024-12-07 17:19:56', '2024-12-07 17:19:56'),
('@james_six8jay', 'Crypto4Life (Six8Jay) XRP', 'KOL', '2014-07-31 17:00:00', 589, 11900, 54900, '2024-12-07 17:12:21', '2024-12-07 17:12:21'),
('@JamieBooth42025', 'Jamie Booth', 'User', '2024-11-30 17:00:00', 13, 0, 3, '2024-12-06 17:17:56', '2024-12-06 17:17:56'),
('@JamYounis283002', 'Jam Younis', 'User', '2024-01-31 17:00:00', 182, 13, 149, '2024-12-06 15:57:57', '2024-12-06 15:57:57'),
('@JanaKreilein', 'the.wine.girl', 'KOL', '2021-12-31 17:00:00', 328, 847, 595, '2024-12-06 16:45:38', '2024-12-06 16:45:38'),
('@jarrodWattsDev', 'Jarrod Watts', 'KOL', '2021-01-31 17:00:00', 1718, 17100, 2529, '2024-12-06 17:12:12', '2024-12-06 17:12:12'),
('@jarunyou', 'true_faster', 'User', '2015-03-31 17:00:00', 444, 29, 207, '2024-12-07 16:43:06', '2024-12-07 16:43:06'),
('@JasonPLowery', 'Jason Lowery', 'KOL', '2021-07-31 17:00:00', 2, 127700, 2683, '2024-12-06 16:30:47', '2024-12-06 16:30:47'),
('@JasonSimps24028', 'Jason Simpson', 'User', '2023-08-31 17:00:00', 234, 41, 19, '2024-12-06 16:17:07', '2024-12-06 16:17:07'),
('@Jay35359880', 'Jay', 'User', '2021-02-28 17:00:00', 708, 1485, 15000, '2024-12-07 10:08:20', '2024-12-07 10:08:20'),
('@JChainsX', 'JChains', 'KOL', '2010-06-30 17:00:00', 5134, 27200, 35500, '2024-12-07 16:05:00', '2024-12-07 16:05:00'),
('@JCO_GOODLIFE', 'J.CO GOODLIFE ©', 'KOL', '2020-05-31 17:00:00', 340, 287, 3268, '2024-12-06 16:43:16', '2024-12-06 16:43:16'),
('@JCryptoRider', 'Richard|LDA', 'KOL', '2023-02-28 17:00:00', 4616, 5682, 24400, '2024-12-06 17:01:21', '2024-12-06 17:01:21'),
('@JeanTuho', 'Tuho Jean-Paul Abissi', 'User', '2019-08-31 17:00:00', 1316, 372, 23200, '2024-12-07 16:44:14', '2024-12-07 16:44:14'),
('@JeffBooth', 'Jeff Booth ', 'KOL', '2008-08-31 17:00:00', 5631, 373300, 11000, '2024-12-06 16:31:00', '2024-12-06 16:31:00'),
('@jeffersonbruman', 'BRUMANA', 'KOL', '2013-07-31 17:00:00', 791, 11600, 37000, '2024-12-07 11:26:34', '2024-12-07 11:26:34'),
('@Jennylush_', 'Jenny', 'KOL', '2023-09-30 17:00:00', 1501, 5040, 1875, '2024-12-06 16:01:38', '2024-12-06 16:01:38'),
('@Jeremiah_Chadd', 'Jeremiah', 'User', '2019-02-28 17:00:00', 208, 67, 3826, '2024-12-07 16:05:30', '2024-12-07 16:05:30'),
('@jeronimoArroyoo', 'Jeronimo Arroyo Campos', 'User', '2011-06-30 17:00:00', 64, 2, 4, '2024-12-07 16:35:36', '2024-12-07 16:35:36'),
('@JewellVela31517', 'Jewell Velazquez', 'User', '2024-11-30 17:00:00', 13, 0, 6, '2024-12-06 17:15:50', '2024-12-06 17:15:50'),
('@JHernandez74785', 'Jessica Hernandez', 'User', '2023-12-31 17:00:00', 112, 10, 135, '2024-12-07 17:29:28', '2024-12-07 17:29:28'),
('@JimJamJay15', 'Jama', 'User', '2021-11-30 17:00:00', 325, 208, 2170, '2024-12-07 16:45:51', '2024-12-07 16:45:51'),
('@jimmysong', 'Jimmy Song (송재준)', 'User', '2009-01-31 17:00:00', 49, 338100, 11700, '2024-12-06 16:31:13', '2024-12-06 16:31:13'),
('@jjncck', '𝖏𝖆𝖈𝖐', 'KOL', '2018-11-30 17:00:00', 7414, 3657, 27900, '2024-12-06 17:03:43', '2024-12-06 17:03:43'),
('@JLuckywinL5', ' JL ', 'User', '2021-06-30 17:00:00', 732, 613, 10700, '2024-12-07 15:53:15', '2024-12-07 15:53:15'),
('@JMellerud', 'Jaran Mellerud ', 'KOL', '2020-06-30 17:00:00', 1171, 17100, 5249, '2024-12-06 16:40:32', '2024-12-06 16:40:32'),
('@jngeonz', 'prince', 'User', '2023-06-30 17:00:00', 764, 30, 7513, '2024-12-07 11:19:02', '2024-12-07 11:19:02'),
('@JoeParys', 'Joe Parys', 'KOL', '2013-11-30 17:00:00', 1107, 80600, 10000, '2024-12-07 17:33:33', '2024-12-07 17:33:33'),
('@John19xxxxx', 'ZedNgPinas | CLONE', 'User', '2023-06-30 17:00:00', 91, 10, 104, '2024-12-07 17:21:15', '2024-12-07 17:21:15'),
('@JohnAllen473255', 'John Allen', 'User', '2024-10-31 17:00:00', 2, 0, 0, '2024-12-06 16:41:31', '2024-12-06 16:41:31'),
('@JohnCena', 'John Cena', 'KOL', '2010-04-30 17:00:00', 919200, 14400000, 7941, '2024-12-06 17:12:09', '2024-12-06 17:12:09'),
('@JohnKenned34204', 'John Kennedy', 'User', '2024-09-30 17:00:00', 347, 197, 55, '2024-12-06 16:17:50', '2024-12-06 16:17:50'),
('@johnlucky051', 'John Lucky', 'User', '2023-02-28 17:00:00', 270, 34, 202, '2024-12-06 16:57:05', '2024-12-06 16:57:05'),
('@JohnManham', 'John Manham', 'KOL', '2020-07-31 17:00:00', 3627, 2202, 78500, '2024-12-07 17:30:32', '2024-12-07 17:30:32'),
('@Johnny15344276', 'Johnny', 'User', '2023-05-31 17:00:00', 856, 1390, 3314, '2024-12-07 17:12:19', '2024-12-07 17:12:19'),
('@johnnycage4pres', 'Johnny Cage', 'User', '2017-09-30 17:00:00', 252, 269, 1497, '2024-12-07 11:26:54', '2024-12-07 11:26:54'),
('@Johnpaul19439', 'Johnpaul', 'KOL', '2020-08-31 17:00:00', 207, 39, 272, '2024-12-06 17:22:01', '2024-12-06 17:22:01'),
('@JohnPromot12387', 'John Promoter', 'User', '2024-11-30 17:00:00', 35, 1, 11, '2024-12-07 16:11:32', '2024-12-07 16:11:32'),
('@Johnson73161256', 'Johnson', 'User', '2021-07-31 17:00:00', 215, 111, 2529, '2024-12-07 07:59:48', '2024-12-07 07:59:48'),
('@JohnsonCha20110', 'Chad Johnson', 'User', '2024-10-31 17:00:00', 7, 0, 2, '2024-12-06 16:41:53', '2024-12-06 16:41:53'),
('@John_Volchek', 'I3olk', 'User', '2024-05-31 17:00:00', 4, 116, 6, '2024-12-07 09:51:00', '2024-12-07 09:51:00'),
('@JonathanMoore_', 'Jonathan Moore', 'User', '2012-09-30 17:00:00', 252, 31, 371, '2024-12-07 10:00:07', '2024-12-07 10:00:07'),
('@JongMinHyeon1', 'Hyeonjongmin', 'User', '2020-02-29 17:00:00', 83, 178, 991, '2024-12-07 09:26:54', '2024-12-07 09:26:54'),
('@Jose54158328', 'Jose', 'User', '2018-09-30 17:00:00', 282, 308, 2034, '2024-12-07 17:31:30', '2024-12-07 17:31:30'),
('@josephmaloneatx', 'Joseph Malone', 'User', '2022-10-31 17:00:00', 415, 269, 7, '2024-12-06 16:43:56', '2024-12-06 16:43:56'),
('@JSeyff', 'James Seyffart', 'KOL', '2012-02-29 17:00:00', 3965, 165700, 19900, '2024-12-06 16:23:57', '2024-12-06 16:23:57'),
('@jsorslabecane', 'jsorslabecane ', 'KOL', '2024-06-30 17:00:00', 266, 149, 2737, '2024-12-07 17:00:14', '2024-12-07 17:00:14'),
('@jsrwatches', 'John Dsvidson', 'User', '2022-10-31 17:00:00', 791, 14900, 29300, '2024-12-07 17:30:57', '2024-12-07 17:30:57'),
('@jtchompher', 'Chomper', 'User', '2014-02-28 17:00:00', 774, 541, 361, '2024-12-07 11:14:28', '2024-12-07 11:36:13'),
('@jtoatoctok', 'Jack', 'User', '2010-01-31 17:00:00', 244, 311, 1630, '2024-12-07 17:01:15', '2024-12-07 17:01:15'),
('@JUANCHOOWEB', 'JUAN', 'User', '2014-03-31 17:00:00', 2614, 758, 1778, '2024-12-07 11:27:39', '2024-12-07 11:27:39'),
('@jude_udeh39657', 'Jude Udeh', 'User', '2024-08-31 17:00:00', 66, 9, 296, '2024-12-07 15:45:18', '2024-12-07 15:45:18'),
('@JulianPardooNav', 'Julian Pardo Navarro', 'User', '2011-10-31 17:00:00', 56, 1, 8, '2024-12-07 16:36:31', '2024-12-07 16:36:31'),
('@Juliusb98287102', 'Julius bright', 'User', '2022-10-31 17:00:00', 403, 547, 78700, '2024-12-07 17:31:08', '2024-12-07 17:31:08'),
('@jump_firedancer', 'Firedancer ', 'KOL', '2022-02-28 17:00:00', 11, 24900, 192, '2024-12-06 16:44:50', '2024-12-06 16:44:50'),
('@JUPCatdets', 'JUP Catdets', 'KOL', '2024-04-30 17:00:00', 218, 11100, 1929, '2024-12-06 16:45:22', '2024-12-06 16:45:22'),
('@JupiterExchange', 'Jupiter ', 'KOL', '2021-09-30 17:00:00', 247, 444900, 4816, '2024-12-06 16:44:54', '2024-12-06 16:44:54'),
('@jurreb86', 'Jurre Borger', 'User', '2023-04-30 17:00:00', 336, 93, 91, '2024-12-07 10:00:51', '2024-12-07 10:00:51'),
('@JustinJames_X', 'Justin James', 'KOL', '2022-09-30 17:00:00', 339, 4356, 20600, '2024-12-07 11:02:50', '2024-12-07 11:02:50'),
('@justNATTY21', 'justNATTY$MYTH ', 'User', '2023-07-31 17:00:00', 884, 13, 1787, '2024-12-07 15:33:17', '2024-12-07 15:33:17'),
('@KaiGonnaMakeIt', 'Kai', 'KOL', '2021-06-30 17:00:00', 564, 475, 3514, '2024-12-06 16:17:52', '2024-12-06 16:17:52'),
('@KaikeyanKe369', 'Kaikeyan_Ke', 'User', '2023-03-31 17:00:00', 48, 2, 10, '2024-12-07 17:24:19', '2024-12-07 17:24:19'),
('@KalidAbdulhami2', 'Kalid Abdulhamid Tahir', 'User', '2021-07-31 17:00:00', 416, 38, 514, '2024-12-07 15:46:02', '2024-12-07 15:46:02'),
('@kalsaboori', 'Khalil Alsaboori', 'User', '2012-08-31 17:00:00', 4932, 790, 9279, '2024-12-07 09:28:12', '2024-12-07 09:28:12'),
('@Kanami_369', 'Kanalucho', 'KOL', '2017-05-31 17:00:00', 3214, 422, 2380, '2024-12-06 15:44:51', '2024-12-06 15:44:51'),
('@Karenme04097188', 'Karen metcalf', 'User', '2022-08-31 17:00:00', 23, 58, 401, '2024-12-07 07:56:47', '2024-12-07 07:56:47'),
('@KarinaLeon49178', 'Karina Leon', 'User', '2024-11-30 17:00:00', 13, 0, 5, '2024-12-06 17:21:08', '2024-12-06 17:21:08'),
('@Karthik_h_nair', 'Karthik H Nair', 'User', '2024-06-30 17:00:00', 77, 18, 211, '2024-12-06 16:16:55', '2024-12-06 16:16:55'),
('@kasselman', 'Lane Kasselman', 'User', '2008-04-30 17:00:00', 894, 1983, 378, '2024-12-06 15:40:05', '2024-12-06 15:40:05'),
('@KazemSafari6', 'Kazem Safari', 'User', '2023-01-31 17:00:00', 405, 15, 135, '2024-12-07 16:42:44', '2024-12-07 16:42:44'),
('@Kazihurricane', 'Kazi', 'User', '2024-10-31 17:00:00', 21, 29, 67, '2024-12-07 16:54:24', '2024-12-07 16:54:24'),
('@KcRava3416', 'Rava Kc', 'User', '2024-08-31 17:00:00', 48, 26, 49, '2024-12-07 16:04:11', '2024-12-07 16:04:11'),
('@kcryptoinvest', 'Ben', 'KOL', '2020-01-31 17:00:00', 1241, 403600, 10300, '2024-12-06 15:40:40', '2024-12-06 15:40:40'),
('@Kday_nft', 'Kday.nft', 'User', '2008-03-31 17:00:00', 117, 351, 1768, '2024-12-07 16:54:35', '2024-12-07 16:54:35'),
('@kdiih14', 'kd ', 'User', '2024-09-30 17:00:00', 925, 15, 2404, '2024-12-07 15:55:07', '2024-12-07 15:55:07'),
('@kevinconnorST', 'Kevin Connor', 'User', '2020-11-30 17:00:00', 221, 5186, 14200, '2024-12-06 16:20:08', '2024-12-06 16:20:08'),
('@kgeelabs', 'Cryptomaniac', 'User', '2021-07-31 17:00:00', 226, 40, 237, '2024-12-07 07:39:55', '2024-12-07 07:39:55'),
('@kibreay001', 'Kibreay Hossen // $puss Lover', 'User', '2021-01-31 17:00:00', 753, 187, 3563, '2024-12-07 07:56:13', '2024-12-07 07:56:13'),
('@Killbil50996700', 'nocockoko', 'User', '2024-04-30 17:00:00', 337, 238, 1158, '2024-12-07 17:11:33', '2024-12-07 17:11:33'),
('@kingmonex', 'ShibaArmy ', 'KOL', '2010-12-31 17:00:00', 1664, 2936, 33700, '2024-12-06 16:01:36', '2024-12-06 16:01:36'),
('@KingsleyIkpech1', 'Kingsley Ikpechukwu', 'User', '2017-05-31 17:00:00', 472, 59, 266, '2024-12-07 16:25:02', '2024-12-07 16:25:02'),
('@KinzMan___', 'Kinzman', 'User', '2016-10-31 17:00:00', 64400, 75000, 176200, '2024-12-07 16:29:21', '2024-12-07 16:29:21'),
('@KitzigMarvin', 'Marvin.base.eth', 'User', '2024-04-30 17:00:00', 45, 51, 82, '2024-12-07 16:46:13', '2024-12-07 16:46:13'),
('@kleaweb3', 'Klea ', 'User', '2020-08-31 17:00:00', 437, 69300, 33400, '2024-12-07 16:13:25', '2024-12-07 16:13:25'),
('@kolayole225', 'Abdul Kolawole', 'User', '2023-06-30 17:00:00', 564, 34, 30, '2024-12-06 15:41:58', '2024-12-06 15:41:58'),
('@Konni1999', 'Konni', 'User', '2024-11-30 17:00:00', 3, 0, 2, '2024-12-07 09:50:04', '2024-12-07 09:50:04'),
('@KoolAfterdark', 'koolafterdark.eth', 'KOL', '2022-04-30 17:00:00', 884, 1306, 94800, '2024-12-07 17:33:20', '2024-12-07 17:33:20'),
('@KovacsTrevor', 'TK', 'KOL', '2012-01-31 17:00:00', 2248, 1196, 5296, '2024-12-06 16:30:24', '2024-12-06 16:30:24'),
('@Krados1107', 'Christian Wolf ', 'KOL', '2022-09-30 17:00:00', 4419, 5823, 10800, '2024-12-07 17:30:29', '2024-12-07 17:30:29'),
('@KrakhenJr', 'krakhenjr.crypto', 'User', '2018-02-28 17:00:00', 1013, 445, 2136, '2024-12-07 07:46:42', '2024-12-07 07:46:42'),
('@Krypto_Anon', 'Crypto Anon', 'KOL', '2023-11-30 17:00:00', 106, 1789, 12100, '2024-12-07 08:01:47', '2024-12-07 08:01:47'),
('@KuritoSensei', 'Kurito', 'KOL', '2021-12-31 17:00:00', 582, 32900, 8971, '2024-12-06 16:55:24', '2024-12-06 16:55:24'),
('@Kuskuskaqtus', 'TRI ♡♡', 'KOL', '2024-06-30 17:00:00', 5066, 137, 36700, '2024-12-06 17:03:56', '2024-12-06 17:03:56'),
('@KycGenerali', '全球 KYC 供应商、OKX、BYBIT、BINANCE。', 'User', '2024-10-31 17:00:00', 2349, 125, 74, '2024-12-06 16:16:44', '2024-12-06 16:16:44'),
('@lafuna2969', 'Lafuna2969', 'User', '2019-10-31 17:00:00', 262, 309, 5624, '2024-12-07 16:55:26', '2024-12-07 16:55:26'),
('@laine_sa_', 'Laine ', 'User', '2021-11-30 17:00:00', 153, 16300, 6127, '2024-12-06 16:45:06', '2024-12-06 16:45:06'),
('@lalowvie', 'fla', 'User', '2021-12-31 17:00:00', 1, 182, 65700, '2024-12-07 11:26:10', '2024-12-07 11:26:10'),
('@LaRoseDigital', '2% ', 'KOL', '2017-08-31 17:00:00', 499, 2021, 5065, '2024-12-06 16:39:27', '2024-12-06 16:39:27'),
('@lavialavita', 'Lavia', 'User', '2023-12-31 17:00:00', 36, 442, 554, '2024-12-07 08:00:48', '2024-12-07 08:00:48'),
('@La_cruzNFT', 'Lacruz ', 'User', '2021-11-30 17:00:00', 675, 251, 1093, '2024-12-07 11:04:09', '2024-12-07 11:04:09'),
('@lckynava', 'Gie', 'User', '2022-02-28 17:00:00', 3858, 160, 36000, '2024-12-07 11:20:13', '2024-12-07 11:20:13'),
('@lcy5736', 'Jong Young Lee', 'User', '2024-04-30 17:00:00', 138, 1, 82, '2024-12-07 07:49:25', '2024-12-07 07:49:25'),
('@learnthegdgame', 'The Weekend Shift', 'KOL', '2023-06-30 17:00:00', 889, 920, 4835, '2024-12-07 11:26:42', '2024-12-07 11:26:42'),
('@lee_bratcher', 'Lee ₿ratcher', 'KOL', '2012-10-31 17:00:00', 925, 6104, 1465, '2024-12-06 16:31:17', '2024-12-06 16:31:17'),
('@legiondotcc', 'LEGION', 'KOL', '2024-01-31 17:00:00', 2, 15800, 382, '2024-12-06 16:45:19', '2024-12-06 16:45:19'),
('@LeiferVera', 'leifer vera ', 'User', '2022-03-31 17:00:00', 896, 72, 3754, '2024-12-07 15:43:38', '2024-12-07 15:43:38'),
('@leish4man', 'Alexander Leishman', 'User', '2009-09-30 17:00:00', 4954, 1172, 1208, '2024-12-06 16:27:48', '2024-12-06 16:27:48'),
('@Lemona6e', 'ethanildon', 'User', '2019-03-31 17:00:00', 212, 158, 1664, '2024-12-07 16:06:15', '2024-12-07 16:06:15'),
('@LeonidasNFT', 'Leonidas $DOG ', 'User', '2016-03-31 17:00:00', 5863, 241900, 42000, '2024-12-06 16:09:44', '2024-12-06 16:09:44'),
('@LetsConverge', 'Converge Institute', 'User', '2024-08-31 17:00:00', 4, 71, 13, '2024-12-06 16:31:54', '2024-12-06 16:31:54'),
('@letsexchange_io', 'LetsExchange', 'KOL', '2020-12-31 17:00:00', 307, 16300, 3763, '2024-12-06 17:12:14', '2024-12-06 17:12:14'),
('@levdik1', '$hicago SPT', 'User', '2015-08-31 17:00:00', 155, 48, 201, '2024-12-06 15:44:01', '2024-12-06 15:44:01'),
('@Linda3008367880', 'Linda', 'User', '2024-08-31 17:00:00', 240, 1, 0, '2024-12-06 16:11:33', '2024-12-06 16:11:33'),
('@LisaSander25022', 'Lisa Sanders', 'User', '2024-10-31 17:00:00', 2, 0, 0, '2024-12-06 16:43:01', '2024-12-06 16:43:01'),
('@lisenok250', 'Олеся Бабич', 'User', '2024-04-30 17:00:00', 91, 0, 45, '2024-12-06 16:58:11', '2024-12-06 16:58:11'),
('@listingwave', 'ListingWave', 'User', '2024-10-31 17:00:00', 635, 29, 32, '2024-12-06 16:14:09', '2024-12-06 16:14:09'),
('@LitProtocol', 'Lit Protocol ', 'KOL', '2021-03-31 17:00:00', 28, 42900, 1715, '2024-12-06 16:45:24', '2024-12-06 16:45:24'),
('@LittleManPower', 'Mr. Preach ', 'KOL', '2013-04-30 17:00:00', 3302, 3964, 47500, '2024-12-06 15:55:42', '2024-12-06 15:55:42'),
('@littlesharp001', 'attiq', 'User', '2024-11-30 17:00:00', 6, 0, 1, '2024-12-06 17:14:06', '2024-12-06 17:14:06'),
('@littleshoes08', 'Cheesehead', 'User', '2022-02-28 17:00:00', 2702, 5195, 50600, '2024-12-07 15:56:48', '2024-12-07 15:56:48'),
('@LizazFactor', 'Liz Factor', 'KOL', '2021-09-30 17:00:00', 14, 3, 50, '2024-12-07 11:11:53', '2024-12-07 11:11:53'),
('@loaoo0', 'loaoo0', 'User', '2024-10-31 17:00:00', 21, 3, 1, '2024-12-07 16:59:57', '2024-12-07 16:59:57'),
('@lofipoddle', 'Lofipop', 'User', '2024-05-31 17:00:00', 42, 6, 26, '2024-12-07 16:23:11', '2024-12-07 16:23:11'),
('@logans_eth', 'logan_eth', 'User', '2014-06-30 17:00:00', 0, 6, 164, '2024-12-07 17:21:26', '2024-12-07 17:21:26'),
('@LoicRicci', 'Loic', 'KOL', '2012-07-31 17:00:00', 882, 191, 551, '2024-12-06 17:02:47', '2024-12-06 17:02:47'),
('@lollyBoy1232883', 'lolly Boy', 'User', '2024-09-30 17:00:00', 54, 14, 1318, '2024-12-07 16:04:44', '2024-12-07 16:04:44'),
('@LorenzRDP', 'Lorenz', 'KOL', '2021-03-31 17:00:00', 2191, 801, 3170, '2024-12-06 16:01:39', '2024-12-06 16:01:39'),
('@lornah111', 'lorna.blockchain', 'User', '2020-06-30 17:00:00', 693, 334, 29, '2024-12-06 15:39:32', '2024-12-06 15:39:32'),
('@louwsimon2', 'Simon', 'User', '2024-10-31 17:00:00', 64, 2, 21, '2024-12-06 16:56:21', '2024-12-06 16:56:21'),
('@Luc4s_ETHer', 'Lucas.eth', 'User', '2020-02-29 17:00:00', 1588, 5574, 573, '2024-12-06 16:28:34', '2024-12-06 16:28:34'),
('@Lucasco46480738', 'Lucas coelho', 'User', '2021-07-31 17:00:00', 26, 3, 0, '2024-12-06 16:15:27', '2024-12-06 16:15:27'),
('@luckyrania', '𝑅𝒶𝓃', 'KOL', '2023-11-30 17:00:00', 1423, 2686, 60800, '2024-12-06 17:03:51', '2024-12-06 17:03:51'),
('@Lucy_MoffatD', 'Lucy Moffat (', 'User', '2024-09-30 17:00:00', 557, 49, 892, '2024-12-07 07:58:13', '2024-12-07 07:58:13'),
('@LukeThomps67675', 'Luke Thompson', 'User', '2024-09-30 17:00:00', 1310, 316, 334, '2024-12-06 16:15:15', '2024-12-06 16:15:15'),
('@LummieBear', 'ラム ', 'KOL', '2016-07-31 17:00:00', 6768, 786, 66900, '2024-12-06 17:03:35', '2024-12-06 17:03:35'),
('@lyingtoad', 'Terenzio', 'User', '2009-12-31 17:00:00', 712, 205, 1526, '2024-12-07 16:05:41', '2024-12-07 16:05:41'),
('@m0nk37f4rt', 'Monkey Fart ', 'KOL', '2021-09-30 17:00:00', 299, 390, 4021, '2024-12-07 17:13:27', '2024-12-07 17:13:27'),
('@M2Exchange', 'M2', 'KOL', '2022-12-31 17:00:00', 139, 54300, 2214, '2024-12-06 16:59:26', '2024-12-06 16:59:26'),
('@M4chi111', 'Jaroslav Máchal', 'User', '2014-08-31 17:00:00', 72, 3, 260, '2024-12-07 11:15:47', '2024-12-07 11:15:47'),
('@maarten13877', 'Maarten', 'User', '2022-01-31 17:00:00', 17, 12, 11, '2024-12-07 16:58:06', '2024-12-07 16:58:06'),
('@Maaruf_4934', 'İnt.Fzt.Maaruf ÖZKAN', 'User', '2020-09-30 17:00:00', 2573, 1884, 1991, '2024-12-06 15:42:09', '2024-12-06 15:42:09'),
('@madhu8688855255', 'Madhu', 'User', '2012-12-31 17:00:00', 74, 3, 344, '2024-12-07 07:36:07', '2024-12-07 07:36:07'),
('@MakulaaaT', 'Makula', 'User', '2020-01-31 17:00:00', 313, 968, 25500, '2024-12-07 17:12:32', '2024-12-07 17:12:32'),
('@malikshahi55443', 'malik shahid', 'User', '2024-09-30 17:00:00', 12, 0, 13, '2024-12-07 17:19:32', '2024-12-07 17:19:32'),
('@malik_zahi96996', 'Malik Zahid', 'User', '2024-11-30 17:00:00', 6, 0, 1, '2024-12-06 17:16:13', '2024-12-06 17:16:13'),
('@ManAlejg', 'Alejg', 'KOL', '2023-10-31 17:00:00', 199, 1527, 11800, '2024-12-07 17:00:12', '2024-12-07 17:00:12'),
('@manojkumar305', 'Manoj Manoharan', 'User', '2009-06-30 17:00:00', 957, 223, 201, '2024-12-06 16:40:47', '2024-12-06 16:40:47'),
('@MarathonDesirae', 'Desirae Becker', 'User', '2023-07-31 17:00:00', 462, 51, 593, '2024-12-06 15:59:36', '2024-12-06 15:59:36'),
('@MarchandCorne', 'Corné Marchand', 'KOL', '2021-04-30 17:00:00', 212, 8665, 2234, '2024-12-07 17:00:13', '2024-12-07 17:00:13'),
('@Marcults_', 'Marcults', 'User', '2022-01-31 17:00:00', 1322, 2852, 19100, '2024-12-06 15:56:15', '2024-12-06 15:56:15'),
('@Marcus_Djuu', 'Marcus Gustafsson ', 'User', '2020-11-30 17:00:00', 1049, 1083, 97, '2024-12-06 16:26:39', '2024-12-06 16:26:39'),
('@MarekSchenk1', 'Marek Schenk', 'User', '2017-12-31 17:00:00', 648, 1082, 33700, '2024-12-07 16:43:17', '2024-12-07 16:43:17'),
('@margho21', 'margho21', 'User', '2024-05-31 17:00:00', 36, 2, 10, '2024-12-07 17:35:28', '2024-12-07 17:35:28'),
('@MariosDemX', 'MariosD ', 'User', '2021-11-30 17:00:00', 574, 2741, 7848, '2024-12-07 16:06:59', '2024-12-07 16:06:59'),
('@MarioSpaansen', 'Mario Spaansen', 'User', '2021-11-30 17:00:00', 168, 588, 11700, '2024-12-07 16:41:49', '2024-12-07 16:41:49'),
('@markjohn2025', 'mark', 'User', '2024-11-30 17:00:00', 1, 2, 196, '2024-12-07 15:24:15', '2024-12-07 15:40:08'),
('@martijnde_boer', 'DeFienthousiast.polygon ', 'User', '2021-02-28 17:00:00', 3042, 496, 11300, '2024-12-07 17:10:47', '2024-12-07 17:10:47'),
('@MartyBent', 'Marty Bent', 'KOL', '2011-08-31 17:00:00', 3807, 244700, 71900, '2024-12-06 16:31:01', '2024-12-06 16:31:01'),
('@MaryBrizard', 'MaryB', 'KOL', '2017-02-28 17:00:00', 1737, 871, 1952, '2024-12-06 15:44:52', '2024-12-06 15:44:52'),
('@MaryMartin38616', 'Mary Martins', 'User', '2024-09-30 17:00:00', 12, 144, 232, '2024-12-07 16:54:02', '2024-12-07 16:54:02'),
('@mashukchowdhu10', '@mashuk71', 'User', '2022-11-30 17:00:00', 482, 21, 567, '2024-12-07 10:01:36', '2024-12-07 10:01:36'),
('@MatrixCrypto888', 'CryptoMatrix', 'User', '2015-05-31 17:00:00', 1545, 19800, 545, '2024-12-07 16:11:54', '2024-12-07 16:11:54'),
('@Matt4806', 'Matt', 'KOL', '2024-09-30 17:00:00', 260, 89, 354, '2024-12-07 16:26:11', '2024-12-07 16:26:11'),
('@matthew_d_green', 'Matthew Green', 'KOL', '2009-12-31 17:00:00', 1086, 151400, 85300, '2024-12-06 17:12:11', '2024-12-06 17:12:11'),
('@matthew_pines', 'Matthew Pines', 'KOL', '2020-10-31 17:00:00', 5003, 39300, 30900, '2024-12-06 16:40:33', '2024-12-06 16:40:33'),
('@Matt_TheGreater', 'MattTheGreater', 'User', '2021-07-31 17:00:00', 485, 69, 575, '2024-12-07 16:53:27', '2024-12-07 16:53:27'),
('@Maxxusz', 'Maxx', 'User', '2021-07-31 17:00:00', 7, 0, 13, '2024-12-07 16:54:47', '2024-12-07 16:54:47'),
('@max_theta', 'Smoked Fish', 'User', '2021-02-28 17:00:00', 1953, 2992, 25100, '2024-12-07 08:03:16', '2024-12-07 08:03:16'),
('@mayylucky', 'bebi', 'KOL', '2013-04-30 17:00:00', 5164, 2684, 272600, '2024-12-06 17:03:52', '2024-12-06 17:03:52'),
('@MBremond', 'M Brems', 'User', '2012-10-31 17:00:00', 104, 91, 295, '2024-12-07 16:55:02', '2024-12-07 16:55:02'),
('@MdRaiha02097389', 'NextGen π', 'User', '2023-01-31 17:00:00', 720, 97, 998, '2024-12-07 07:43:38', '2024-12-07 07:43:38'),
('@me1hng', 'Meilin Huang', 'User', '2019-11-30 17:00:00', 130, 63, 2284, '2024-12-07 11:12:15', '2024-12-07 11:12:15'),
('@medzaremartian', 'ultramedz', 'User', '2024-11-30 17:00:00', 110, 100, 87, '2024-12-07 16:59:35', '2024-12-07 16:59:35'),
('@Mehammedzinab', 'Mehammed Zinab', 'User', '2024-04-30 17:00:00', 811, 33, 10, '2024-12-07 15:24:49', '2024-12-07 15:40:42'),
('@Melanie68480425', 'Melanie', 'User', '2024-11-30 17:00:00', 20, 0, 1, '2024-12-06 17:16:58', '2024-12-06 17:16:58'),
('@MelunBegg', '𝕄𝕖𝕝𝕦𝕟', 'User', '2020-05-31 17:00:00', 1651, 1310, 1929, '2024-12-07 17:19:45', '2024-12-07 17:19:45'),
('@memecoin', 'Memecoin', 'KOL', '2022-03-31 17:00:00', 1, 2000000, 4, '2024-12-06 16:09:09', '2024-12-06 16:09:09'),
('@memecoin_X', 'memecoin', 'KOL', '2023-03-31 17:00:00', 1352, 5352, 8458, '2024-12-07 17:13:26', '2024-12-07 17:13:26'),
('@Memeland', 'Memeland ', 'User', '2022-01-31 17:00:00', 22, 2300000, 2305, '2024-12-06 15:38:49', '2024-12-06 15:38:49'),
('@MemersCult', 'MEMERS CULT', 'KOL', '2016-08-31 17:00:00', 1431, 3060, 31, '2024-12-06 16:01:35', '2024-12-06 16:01:35'),
('@menaangya', 'derv', 'User', '2022-12-31 17:00:00', 5573, 71, 28200, '2024-12-07 11:26:21', '2024-12-07 11:26:21'),
('@meow_cabal', 'MEOW', 'KOL', '2022-04-30 17:00:00', 360, 37100, 2855, '2024-12-07 17:33:45', '2024-12-07 17:33:45'),
('@MercedesBa97207', 'Mercedes Barozzi', 'User', '2023-02-28 17:00:00', 33, 2, 9, '2024-12-06 17:16:36', '2024-12-06 17:16:36'),
('@Merciful_Guy', 'Merciful', 'User', '2021-12-31 17:00:00', 118, 99, 16, '2024-12-06 17:21:45', '2024-12-06 17:21:45'),
('@MerlijnTrader', 'Merlijn The Trader', 'KOL', '2020-06-30 17:00:00', 18, 382800, 1485, '2024-12-07 15:46:43', '2024-12-07 15:46:43'),
('@MetaGorgonite', 'Meta Gorgonite', 'KOL', '2017-08-31 17:00:00', 1276, 27300, 32100, '2024-12-07 16:17:40', '2024-12-07 16:17:40'),
('@MHAgibert', 'Matheus H. Agibert', 'User', '2011-09-30 17:00:00', 683, 95, 3203, '2024-12-07 16:14:54', '2024-12-07 16:14:54'),
('@MhDAlfas', 'αℓƒαร', 'User', '2014-05-31 17:00:00', 3371, 118, 5441, '2024-12-07 17:01:48', '2024-12-07 17:01:48'),
('@MHMwdharb', 'M', 'User', '2024-11-30 17:00:00', 168, 21, 89, '2024-12-07 15:54:44', '2024-12-07 15:54:44'),
('@MhrdadG81945', 'مهرداد غفوری', 'User', '2024-05-31 17:00:00', 414, 5, 681, '2024-12-07 07:49:14', '2024-12-07 07:49:14'),
('@miaflasun', 'AL', 'KOL', '2011-11-30 17:00:00', 2154, 1581, 35100, '2024-12-06 16:21:30', '2024-12-06 16:21:30'),
('@micmos', 'MicMos', 'User', '2009-04-30 17:00:00', 1316, 645, 3838, '2024-12-06 16:00:42', '2024-12-06 16:00:42'),
('@midpackergeek', 'William Hurst', 'KOL', '2009-02-28 17:00:00', 2495, 1313, 20500, '2024-12-07 16:44:27', '2024-12-07 16:44:27'),
('@MikaelXeeland', 'Mikael ', 'KOL', '2020-02-29 17:00:00', 1602, 1511, 20400, '2024-12-06 16:26:52', '2024-12-06 16:26:52'),
('@Mikey_p19', 'CultCrypto', 'KOL', '2011-12-31 17:00:00', 3198, 1383, 11900, '2024-12-06 16:43:29', '2024-12-06 16:43:29'),
('@miladsnt', 'Milad Sanati', 'User', '2016-06-30 17:00:00', 574, 485, 2471, '2024-12-07 16:22:48', '2024-12-07 16:22:48'),
('@MindsetDre777', 'MindsetDre', 'User', '2020-11-30 17:00:00', 540, 498, 7997, '2024-12-07 17:20:07', '2024-12-07 17:20:07'),
('@Miner4Nine', 'Miner4Nine (', 'User', '2010-01-31 17:00:00', 1702, 382, 2854, '2024-12-06 15:45:32', '2024-12-06 15:45:32'),
('@MiningHope', 'Mining for Hope', 'KOL', '2021-05-31 17:00:00', 970, 470, 1057, '2024-12-06 16:44:26', '2024-12-06 16:44:26'),
('@misic019', 'Mali Zmaj', 'User', '2014-07-31 17:00:00', 96, 47, 630, '2024-12-07 16:25:47', '2024-12-07 16:25:47'),
('@MitCo4', 'TΞCSH ', 'User', '2013-07-31 17:00:00', 1358, 146, 2579, '2024-12-06 17:22:16', '2024-12-06 17:22:16'),
('@mitkalenniy79', 'Юрий Миткаленній', 'User', '2024-10-31 17:00:00', 3, 0, 0, '2024-12-06 16:55:59', '2024-12-06 16:55:59'),
('@mitrasaatlou', 'mitra.najafi', 'User', '2012-03-31 17:00:00', 91, 1, 22, '2024-12-07 07:48:52', '2024-12-07 07:48:52'),
('@MixxsyLabs', 'Mixxsy Labs', 'User', '2024-08-31 17:00:00', 48, 5, 4, '2024-12-07 16:59:24', '2024-12-07 16:59:24'),
('@MktHammer', 'Mkt Hammer', 'User', '2023-06-30 17:00:00', 279, 496, 530, '2024-12-07 17:07:57', '2024-12-07 17:07:57'),
('@MMarsh83841', 'Mrs. Sarah Marsh', 'User', '2024-10-31 17:00:00', 2, 0, 0, '2024-12-06 16:40:58', '2024-12-06 16:40:58'),
('@MMerazal', 'mhde merazal', 'User', '2024-09-30 17:00:00', 231, 16, 17, '2024-12-06 15:41:47', '2024-12-06 15:41:47'),
('@mnooooooosh77', '𝐑𝐢𝐜𝐡𝐄𝐥𝐞𝐠𝐚𝐧𝐜𝐞', 'User', '2013-11-30 17:00:00', 293, 917, 14900, '2024-12-07 15:49:53', '2024-12-07 15:49:53');
INSERT INTO `users` (`user_id`, `username`, `role`, `joined_at`, `following`, `follower`, `posts_cnt`, `saved_at`, `updated_at`) VALUES
('@Moha75rap', 'The_Crypto_madman', 'User', '2022-03-31 17:00:00', 785, 316, 3539, '2024-12-07 10:01:14', '2024-12-07 10:01:14'),
('@MohammedMu16489', 'Mohammed Munawar', 'User', '2024-07-31 17:00:00', 71, 7, 137, '2024-12-07 15:15:54', '2024-12-07 15:15:54'),
('@moneyfinancial', 'Tim Money - not financial advice', 'KOL', '2009-03-31 17:00:00', 1674, 727, 10300, '2024-12-06 16:30:30', '2024-12-06 16:30:30'),
('@Monge_Bebado2', 'Monge Bêbado 2', 'User', '2024-10-31 17:00:00', 527, 167, 4676, '2024-12-07 10:03:40', '2024-12-07 10:03:40'),
('@moniques_eth', 'Monique_eth', 'User', '2014-07-31 17:00:00', 30, 8, 156, '2024-12-07 17:21:37', '2024-12-07 17:21:37'),
('@montirachan', 'Mon Montira', 'User', '2010-04-30 17:00:00', 200, 35, 371, '2024-12-07 17:26:44', '2024-12-07 17:26:44'),
('@moondust_36', 'MoonDust ', 'User', '2021-04-30 17:00:00', 4787, 24000, 116300, '2024-12-06 17:23:09', '2024-12-06 17:23:09'),
('@MostradamusM', 'MostrADAmus The Moor', 'User', '2019-08-31 17:00:00', 2496, 686, 4349, '2024-12-07 09:27:05', '2024-12-07 09:27:05'),
('@MotoswapBTC', 'Motoswap', 'KOL', '2023-07-31 17:00:00', 17, 15700, 767, '2024-12-06 16:08:57', '2024-12-06 16:08:57'),
('@Moustafa43', 'ahmed', 'User', '2024-07-31 17:00:00', 192, 0, 127, '2024-12-06 16:56:43', '2024-12-06 16:56:43'),
('@moyk58149634', 'フツーなリーマン', 'User', '2022-01-31 17:00:00', 63, 88, 69, '2024-12-07 16:21:19', '2024-12-07 16:21:19'),
('@MoynaNadia52801', 'Nadia Noor Asha', 'User', '2024-05-31 17:00:00', 97, 2, 126, '2024-12-06 15:44:12', '2024-12-06 15:44:12'),
('@mrdex0001', 'Mr. DEX Jr', 'User', '2024-06-30 17:00:00', 75, 12, 295, '2024-12-07 16:26:45', '2024-12-07 16:26:45'),
('@MrDiamondhandz1', 'Mr. Diamondhandz1', 'KOL', '2021-07-31 17:00:00', 2897, 106100, 29300, '2024-12-06 15:56:40', '2024-12-06 15:56:40'),
('@mrDIndicatorsIO', 'mrD Indicators', 'KOL', '2023-05-31 17:00:00', 1343, 6119, 8216, '2024-12-07 17:00:16', '2024-12-07 17:00:16'),
('@MRizwanRiz49890', 'M.Rizwan Rizwan khan', 'User', '2024-07-31 17:00:00', 133, 5, 43, '2024-12-07 15:42:54', '2024-12-07 15:42:54'),
('@mrlurchman', 'Lurchman', 'KOL', '2011-02-28 17:00:00', 4540, 4417, 15500, '2024-12-07 17:11:46', '2024-12-07 17:11:46'),
('@MrMakodo', 'AL.Makodo', 'User', '2021-11-30 17:00:00', 307, 389, 4921, '2024-12-07 16:05:12', '2024-12-07 16:05:12'),
('@MrOmodulus', 'MrO.CULT ', 'User', '2021-12-31 17:00:00', 610, 23400, 8602, '2024-12-06 15:46:32', '2024-12-06 15:46:32'),
('@MRq9QCEEntDT7', 'NatividadJoe', 'User', '2023-09-30 17:00:00', 6064, 48, 0, '2024-12-06 15:57:02', '2024-12-06 15:57:02'),
('@MrsPrathams', '𐙚 Sophia ೀ | KOL4U', 'KOL', '2022-11-30 17:00:00', 4890, 1856, 26100, '2024-12-06 17:03:46', '2024-12-06 17:03:46'),
('@MSTRLife', 'MSTR Life', 'User', '2019-07-31 17:00:00', 37, 496, 2666, '2024-12-07 09:28:01', '2024-12-07 09:28:01'),
('@mukhadinda', 'Mukhadinda', 'User', '2024-10-31 17:00:00', 3, 481, 39, '2024-12-07 11:31:08', '2024-12-07 11:31:08'),
('@MultiversX', 'Multiversᕽ', 'KOL', '2018-03-31 17:00:00', 381, 1100000, 5969, '2024-12-06 17:11:38', '2024-12-06 17:11:38'),
('@MurlocValinsky', 'Ign Valer', 'User', '2022-02-28 17:00:00', 429, 26, 77, '2024-12-07 17:10:36', '2024-12-07 17:10:36'),
('@Murphy_Ell4', 'Ella Murphy', 'User', '2021-06-30 17:00:00', 44, 5, 91, '2024-12-07 17:16:10', '2024-12-07 17:16:10'),
('@musfiqurraiyan', 'Musfikur Islam Raiyan(✸,✸)', 'User', '2020-02-29 17:00:00', 119, 31, 349, '2024-12-07 16:24:40', '2024-12-07 16:24:40'),
('@musse_nasi54649', 'nasir musse', 'User', '2024-09-30 17:00:00', 45, 47, 75, '2024-12-07 16:46:02', '2024-12-07 16:46:02'),
('@MWithoutqueen', 'withoutqueen', 'User', '2023-02-28 17:00:00', 0, 493, 19600, '2024-12-07 17:18:08', '2024-12-07 17:18:08'),
('@M_Ganesh_Ram', 'M G R', 'User', '2020-04-30 17:00:00', 183, 43, 797, '2024-12-07 17:22:45', '2024-12-07 17:22:45'),
('@n12743', 'a12743', 'User', '2024-10-31 17:00:00', 355, 144, 291, '2024-12-07 17:10:59', '2024-12-07 17:10:59'),
('@nachoCastrooGue', 'Nacho Castro Guerra', 'User', '2014-06-30 17:00:00', 28, 3, 8, '2024-12-07 16:34:17', '2024-12-07 16:34:17'),
('@NafiuBena26403', 'Nafiu Bena', 'User', '2024-11-30 17:00:00', 10, 0, 1, '2024-12-06 17:14:18', '2024-12-06 17:14:18'),
('@NapoLoNx', 'NapoLoNx', 'User', '2013-06-30 17:00:00', 665, 60, 278, '2024-12-07 16:23:22', '2024-12-07 16:23:22'),
('@narratoio', 'Narrato', 'User', '2019-05-31 17:00:00', 1166, 491, 5539, '2024-12-06 16:24:13', '2024-12-06 16:24:13'),
('@natbrunell', 'Natalie Brunell ', 'KOL', '2012-03-31 17:00:00', 4636, 357500, 21300, '2024-12-06 16:30:46', '2024-12-06 16:30:46'),
('@NathanUlsh', 'Nᴀᴛʜᴀɴ Uʟsʜ', 'KOL', '2011-06-30 17:00:00', 1754, 391, 1059, '2024-12-06 15:45:34', '2024-12-06 15:45:34'),
('@Naza27586327982', 'Naza', 'User', '2024-09-30 17:00:00', 24, 0, 1, '2024-12-06 17:13:44', '2024-12-06 17:13:44'),
('@NDoc13857815', 'N Doc', 'User', '2022-01-31 17:00:00', 7, 3, 295, '2024-12-07 08:03:28', '2024-12-07 08:03:28'),
('@nearchain', 'RockyBalboa', 'User', '2021-05-31 17:00:00', 87, 23, 824, '2024-12-07 09:27:27', '2024-12-07 09:27:27'),
('@ned39654', 'Crypto Calls ', 'User', '2024-04-30 17:00:00', 93, 20, 67, '2024-12-07 11:09:38', '2024-12-07 11:09:38'),
('@neiro', 'Neiro, the #SisterOfDoge', 'KOL', '2024-06-30 17:00:00', 35, 60200, 879, '2024-12-06 15:38:38', '2024-12-06 15:38:38'),
('@neironsw', 'Neiron', 'User', '2022-06-30 17:00:00', 4, 0, 107, '2024-12-07 17:26:32', '2024-12-07 17:26:32'),
('@NemotoJojo85537', 'Mayor', 'KOL', '2024-01-31 17:00:00', 314, 429, 5771, '2024-12-06 16:19:10', '2024-12-06 16:19:10'),
('@netowreuth10479', 'André Smith', 'User', '2024-01-31 17:00:00', 0, 56, 60, '2024-12-07 07:52:54', '2024-12-07 07:52:54'),
('@Nexerweb', 'NexerWeb', 'User', '2024-08-31 17:00:00', 73, 233, 3, '2024-12-06 16:14:20', '2024-12-06 16:14:20'),
('@Nez_Dking', 'Mr. Learned ', 'User', '2016-02-29 17:00:00', 134, 152, 3279, '2024-12-07 15:24:38', '2024-12-07 15:24:38'),
('@Ngc11105838', 'Nguyễn Văn Ngọc', 'User', '2021-03-31 17:00:00', 2157, 230, 634, '2024-12-06 15:57:24', '2024-12-06 15:57:24'),
('@ngnutor6113', 'Gema Ngnutor Edward', 'User', '2024-10-31 17:00:00', 444, 33, 107, '2024-12-06 16:11:44', '2024-12-06 16:11:44'),
('@nguyentinh192', 'Tinh nguyen', 'User', '2014-03-31 17:00:00', 38, 20, 385, '2024-12-07 16:53:05', '2024-12-07 16:53:05'),
('@nGvxYVyf4smjPym', 'ヴォクス', 'User', '2018-02-28 17:00:00', 1798, 391, 6704, '2024-12-06 16:10:59', '2024-12-06 16:10:59'),
('@niaina_hol72849', 'HOLY NIAINA RAVAOMANARIVO', 'User', '2024-06-30 17:00:00', 251, 20, 581, '2024-12-07 15:16:27', '2024-12-07 15:32:10'),
('@niakandela', 'Nia kandela', 'User', '2013-10-31 17:00:00', 161, 165, 2417, '2024-12-07 16:53:50', '2024-12-07 16:53:50'),
('@niccary', 'Nic Cary', 'KOL', '2008-04-30 17:00:00', 2091, 49700, 4956, '2024-12-06 15:40:07', '2024-12-06 15:40:07'),
('@nickth3kid', 'Nick The Trader', 'KOL', '2011-07-31 17:00:00', 512, 3143, 38000, '2024-12-07 16:16:18', '2024-12-07 16:16:18'),
('@nicowlassisi', 'Nico W. Lassisi', 'User', '2023-10-31 17:00:00', 80, 118, 346, '2024-12-07 17:18:19', '2024-12-07 17:18:19'),
('@nightshadezoee', 'sol ', 'User', '2022-04-30 17:00:00', 4600, 125, 46200, '2024-12-07 11:25:14', '2024-12-07 11:25:14'),
('@NikhileshSC', 'Nikawesomehai', 'User', '2012-07-31 17:00:00', 111, 124, 1817, '2024-12-07 09:27:38', '2024-12-07 09:27:38'),
('@nikiwe47', 'Scotty.', 'User', '2022-12-31 17:00:00', 536, 158, 3277, '2024-12-07 16:12:16', '2024-12-07 16:12:16'),
('@Nilufer_Akinci9', 'Nilufer Akinci', 'User', '2015-04-30 17:00:00', 77, 4, 16, '2024-12-07 16:34:51', '2024-12-07 16:34:51'),
('@niodamian', 'Teck', 'User', '2017-12-31 17:00:00', 42, 866, 4863, '2024-12-06 17:02:07', '2024-12-06 17:02:07'),
('@NizarAhmedMin', 'Nizar Ahmed', 'User', '2023-06-30 17:00:00', 29, 3, 104, '2024-12-07 15:42:21', '2024-12-07 15:42:21'),
('@nknknk_nk8', 'n..k', 'KOL', '2018-01-31 17:00:00', 732, 315, 279, '2024-12-06 16:19:08', '2024-12-06 16:19:08'),
('@NoaRivasOrtega_', 'Noa Rivas Ortega', 'User', '2012-04-30 17:00:00', 0, 0, 1, '2024-12-07 16:33:55', '2024-12-07 16:33:55'),
('@Noytorsh4FEQk', 'Noytorsh', 'User', '2024-07-31 17:00:00', 2328, 13, 0, '2024-12-06 16:13:24', '2024-12-06 16:13:24'),
('@No_man_one', 'Noman_OnΞ', 'KOL', '2018-02-28 17:00:00', 6629, 8808, 22100, '2024-12-07 17:22:33', '2024-12-07 17:22:33'),
('@NSmolenski', 'Natalie Smolenski', 'KOL', '2011-12-31 17:00:00', 4869, 27900, 3232, '2024-12-06 16:31:41', '2024-12-06 16:40:29'),
('@nteslahouse', 'nteslahouse', 'User', '2022-08-31 17:00:00', 158, 218, 822, '2024-12-07 07:43:15', '2024-12-07 07:43:15'),
('@NUMBER028328184', 'NUMBER07', 'User', '2021-05-31 17:00:00', 294, 35, 1061, '2024-12-07 15:15:31', '2024-12-07 15:15:31'),
('@NurBrks', 'NurBrks', 'KOL', '2021-09-30 17:00:00', 875, 35500, 12000, '2024-12-06 17:12:15', '2024-12-06 17:12:15'),
('@NurN80174', 'arsya naufal', 'User', '2024-07-31 17:00:00', 1230, 46, 3774, '2024-12-07 17:27:43', '2024-12-07 17:27:43'),
('@nuyungen56941', 'nuyungen', 'User', '2024-11-30 17:00:00', 2, 0, 2, '2024-12-06 17:14:29', '2024-12-06 17:14:29'),
('@NycoleGeyse', 'Nicole', 'User', '2014-01-31 17:00:00', 345, 298, 343, '2024-12-07 11:13:55', '2024-12-07 11:13:55'),
('@Nyctoo03', 'Vishnu_', 'User', '2024-10-31 17:00:00', 449, 89, 4, '2024-12-06 16:16:33', '2024-12-06 16:16:33'),
('@odai_0x', 'Odai', 'KOL', '2017-03-31 17:00:00', 1774, 2448, 4276, '2024-12-06 16:45:40', '2024-12-06 16:45:40'),
('@odonilwin', 'Odonil', 'User', '2022-07-31 17:00:00', 4043, 3138, 17900, '2024-12-07 17:27:54', '2024-12-07 17:27:54'),
('@officialcyrilz', 'Cypher', 'User', '2017-06-30 17:00:00', 175, 32, 88, '2024-12-07 07:47:54', '2024-12-07 07:47:54'),
('@officialJryRise', 'Official_JerryRise', 'User', '2020-09-30 17:00:00', 1307, 575, 3629, '2024-12-07 09:50:15', '2024-12-07 10:34:58'),
('@officialzerr', 'David', 'User', '2017-12-31 17:00:00', 879, 32, 497, '2024-12-07 15:56:26', '2024-12-07 15:56:26'),
('@Official_MrPool', 'Mr. Pool', 'KOL', '2021-10-31 17:00:00', 0, 50000, 314, '2024-12-06 15:54:17', '2024-12-06 15:54:17'),
('@ogesweetie', 'Sweetness', 'User', '2024-03-31 17:00:00', 102, 3, 22, '2024-12-07 15:45:40', '2024-12-07 15:45:40'),
('@OkerekeChi82304', 'Okereke Chioma', 'User', '2024-03-31 17:00:00', 258, 4, 102, '2024-12-07 07:49:36', '2024-12-07 07:49:36'),
('@OkworTochukwu', 'BigtimeThINgzzz', 'User', '2019-08-31 17:00:00', 427, 218, 1425, '2024-12-07 16:22:37', '2024-12-07 16:22:37'),
('@OldGuy_67', 'OldGuy_67', 'User', '2023-05-31 17:00:00', 867, 714, 2626, '2024-12-07 16:45:01', '2024-12-07 16:45:01'),
('@OmarBoogle', 'Omar Boogle', 'User', '2024-11-30 17:00:00', 40, 1, 21, '2024-12-07 11:09:04', '2024-12-07 11:09:04'),
('@OmonTheGreat', 'OMÖN', 'User', '2024-05-31 17:00:00', 988, 164, 82, '2024-12-06 16:43:12', '2024-12-06 16:43:12'),
('@Onelastbreath18', 'Кинески принчеви ', 'KOL', '2020-09-30 17:00:00', 1487, 251, 8581, '2024-12-06 17:22:02', '2024-12-06 17:22:02'),
('@OneMorePeter', 'Peter Smith', 'KOL', '2014-01-31 17:00:00', 1113, 50700, 393, '2024-12-06 15:38:35', '2024-12-06 15:38:35'),
('@onlineboy00', 'Ahmed00', 'KOL', '2016-09-30 17:00:00', 84, 220, 515, '2024-12-06 15:44:53', '2024-12-06 15:44:53'),
('@OnlyforTruth0', 'Only For The Truth', 'User', '2011-09-30 17:00:00', 966, 1120, 629, '2024-12-07 16:56:25', '2024-12-07 16:56:25'),
('@optout1971', 'Opt Out ', 'User', '2012-01-31 17:00:00', 1115, 1260, 13900, '2024-12-06 16:44:20', '2024-12-06 16:44:20'),
('@OP_Timechain', 'Operation Timechain', 'User', '2023-04-30 17:00:00', 346, 97, 421, '2024-12-06 16:43:44', '2024-12-06 16:43:44'),
('@oraichain', 'Oraichain', 'KOL', '2020-07-31 17:00:00', 308, 73000, 3512, '2024-12-06 16:08:56', '2024-12-06 16:08:56'),
('@orca_so', 'Orca ', 'KOL', '2020-08-31 17:00:00', 414, 153300, 4922, '2024-12-06 16:44:45', '2024-12-06 16:55:19'),
('@Ordinals2288', 'Ordinals', 'User', '2023-11-30 17:00:00', 299, 1239, 506, '2024-12-07 16:41:16', '2024-12-07 16:41:16'),
('@OrdoAeternum', 'Ordo Aeternum', 'User', '2024-11-30 17:00:00', 308, 26, 5, '2024-12-06 16:12:06', '2024-12-06 16:12:06'),
('@OrnimusMaximus', 'godcandle.algo | ', 'KOL', '2017-12-31 17:00:00', 2101, 2094, 8419, '2024-12-07 17:13:30', '2024-12-07 17:13:30'),
('@orozco44280', 'Tito Orozco', 'User', '2024-08-31 17:00:00', 20, 3, 1, '2024-12-06 15:43:16', '2024-12-06 15:43:16'),
('@Oxnov24', 'Yakinlah', 'User', '2024-06-30 17:00:00', 4556, 40, 12400, '2024-12-07 11:24:40', '2024-12-07 11:24:40'),
('@oxsin', 'Daz', 'User', '2008-08-31 17:00:00', 504, 575, 3625, '2024-12-07 07:46:20', '2024-12-07 07:46:20'),
('@Ozan99099', 'Ozan', 'User', '2014-12-31 17:00:00', 1281, 1050, 378, '2024-12-07 17:17:46', '2024-12-07 17:17:46'),
('@ozcankriz23', 'Ozcan', 'User', '2024-02-29 17:00:00', 436, 116, 933, '2024-12-07 17:10:25', '2024-12-07 17:10:25'),
('@ozhan_yongaci', 'Özhan Yongaci', 'User', '2023-01-31 17:00:00', 728, 778, 23700, '2024-12-07 17:09:17', '2024-12-07 17:09:17'),
('@ozziecrypto13', 'OZZIECRYPTO13', 'User', '2021-07-31 17:00:00', NULL, NULL, 169, '2024-12-06 16:18:25', '2024-12-06 16:18:25'),
('@pajaceneke94', 'PAJACENEKE', 'User', '2021-01-31 17:00:00', 6684, 1255, 47300, '2024-12-07 15:57:03', '2024-12-07 15:57:03'),
('@PandaFxGaming', 'PandaFx', 'KOL', '2014-12-31 17:00:00', 3061, 2354, 8418, '2024-12-07 15:56:50', '2024-12-07 15:56:50'),
('@papostat', 'vandervanden', 'User', '2021-04-30 17:00:00', 573, 171, 4267, '2024-12-07 17:11:22', '2024-12-07 17:11:22'),
('@PARAVOX_game', 'PARAVOX', 'KOL', '2024-04-30 17:00:00', 447, 23700, 631, '2024-12-06 16:45:18', '2024-12-06 16:45:18'),
('@ParqStreet', 'PARQ Street', 'KOL', '2023-09-30 17:00:00', 570, 324, 1200, '2024-12-07 07:56:59', '2024-12-07 07:56:59'),
('@pasha_R88', 'راشد 不', 'KOL', '2020-12-31 17:00:00', 277, 53900, 15900, '2024-12-06 16:02:35', '2024-12-06 16:02:35'),
('@PatelShawn2818', 'Shawna Patel', 'User', '2024-11-30 17:00:00', 13, 0, 5, '2024-12-06 17:15:27', '2024-12-06 17:15:27'),
('@path_fin_der_1', 'Pathfinder', 'User', '2012-01-31 17:00:00', 41, 101, 3643, '2024-12-07 15:49:31', '2024-12-07 15:49:31'),
('@PatienceCapMgmt', 'R0B', 'User', '2021-04-30 17:00:00', 300, 1538, 28000, '2024-12-07 11:04:20', '2024-12-07 11:04:20'),
('@Patriklas00', 'Pat', 'KOL', '2011-04-30 17:00:00', 5079, 3106, 8692, '2024-12-06 16:01:07', '2024-12-06 16:01:07'),
('@PaulaNicho49882', 'Paula Nichols', 'User', '2024-10-31 17:00:00', 3, 0, 0, '2024-12-06 16:41:20', '2024-12-06 16:41:20'),
('@PawsFounder', 'Paws Community', 'User', '2023-12-31 17:00:00', 11, 144000, 444, '2024-12-07 15:14:47', '2024-12-07 15:30:49'),
('@pbeur', 'Benp', 'User', '2013-08-31 17:00:00', 199, 24, 11, '2024-12-07 16:57:10', '2024-12-07 16:57:10'),
('@pcsjr93', 'Hashgraph Lawyer', 'KOL', '2022-10-31 17:00:00', 924, 1099, 9202, '2024-12-07 16:05:19', '2024-12-07 16:05:19'),
('@pcy3olucky', 'Shine', 'User', '2020-09-30 17:00:00', 7499, 258, 50900, '2024-12-07 15:55:29', '2024-12-07 15:55:29'),
('@Pemburucrypto94', 'Pemburu rupiah', 'KOL', '2021-06-30 17:00:00', 1006, 287, 6846, '2024-12-07 15:57:17', '2024-12-07 16:04:46'),
('@Pencurry17', 'Pencurry17.bit', 'User', '2023-04-30 17:00:00', 765, 68, 973, '2024-12-06 15:43:50', '2024-12-06 15:43:50'),
('@PendingETH', 'Aleco', 'KOL', '2022-05-31 17:00:00', 23600, 135400, 182900, '2024-12-06 16:30:28', '2024-12-06 16:30:28'),
('@PennyLuna278467', 'Penny Luna', 'User', '2024-11-30 17:00:00', 10, 0, 3, '2024-12-06 17:13:09', '2024-12-06 17:13:09'),
('@PentagonSafety', '$KAS IS KING 𐤊', 'KOL', '2012-03-31 17:00:00', 2871, 1406, 1493, '2024-12-07 10:05:23', '2024-12-07 10:05:23'),
('@pepecoineth', 'Pepe', 'KOL', '2023-03-31 17:00:00', 5, 717400, 767, '2024-12-07 17:13:36', '2024-12-07 17:13:36'),
('@PepeGainz100x', 'PepeGainz100x', 'User', '2023-04-30 17:00:00', 3135, 3740, 2461, '2024-12-07 17:19:21', '2024-12-07 17:19:21'),
('@PepeMeme_', 'PepeMeme ', 'KOL', '2021-01-31 17:00:00', 3599, 535600, 777, '2024-12-07 07:37:11', '2024-12-07 07:37:11'),
('@pepetoairdrop', 'PepeMeme official Support', 'User', '2023-05-31 17:00:00', 1038, 291, 129, '2024-12-07 10:01:25', '2024-12-07 10:01:25'),
('@pepewillblowup', 'Ekaf Eman ', 'User', '2024-10-31 17:00:00', 10, 26, 370, '2024-12-07 10:05:45', '2024-12-07 10:05:45'),
('@PernandoDio', 'dadio23_bigwin', 'User', '2019-02-28 17:00:00', 219, 52, 3838, '2024-12-07 17:27:10', '2024-12-07 17:27:10'),
('@perrify_icp', 'Perrify', 'KOL', '2020-04-30 17:00:00', 330, 1854, 679, '2024-12-07 16:17:37', '2024-12-07 16:17:37'),
('@PERRO_MONNEY', 'D\'REAL PERRO', 'User', '2021-03-31 17:00:00', 2670, 814, 5655, '2024-12-07 15:57:41', '2024-12-07 15:57:41'),
('@PerryBeatr46819', 'Beatrice Perry', 'User', '2024-11-30 17:00:00', 13, 0, 6, '2024-12-06 17:13:55', '2024-12-06 17:13:55'),
('@pesonadino', 'dels', 'User', '2024-04-30 17:00:00', 1203, 81, 17100, '2024-12-07 11:25:25', '2024-12-07 11:25:25'),
('@peterwil', 'Peter Wilson', 'User', '2008-05-31 17:00:00', 1228, 813, 536, '2024-12-06 15:39:43', '2024-12-06 15:39:43'),
('@philipngn', 'Philipngn', 'User', '2020-11-30 17:00:00', 302, 27, 38, '2024-12-06 17:22:30', '2024-12-06 17:22:30'),
('@phntm_0x', '0xDegenPhantom', 'KOL', '2015-03-31 17:00:00', 83, 989, 1360, '2024-12-07 16:15:45', '2024-12-07 16:15:45'),
('@phvyynevv', '𝘯𝘦𝘢𝘷𝘷', 'KOL', '2015-03-31 17:00:00', 1099, 82, 3523, '2024-12-06 17:03:57', '2024-12-06 17:03:57'),
('@Picassobtc', 'es', 'User', '2019-12-31 17:00:00', 590, 66, 383, '2024-12-07 11:05:05', '2024-12-07 11:05:05'),
('@pickcanava', 'cann! freetag', 'User', '2024-08-31 17:00:00', 159, 116, 152, '2024-12-07 11:21:09', '2024-12-07 11:21:09'),
('@pickekanava', 'DesWinEka freetag ', 'User', '2024-07-31 17:00:00', 375, 89, 10300, '2024-12-07 11:21:20', '2024-12-07 11:21:20'),
('@pickerterus', 'freetagbanjirbigwin', 'User', '2023-11-30 17:00:00', 1855, 72, 23000, '2024-12-07 11:20:57', '2024-12-07 11:20:57'),
('@picknavame38', 'picknava me', 'User', '2024-09-30 17:00:00', 13, 50, 1607, '2024-12-07 15:54:11', '2024-12-07 15:54:11'),
('@picksoleil_', 'Soleil ౨ৎ', 'User', '2024-04-30 17:00:00', 2295, 62, 22200, '2024-12-07 15:54:22', '2024-12-07 15:54:22'),
('@piete1226834', 'piete', 'User', '2023-11-30 17:00:00', 93, 127, 218, '2024-12-07 15:56:04', '2024-12-07 15:56:04'),
('@pink_berry_win', 'Ragava Simha', 'User', '2024-09-30 17:00:00', 494, 27, 1967, '2024-12-07 11:17:15', '2024-12-07 15:51:46'),
('@pishoto_eth', 'Pishoto', 'KOL', '2020-12-31 17:00:00', 245, 1235, 2835, '2024-12-07 17:13:12', '2024-12-07 17:13:12'),
('@playmetalcore', 'METALCORE | Let\'s #PlayMetalCore!', 'KOL', '2021-08-31 17:00:00', 158, 206200, 5554, '2024-12-06 16:45:23', '2024-12-06 16:45:23'),
('@plebiolira', 'plebiolira', 'KOL', '2021-08-31 17:00:00', 5272, 3092, 15700, '2024-12-06 16:43:32', '2024-12-06 16:43:32'),
('@pllwinner26', 'paula', 'User', '2023-06-30 17:00:00', 3269, 131, 9632, '2024-12-07 11:25:58', '2024-12-07 11:25:58'),
('@ploychikurii', 'พพพ', 'User', '2023-09-30 17:00:00', 23, 13, 170, '2024-12-07 16:21:52', '2024-12-07 16:21:52'),
('@plusser4ever', 'PLUSSER', 'User', '2012-11-30 17:00:00', 523, 572, 7175, '2024-12-07 17:19:09', '2024-12-07 17:19:09'),
('@Polkadot', 'Polkadot', 'KOL', '2013-06-30 17:00:00', 7, 1500000, 10100, '2024-12-06 16:39:26', '2024-12-06 16:39:26'),
('@PollardErm75340', 'Erma Pollard', 'User', '2024-11-30 17:00:00', 13, 0, 3, '2024-12-06 17:19:04', '2024-12-06 17:19:04'),
('@POPCATSOLANA', '$POPCAT', 'KOL', '2023-11-30 17:00:00', 1087, 84900, 5004, '2024-12-06 15:38:50', '2024-12-06 15:38:50'),
('@PotterThel58664', 'Thelma Potter', 'User', '2024-11-30 17:00:00', 13, 0, 5, '2024-12-06 17:19:26', '2024-12-06 17:19:26'),
('@powerpuff86', 'HiloGirl; $BEYOND', 'KOL', '2021-10-31 17:00:00', 1975, 2430, 16000, '2024-12-07 16:44:15', '2024-12-07 16:44:15'),
('@PRecehan1990', 'Pemburu recehan1990 | $O', 'User', '2024-07-31 17:00:00', 4085, 125, 12200, '2024-12-07 11:23:45', '2024-12-07 11:23:45'),
('@PreciousEt9027', 'Precious Etim', 'User', '2023-06-30 17:00:00', 488, 3, 466, '2024-12-07 15:25:35', '2024-12-07 15:25:35'),
('@precompute_', '', 'User', '2023-02-28 17:00:00', 704, 137, 2088, '2024-12-07 16:44:38', '2024-12-07 16:44:38'),
('@premium', 'Premium', 'KOL', '2021-05-31 17:00:00', 2, 1000000, 1258, '2024-12-06 16:24:00', '2024-12-06 16:24:00'),
('@PrinceEtharu', 'Etharuu', 'User', '2014-05-31 17:00:00', 68, 10, 299, '2024-12-07 07:52:43', '2024-12-07 07:52:43'),
('@Prodiweb3', 'Prodious16', 'User', '2015-12-31 17:00:00', 0, 3847, 18400, '2024-12-07 10:05:22', '2024-12-07 17:16:43'),
('@ProductHubAfri', 'Product Hub Africa || MASTERCLASS IS LIVE!!!!', 'KOL', '2022-08-31 17:00:00', 13, 801, 329, '2024-12-06 17:22:32', '2024-12-06 17:22:32'),
('@profcryptotalks', 'Professor Crypto', 'KOL', '2018-01-31 17:00:00', 86, 123200, 3142, '2024-12-07 08:01:18', '2024-12-07 08:01:18'),
('@profitoclubx', 'Profito Club', 'User', '2024-02-29 17:00:00', 51, 52, 1483, '2024-12-07 16:23:33', '2024-12-07 16:23:33'),
('@ProkPetr', 'Petr_Prok', 'User', '2020-03-31 17:00:00', 286, 5, 131, '2024-12-07 10:07:17', '2024-12-07 10:07:17'),
('@ps1solanacoin', 'PS1 Intro on Solana', 'User', '2024-11-30 17:00:00', 4, 21, 9, '2024-12-06 16:56:32', '2024-12-06 16:56:32'),
('@PsychNurseLee', '𝐒𝐞𝐞𝐤𝐢𝐧𝐠𝐒𝐞𝐫𝐞𝐧𝐢𝐭𝐲', 'KOL', '2013-10-31 17:00:00', 5306, 2548, 38400, '2024-12-06 16:27:04', '2024-12-06 16:27:04'),
('@pulsechain74', 'Crypto Sunrise ', 'User', '2024-07-31 17:00:00', 735, 112, 1984, '2024-12-07 07:55:18', '2024-12-07 07:55:18'),
('@Pundit_nation', 'Sweet Dreams', 'User', '2017-06-30 17:00:00', 101, 12, 261, '2024-12-07 16:24:51', '2024-12-07 16:24:51'),
('@pushpendrakum', 'Pushpendra Singh', 'KOL', '2010-03-31 17:00:00', 1618, 416400, 35400, '2024-12-06 15:40:44', '2024-12-06 17:00:10'),
('@PushpendraTech', 'Pushpendra Singh Digital', 'KOL', '2019-04-30 17:00:00', 844, 128900, 5892, '2024-12-06 16:59:40', '2024-12-06 16:59:40'),
('@qshah2021', 'Cryptodegen', 'User', '2022-01-31 17:00:00', 384, 26, 1421, '2024-12-07 17:35:39', '2024-12-07 17:35:39'),
('@quanghuy9990', 'Quanghuy', 'User', '2018-07-31 17:00:00', 209, 16, 102, '2024-12-06 15:41:36', '2024-12-06 15:41:36'),
('@QuintenFrancois', 'Quinten | 048.eth', 'KOL', '2017-07-31 17:00:00', 1084, 185200, 57500, '2024-12-07 11:02:34', '2024-12-07 11:02:34'),
('@r3Retron', ' r3Retron ', 'User', '2023-09-30 17:00:00', 288, 474, 30100, '2024-12-07 17:33:19', '2024-12-07 17:33:19'),
('@RachelConlan', 'Rachel Conlan', 'KOL', '2020-02-29 17:00:00', 783, 12000, 426, '2024-12-06 17:11:19', '2024-12-06 17:11:19'),
('@raf_701', 'raf_701', 'KOL', '2017-04-30 17:00:00', 1421, 459, 9818, '2024-12-07 11:02:47', '2024-12-07 11:02:47'),
('@raghulsri_', 'raghul', 'User', '2015-06-30 17:00:00', 1208, 287, 12100, '2024-12-07 16:28:48', '2024-12-07 16:28:48'),
('@rajaac06', 'Rajaac ', 'User', '2021-12-31 17:00:00', 1047, 59, 2318, '2024-12-07 15:43:16', '2024-12-07 15:43:16'),
('@rajgokal', 'raj ', 'KOL', '2009-12-31 17:00:00', 2073, 259500, 10100, '2024-12-06 16:44:38', '2024-12-06 16:44:38'),
('@Raj_Monnappa', 'Raj Monnappa', 'KOL', '2009-04-30 17:00:00', 3401, 457, 27, '2024-12-06 16:30:36', '2024-12-06 16:30:36'),
('@rakundjohny', 'Farizan Japar', 'User', '2024-11-30 17:00:00', 14, 9, 13, '2024-12-07 16:54:13', '2024-12-07 16:54:13'),
('@RamonAng170887', 'Ramon Ang', 'User', '2024-09-30 17:00:00', 286, 319, 38, '2024-12-06 16:17:39', '2024-12-06 16:17:39'),
('@raphjaph', 'raph', 'KOL', '2021-09-30 17:00:00', 484, 20300, 1318, '2024-12-06 16:09:45', '2024-12-06 16:09:45'),
('@ras19972985', 'Syed Rashid Hussain', 'User', '2024-09-30 17:00:00', 119, 27, 74, '2024-12-07 10:01:03', '2024-12-07 10:01:03'),
('@rayaweb3', 'Raya', 'KOL', '2014-05-31 17:00:00', 127, 2268, 44400, '2024-12-07 10:04:49', '2024-12-07 17:26:33'),
('@rayburn_tr378', 'Travis Rayburn', 'User', '2024-06-30 17:00:00', 102, 31, 71, '2024-12-06 15:43:05', '2024-12-06 15:43:05'),
('@RaydiumProtocol', 'Raydium', 'KOL', '2021-01-31 17:00:00', 461, 355200, 1267, '2024-12-06 16:44:47', '2024-12-06 16:44:47'),
('@realallybraun', 'Stock Mom', 'KOL', '2020-12-31 17:00:00', 1258, 6934, 9939, '2024-12-06 16:19:56', '2024-12-06 16:19:56'),
('@RealCFT', 'CFT', 'User', '2022-02-28 17:00:00', 125, 41, 189, '2024-12-07 15:16:38', '2024-12-07 15:32:22'),
('@RealCryptoBeard', 'CryptoBeard', 'KOL', '2012-03-31 17:00:00', 3992, 3349, 8327, '2024-12-07 11:26:39', '2024-12-07 11:26:39'),
('@RealFlokiInu', 'FLOKI', 'KOL', '2021-05-31 17:00:00', 72, 668600, 10600, '2024-12-06 15:38:53', '2024-12-06 15:38:53'),
('@Realguybon', 'LYFEOFBON', 'User', '2022-12-31 17:00:00', 16, 3, 11, '2024-12-07 16:55:37', '2024-12-07 16:55:37'),
('@RealJasonCTO', 'WebbWiz_SAT', 'KOL', '2020-11-30 17:00:00', 2032, 2728, 16900, '2024-12-07 15:55:53', '2024-12-07 16:02:31'),
('@realXRPwhale', 'XRP whale', 'KOL', '2015-02-28 17:00:00', 11, 193900, 7434, '2024-12-06 15:54:36', '2024-12-06 15:54:36'),
('@Rebecca24225833', 'Rebecca Ekata Udoh', 'User', '2020-09-30 17:00:00', 3, 22, 173, '2024-12-06 16:58:00', '2024-12-06 16:58:00'),
('@ReelOn_Chain', 'Reel Blockchain', 'User', '2020-11-30 17:00:00', 1727, 357, 607, '2024-12-06 16:28:45', '2024-12-06 16:28:45'),
('@ReeseSnyder6', 'Reese arlin ', 'KOL', '2021-01-31 17:00:00', 434, 8880, 8508, '2024-12-07 15:55:43', '2024-12-07 15:55:43'),
('@RekCuy', 'Rzynn', 'User', '2024-05-31 17:00:00', 1098, 384, 7518, '2024-12-07 16:04:33', '2024-12-07 16:04:33'),
('@RekoKudos', 'RekoKudos.eth', 'KOL', '2015-05-31 17:00:00', 1605, 630, 2050, '2024-12-06 15:44:56', '2024-12-06 15:44:56'),
('@rektcapital', 'Rekt Capital', 'KOL', '2017-09-30 17:00:00', 168, 519800, 42600, '2024-12-07 17:00:00', '2024-12-07 17:00:00'),
('@rektech', 'REKTECH', 'KOL', '2024-08-31 17:00:00', 2, 3298, 44, '2024-12-06 16:45:39', '2024-12-06 16:45:39'),
('@Remecze', 'Remo', 'User', '2021-12-31 17:00:00', 79, 33, 693, '2024-12-07 17:36:05', '2024-12-07 17:36:05'),
('@Renato171819', 'Renato', 'User', '2011-12-31 17:00:00', 84, 0, 82, '2024-12-07 07:58:01', '2024-12-07 07:58:01'),
('@Render2XX', 'Infinitely Void', 'KOL', '2024-03-31 17:00:00', 4220, 588, 24200, '2024-12-06 16:43:15', '2024-12-06 16:43:15'),
('@RenecBlockchain', 'RENEC Blockchain', 'KOL', '2022-09-30 17:00:00', 54, 123800, 1268, '2024-12-07 07:37:13', '2024-12-07 10:37:38'),
('@reptilianjazzr', 'andrei botohores', 'User', '2022-11-30 17:00:00', 35, 6, 6, '2024-12-07 16:47:19', '2024-12-07 16:47:19'),
('@RiaanStap18', 'Riaan Stapelberg', 'User', '2022-03-31 17:00:00', 79, 30, 57, '2024-12-07 17:35:17', '2024-12-07 17:35:17'),
('@richard81851983', 'richard', 'User', '2012-04-30 17:00:00', 19, 4, 555, '2024-12-07 15:50:36', '2024-12-07 15:50:36'),
('@RichardQuyet', 'RichardNguyen', 'User', '2021-10-31 17:00:00', 56, 39, 228, '2024-12-07 16:46:35', '2024-12-07 16:46:35'),
('@RizXRP', 'RIZ.. ', 'User', '2013-05-31 17:00:00', 5324, 31200, 30700, '2024-12-06 15:54:15', '2024-12-06 15:54:15'),
('@rmendesvertelo', 'renato12', 'User', '2015-11-30 17:00:00', 2005, 318, 33300, '2024-12-07 16:47:31', '2024-12-07 16:47:31'),
('@roanvanw', 'J', 'User', '2013-10-31 17:00:00', 4, 1, 127, '2024-12-07 07:40:51', '2024-12-07 07:40:51'),
('@rodarmor', 'Casey', 'KOL', '2007-04-30 17:00:00', 331, 131800, 10600, '2024-12-06 16:09:47', '2024-12-06 16:09:47'),
('@RodSlik', 'SlikR', 'User', '2020-03-31 17:00:00', 3379, 3297, 22500, '2024-12-06 16:27:03', '2024-12-06 16:27:03'),
('@rogerkver', 'Roger Ver', 'KOL', '2010-07-31 17:00:00', 1133, 746600, 4071, '2024-12-06 15:40:59', '2024-12-06 16:59:55'),
('@rokeyroywell', 'Rani Raju', 'User', '2024-06-30 17:00:00', 1915, 20, 3513, '2024-12-07 11:16:53', '2024-12-07 15:51:10'),
('@Ronald_vanLoon', 'Ronald van Loon @awscloud #AWSreInvent', 'KOL', '2012-03-31 17:00:00', 167900, 331000, 161000, '2024-12-06 16:30:16', '2024-12-06 16:30:16'),
('@RosaVidall_Vazq', 'Rosa Vidal Vazquez', 'User', '2014-12-31 17:00:00', 1, 0, 1, '2024-12-07 16:34:29', '2024-12-07 16:34:29'),
('@RoseMary394155', 'Rose Mary', 'User', '2024-05-31 17:00:00', 0, 3, 472, '2024-12-07 11:16:31', '2024-12-07 15:50:47'),
('@rossirafael', 'Rafa Rossi', 'User', '2009-05-31 17:00:00', 1221, 1184, 2282, '2024-12-07 17:08:41', '2024-12-07 17:08:41'),
('@Rotcod', 'Bas ', 'User', '2008-05-31 17:00:00', 51, 8, 470, '2024-12-07 16:28:15', '2024-12-07 16:28:15'),
('@rubycleaners', 'Ruby Cleaners', 'User', '2011-02-28 17:00:00', 18, 21, 375, '2024-12-07 07:57:10', '2024-12-07 07:57:10'),
('@RunesMarketCap', 'RunesMarketCap', 'User', '2023-08-31 17:00:00', 0, 7594, 100, '2024-12-06 16:09:32', '2024-12-06 16:09:32'),
('@rweddiss', 'Ollive.', 'KOL', '2015-06-30 17:00:00', 735, 564, 5561, '2024-12-07 15:56:52', '2024-12-07 16:04:45'),
('@RyanXuan3', 'Ryan', 'User', '2019-06-30 17:00:00', 156, 29, 513, '2024-12-07 16:37:06', '2024-12-07 16:37:06'),
('@ryan_timph89902', 'FADE504', 'User', '2023-06-30 17:00:00', 80, 27, 1324, '2024-12-07 11:04:54', '2024-12-07 11:04:54'),
('@Saad4h', 'م. سعد الراشد ', 'User', '2018-09-30 17:00:00', 417, 31400, 2517, '2024-12-06 16:02:47', '2024-12-06 16:02:47'),
('@Sabahat1260713', 'crypto47', 'User', '2023-10-31 17:00:00', 377, 659, 3620, '2024-12-07 16:43:39', '2024-12-07 16:43:39'),
('@SadeeShuayb', 'Sadee Shuayb ', 'User', '2024-10-31 17:00:00', 140, 5, 21, '2024-12-06 16:57:16', '2024-12-06 16:57:16'),
('@SadeqSharem', 'Sadeq Sharem (Pi) π', 'User', '2018-08-31 17:00:00', 1666, 1213, 1924, '2024-12-07 07:42:42', '2024-12-07 07:42:42'),
('@saeedreza1350', 'saeedreza davoodi', 'User', '2024-10-31 17:00:00', 18, 1, 25, '2024-12-07 15:25:58', '2024-12-07 15:25:58'),
('@Safety', 'Safety', 'KOL', '2009-11-30 17:00:00', 134, 3600000, 1602, '2024-12-06 16:23:54', '2024-12-06 16:23:54'),
('@sajjadmarhaba', 'Sajjad ', 'KOL', '2021-01-31 17:00:00', 476, 246, 2134, '2024-12-07 16:16:17', '2024-12-07 16:16:17'),
('@sammiewayne', 'Sam', 'User', '2010-01-31 17:00:00', 1914, 2285, 12900, '2024-12-07 17:09:39', '2024-12-07 17:09:39'),
('@samocxt', '♡b', 'User', '2012-09-30 17:00:00', 353, 5444, 21500, '2024-12-07 11:24:29', '2024-12-07 11:24:29'),
('@SantorioBa8843', 'Barbara Santorio', 'User', '2023-02-28 17:00:00', 33, 2, 10, '2024-12-06 17:15:38', '2024-12-06 17:15:38'),
('@SaputraSof71982', 'Sofyian Saputra', 'User', '2024-10-31 17:00:00', 33, 0, 29, '2024-12-06 17:18:41', '2024-12-06 17:18:41'),
('@sarahtahir03', 'Sarah Tahir ◇◆◇', 'User', '2015-02-28 17:00:00', 36, 27, 520, '2024-12-07 15:17:34', '2024-12-07 15:17:34'),
('@Sarah_00751', 'Sarah', 'User', '2022-03-31 17:00:00', 431, 582, 442, '2024-12-07 17:18:31', '2024-12-07 17:18:31'),
('@sarminatatana3', 'Татьяна Сармина', 'User', '2024-05-31 17:00:00', 35, 0, 22, '2024-12-07 07:51:18', '2024-12-07 07:51:18'),
('@Satoshi0xBit', '', 'User', '2024-05-31 17:00:00', 252, 215, 1610, '2024-12-07 17:02:28', '2024-12-07 17:02:28'),
('@SatoshiInuRunes', 'SATOSHI•NAKAMOTO•INU', 'User', '2024-03-31 17:00:00', 20, 1107, 151, '2024-12-06 16:09:08', '2024-12-06 16:09:08'),
('@SatoshiPlus_', 'Consensusism - Satoshi Spirit ', 'User', '2021-12-31 17:00:00', 681, 89800, 4286, '2024-12-06 15:40:56', '2024-12-06 17:00:08'),
('@SausoysG31', 'Sausoys', 'User', '2024-07-31 17:00:00', 3082, 12, 0, '2024-12-06 16:29:40', '2024-12-06 16:29:40'),
('@SboomFi', 'Sboom on Sonic', 'KOL', '2022-02-28 17:00:00', 153, 38700, 750, '2024-12-07 10:03:28', '2024-12-07 17:16:44'),
('@Scaramucci', 'Anthony Scaramucci', 'KOL', '2009-02-28 17:00:00', 3355, 1000000, 50600, '2024-12-06 16:23:55', '2024-12-06 16:23:55'),
('@schisom911', 'Chisom Solomon', 'User', '2024-08-31 17:00:00', 9, 0, 11, '2024-12-06 15:58:19', '2024-12-06 15:58:19'),
('@se7en77_DOG', 'se7en', 'User', '2021-08-31 17:00:00', 1390, 2404, 17600, '2024-12-07 16:06:04', '2024-12-07 16:06:04'),
('@SealSendEmail', 'SealSend', 'KOL', '2024-02-29 17:00:00', 1, 352800, 59, '2024-12-06 17:11:22', '2024-12-06 17:11:22'),
('@sefertekin34', 'Sefer Tekin', 'User', '2021-06-30 17:00:00', 122, 35, 111, '2024-12-07 15:53:48', '2024-12-07 16:41:04'),
('@SeleverTGN', 'Selever 井', 'User', '2015-10-31 17:00:00', 768, 555, 366, '2024-12-07 11:15:36', '2024-12-07 11:15:36'),
('@semihergen0906', 'scuba', 'User', '2021-05-31 17:00:00', 778, 239, 8356, '2024-12-07 16:07:11', '2024-12-07 16:07:11'),
('@sendok70', 'sendok sendok', 'User', '2024-11-30 17:00:00', 2, 12, 129, '2024-12-07 16:03:48', '2024-12-07 16:03:48'),
('@sEraser2022', 'Sir-J', 'User', '2022-02-28 17:00:00', 1854, 1498, 7386, '2024-12-06 15:42:42', '2024-12-06 15:42:42'),
('@SFConsulting01', 'Stéphanie Fuchs Consulting', 'KOL', '2024-08-31 17:00:00', 116, 29, 27, '2024-12-06 16:18:42', '2024-12-06 16:18:42'),
('@SGBarbour', 'Steve Barbour', 'KOL', '2014-12-31 17:00:00', 2156, 58800, 36200, '2024-12-06 16:31:02', '2024-12-06 16:31:02'),
('@SGomment', 'Solomon Gomment', 'User', '2021-12-31 17:00:00', 333, 24, 488, '2024-12-07 16:56:03', '2024-12-07 16:56:03'),
('@sgreanboi', '$sgreanboi ツ', 'User', '2019-09-30 17:00:00', 271, 449, 3974, '2024-12-07 07:46:31', '2024-12-07 07:46:31'),
('@ShaafiChal284', 'Chala Shaafi', 'User', '2024-02-29 17:00:00', 363, 4, 55, '2024-12-06 16:56:10', '2024-12-06 16:56:10'),
('@Shabbir90079', 'Shabbir Hossain', 'User', '2021-09-30 17:00:00', 223, 29, 777, '2024-12-07 17:21:48', '2024-12-07 17:21:48'),
('@Shadow_00013', 'TOSIN ', 'KOL', '2024-05-31 17:00:00', 2045, 2080, 5543, '2024-12-06 17:21:34', '2024-12-06 17:21:34'),
('@ShafikKhan56786', 'Shafik Khan', 'User', '2024-04-30 17:00:00', 6, 0, 3, '2024-12-07 15:16:50', '2024-12-07 15:16:50'),
('@shahadat00019', 'Shahadat hossain', 'User', '2024-09-30 17:00:00', 131, 4, 151, '2024-12-06 16:55:48', '2024-12-06 16:55:48'),
('@ShahYvonne42358', 'Yvonne Shah', 'User', '2024-11-30 17:00:00', 13, 0, 4, '2024-12-06 17:21:31', '2024-12-06 17:21:31'),
('@ShaneNe59564115', 'Aussie_Hodler ( can\'t wait for 2024 halving)', 'User', '2017-12-31 17:00:00', 361, 363, 11100, '2024-12-07 07:55:51', '2024-12-07 07:55:51'),
('@shankyboiz', 'Shashank J', 'User', '2023-07-31 17:00:00', 236, 180, 2958, '2024-12-07 17:32:15', '2024-12-07 17:32:15'),
('@Sharp_or_Parish', 'Sharp or Parish - $SHIB 0.07 ', 'KOL', '2012-10-31 17:00:00', 4879, 3644, 22400, '2024-12-06 16:01:42', '2024-12-06 16:01:42'),
('@shashi_prasad05', 'SHASHI BHUSHAN PD.', 'User', '2011-07-31 17:00:00', 922, 221, 13800, '2024-12-07 09:59:56', '2024-12-07 09:59:56'),
('@Shazadapadar420', 'خدابخش احمدی', 'User', '2024-04-30 17:00:00', 31, 0, 1, '2024-12-06 16:16:09', '2024-12-06 16:16:09'),
('@sheila_warren', 'Sheila Warren', 'KOL', '2007-10-31 17:00:00', 2174, 12100, 6319, '2024-12-06 16:23:58', '2024-12-06 16:23:58'),
('@ShelbyyDrive', 'ShelbyyDrive', 'User', '2020-12-31 17:00:00', 281, 86, 866, '2024-12-07 16:26:23', '2024-12-07 16:26:23'),
('@Shesoaspoughsh', 'Shesoaspoughsh', 'User', '2024-07-31 17:00:00', 3110, 16, 0, '2024-12-06 16:14:42', '2024-12-06 16:14:42'),
('@shibalution', 'Arthur', 'KOL', '2021-08-31 17:00:00', 3502, 3492, 4265, '2024-12-06 15:46:19', '2024-12-06 15:46:19'),
('@shibasonthemoon', 'ShibasOnTheMoon the Game', 'KOL', '2023-09-30 17:00:00', 2883, 461, 453, '2024-12-06 16:19:12', '2024-12-06 16:19:12'),
('@shibaverse_io', 'Shibaverse Metaverse ETH', 'User', '2021-07-31 17:00:00', 20, 8250, 840, '2024-12-06 15:46:05', '2024-12-06 15:46:05'),
('@Shibtoken', 'Shib | TreatYourself Season', 'KOL', '2021-01-31 17:00:00', 32, 3800000, 1965, '2024-12-06 15:38:52', '2024-12-06 15:38:52'),
('@shineyd1111', 'Shiney D', 'KOL', '2021-06-30 17:00:00', 3126, 18800, 22500, '2024-12-07 11:02:48', '2024-12-07 11:02:48'),
('@ShirsmitUll9', 'Shirsmit', 'User', '2024-05-31 17:00:00', 4278, 15, 0, '2024-12-06 16:29:07', '2024-12-06 16:29:07'),
('@ShivaniYad8614', 'Shivani Yadav', 'KOL', '2024-06-30 17:00:00', 2036, 1424, 5246, '2024-12-06 16:30:33', '2024-12-06 16:30:33'),
('@shopmarkey', 'Markeyz ', 'KOL', '2015-06-30 17:00:00', 2068, 2308, 2301, '2024-12-06 16:25:07', '2024-12-06 16:25:07'),
('@ShoreseighDk4V', 'Shoreseigh', 'User', '2024-07-31 17:00:00', 2493, 19, 0, '2024-12-06 16:30:04', '2024-12-06 16:30:04'),
('@ShoughezWoho', 'Shoughez', 'User', '2024-07-31 17:00:00', 2016, 12, 0, '2024-12-06 16:28:56', '2024-12-06 16:28:56'),
('@ShrungaaraKavya', 'ಕನ್ನಡ ಶೃಂಗಾರ ಕಾವ್ಯ', 'User', '2022-03-31 17:00:00', 58, 3417, 110, '2024-12-07 11:12:04', '2024-12-07 11:12:04'),
('@shuggy0shi', '𝕊𝕙𝕦𝕘𝕘𝕪𝟘𝕤𝕙𝕚', 'User', '2022-03-31 17:00:00', 971, 2024, 14100, '2024-12-06 15:56:04', '2024-12-06 15:56:04'),
('@ShytoshiKusama', 'Shytoshi Kusama™', 'User', '2020-12-31 17:00:00', 2591, 1000000, 7807, '2024-12-06 15:46:16', '2024-12-06 15:46:16'),
('@simplykashif', 'Kashif Raza', 'KOL', '2015-01-31 17:00:00', 1715, 150000, 24900, '2024-12-06 15:40:45', '2024-12-06 17:00:09'),
('@sinthiya5290', 'Sinthiya Akther', 'User', '2024-03-31 17:00:00', 1195, 59, 2188, '2024-12-07 17:29:17', '2024-12-07 17:29:17'),
('@Sio347', 'Sio34', 'KOL', '2016-04-30 17:00:00', 295, 82, 133, '2024-12-06 15:41:25', '2024-12-06 15:41:25'),
('@sisyice_creamy', 'Nessa Anietie', 'KOL', '2011-11-30 17:00:00', 235, 14700, 14400, '2024-12-07 15:15:09', '2024-12-07 15:15:09'),
('@skepticalcrypto', 'BTChalfwit', 'KOL', '2023-10-31 17:00:00', 732, 423, 12800, '2024-12-06 16:44:25', '2024-12-06 16:44:25'),
('@SKoropon39604', 'Smat Koropon', 'User', '2024-11-30 17:00:00', 133, 5, 0, '2024-12-06 16:00:53', '2024-12-06 16:00:53'),
('@SmairnoughiDp4', 'Smairnough', 'User', '2024-07-31 17:00:00', 2841, 14, 0, '2024-12-06 16:29:51', '2024-12-06 16:29:51'),
('@SMALL_WIN_2025', 'Sure Milk', 'User', '2024-08-31 17:00:00', 375, 12, 1133, '2024-12-07 11:17:04', '2024-12-07 11:17:04'),
('@SmasiroughmIF', 'Smasirough', 'User', '2024-07-31 17:00:00', 2466, 88, 0, '2024-12-06 16:27:59', '2024-12-06 16:27:59'),
('@smtgpt', 'Sumit Gupta (CoinDCX)', 'KOL', '2010-04-30 17:00:00', 866, 138900, 9178, '2024-12-06 15:41:24', '2024-12-06 15:41:24'),
('@snekcoinprice', 'The Snekverse ', 'KOL', '2023-05-31 17:00:00', 1290, 1266, 15500, '2024-12-07 17:22:34', '2024-12-07 17:22:34'),
('@SnodeyshaKwNj', 'Snodeysh', 'User', '2024-07-31 17:00:00', 2605, 22, 0, '2024-12-06 16:29:18', '2024-12-06 16:29:18'),
('@Snowboy_Of_ION', 'Munoz ION', 'User', '2023-12-31 17:00:00', 255, 3182, 13600, '2024-12-06 17:11:33', '2024-12-06 17:11:33'),
('@sns', 'sns.sol', 'KOL', '2020-06-30 17:00:00', 1432, 117400, 11300, '2024-12-06 16:44:51', '2024-12-06 16:44:51'),
('@sojLhester', 'Lester ', 'User', '2013-03-31 17:00:00', 42, 3, 58, '2024-12-07 07:53:16', '2024-12-07 07:53:16'),
('@solana', 'Solana', 'KOL', '2017-12-31 17:00:00', 2041, 2900000, 12100, '2024-12-06 16:44:28', '2024-12-06 16:44:28'),
('@SolanaFndn', 'Solana Foundation', 'KOL', '2021-05-31 17:00:00', 60, 120000, 1372, '2024-12-06 16:44:53', '2024-12-06 16:44:53'),
('@solanamobile', 'Seeker | Solana Mobile', 'KOL', '2022-05-31 17:00:00', 92, 260500, 4976, '2024-12-06 16:44:40', '2024-12-06 16:44:40'),
('@solana_daily', 'Solana Daily', 'KOL', '2021-03-31 17:00:00', 161, 105100, 8404, '2024-12-06 16:55:22', '2024-12-06 16:55:22'),
('@solana_devs', 'Solana Developers', 'KOL', '2022-02-28 17:00:00', 90, 39800, 2962, '2024-12-06 16:44:46', '2024-12-06 16:44:46'),
('@solanozz2', 'airdrop', 'User', '2020-08-31 17:00:00', 1184, 205, 5565, '2024-12-07 07:40:40', '2024-12-07 07:40:40'),
('@solid_launch', 'SOLID LAUNCH', 'User', '2021-11-30 17:00:00', 78, 250, 817, '2024-12-06 17:00:58', '2024-12-06 17:00:58'),
('@SolProfessor565', 'Jack.poor ', 'KOL', '2021-03-31 17:00:00', 10700, 53100, 62200, '2024-12-06 16:16:21', '2024-12-06 16:16:21'),
('@solXInvests', 'Jackiechan', 'User', '2008-10-31 17:00:00', 314, 1420, 1597, '2024-12-07 17:21:02', '2024-12-07 17:21:02'),
('@solx_ar', 'SOLx AR', 'KOL', '2024-09-30 17:00:00', 139, 743, 205, '2024-12-06 16:45:43', '2024-12-06 16:45:43'),
('@sonnyjosh_', 'Sonnyjosh', 'KOL', '2020-05-31 17:00:00', 431, 539, 7189, '2024-12-06 17:04:08', '2024-12-06 17:04:08'),
('@sorbelli_wayne', 'Wayne Sorbelli', 'KOL', '2021-10-31 17:00:00', 464, 97, 548, '2024-12-06 16:01:09', '2024-12-06 16:01:09'),
('@spaceman6456', 'space-$$', 'User', '2024-07-31 17:00:00', 13, 6, 32, '2024-12-07 16:22:15', '2024-12-07 16:22:15'),
('@SPadilla73879', 'Sophie Padilla', 'User', '2024-11-30 17:00:00', 13, 0, 5, '2024-12-06 17:17:44', '2024-12-06 17:17:44'),
('@SpamAcc1486791', 'Aki', 'User', '2024-06-30 17:00:00', 3, 1, 12, '2024-12-07 15:56:37', '2024-12-07 15:56:37'),
('@spiritofdetcoin', 'Spirit Of Detroit', 'User', '2024-11-30 17:00:00', 26, 2, 17, '2024-12-07 16:21:08', '2024-12-07 16:21:08'),
('@Spirit_Spark_', '$pirit $park ', 'KOL', '2023-10-31 17:00:00', 864, 1936, 10200, '2024-12-07 15:57:16', '2024-12-07 15:57:16'),
('@SQaDDDD', 'Sanaa V', 'User', '2022-01-31 17:00:00', 140, 88, 3974, '2024-12-07 10:07:06', '2024-12-07 10:07:06'),
('@SSarlotka', 'Alois Kroščen', 'User', '2022-01-31 17:00:00', 2663, 199, 189, '2024-12-06 17:22:43', '2024-12-06 17:22:43'),
('@ssthormess', 'Sim0n', 'KOL', '2009-01-31 17:00:00', 14100, 47100, 33200, '2024-12-06 16:01:44', '2024-12-06 16:01:44'),
('@StafordEden', 'Eden Staford', 'User', '2022-10-31 17:00:00', 5097, 8648, 4632, '2024-12-07 17:29:53', '2024-12-07 17:29:53'),
('@staratlas', 'Star Atlas', 'KOL', '2020-09-30 17:00:00', 349, 355600, 8171, '2024-12-06 16:44:42', '2024-12-06 16:44:42'),
('@Stelow_1', 'Steve_Low', 'KOL', '2022-01-31 17:00:00', 2234, 6763, 50900, '2024-12-07 11:26:38', '2024-12-07 11:26:38'),
('@StepFinance_', 'Step Finance | Solana\'s Portfolio Dashboard', 'KOL', '2021-02-28 17:00:00', 596, 74600, 17500, '2024-12-06 16:44:48', '2024-12-06 16:44:48'),
('@StephKnigh8417', 'StephKnight', 'User', '2024-09-30 17:00:00', 239, 1, 0, '2024-12-06 15:58:30', '2024-12-06 15:58:30'),
('@stevenjho_', 'STEVEN JHO', 'KOL', '2021-09-30 17:00:00', 2975, 965, 24000, '2024-12-07 15:56:51', '2024-12-07 15:56:51'),
('@stream_nation_', '0://stream-nation', 'KOL', '2023-12-31 17:00:00', 1041, 131, 367, '2024-12-07 17:33:52', '2024-12-07 17:33:52'),
('@Sugiant2809', 'Sugianto padawa5', 'User', '2023-10-31 17:00:00', 5004, 135, 53500, '2024-12-07 11:23:56', '2024-12-07 11:23:56'),
('@Sulaiman0706643', 'sulaimuri SMS', 'KOL', '2022-03-31 17:00:00', NULL, NULL, 2840, '2024-12-06 16:17:28', '2024-12-06 16:17:28'),
('@suleimansairf', '$PAWS COMMUNITY ', 'KOL', '2024-06-30 17:00:00', 347, 59, 782, '2024-12-06 17:22:19', '2024-12-06 17:22:19'),
('@SummerJune618', 'Stephanie Martin', 'User', '2024-10-31 17:00:00', 765, 717, 4, '2024-12-06 16:29:29', '2024-12-06 16:29:29'),
('@SunusiSunusiSu4', 'Sunusi Sufyan Sunusi', 'User', '2017-06-30 17:00:00', 6, 404, 1948, '2024-12-07 15:24:26', '2024-12-07 15:24:26'),
('@sunwaves_token', 'SUNWAVES Token', 'KOL', '2024-05-31 17:00:00', 5, 1200000, 208, '2024-12-06 17:11:40', '2024-12-06 17:11:40'),
('@supercool2727', 'Super Cool (', 'User', '2022-02-28 17:00:00', 66, 83, 766, '2024-12-07 16:20:57', '2024-12-07 16:20:57'),
('@SuperDanyoMan42', 'Dan', 'User', '2017-03-31 17:00:00', 1578, 1011, 30400, '2024-12-07 17:31:19', '2024-12-07 17:31:19'),
('@SurenderMarkap1', 'Surender Markapudi', 'User', '2017-09-30 17:00:00', 16, 3, 359, '2024-12-07 17:21:59', '2024-12-07 17:21:59'),
('@svrmadhu85', 'madhusudhanan ', 'User', '2014-05-31 17:00:00', 17, 2, 336, '2024-12-07 15:17:23', '2024-12-07 15:17:23'),
('@Sweetcandy_1004', 'Sweet Candy', 'User', '2023-01-31 17:00:00', 36, 463, 14300, '2024-12-07 17:12:43', '2024-12-07 17:12:43'),
('@swipeverse', 's', 'KOL', '2024-08-31 17:00:00', 5152, 717, 18, '2024-12-06 16:19:11', '2024-12-06 16:19:11'),
('@SynFuturesDefi', 'SynFutures', 'KOL', '2020-12-31 17:00:00', 295, 391600, 5084, '2024-12-07 16:05:17', '2024-12-07 16:05:17'),
('@s_iffi86', 'iffi shah', 'User', '2011-05-31 17:00:00', 233, 26, 632, '2024-12-06 16:58:22', '2024-12-06 16:58:22'),
('@t0kenrace', 'Chain Racer', 'User', '2023-07-31 17:00:00', 337, 24, 1092, '2024-12-06 15:59:14', '2024-12-06 15:59:14'),
('@T3d4D13NsNDJML', 'PaulaJasper', 'User', '2024-02-29 17:00:00', 7071, 41, 0, '2024-12-06 16:28:10', '2024-12-06 16:28:10'),
('@tabconf', 'TABConf - tickets on sale Oct 13-16, 2025, Atlanta', 'User', '2018-07-31 17:00:00', 611, 3251, 1407, '2024-12-06 15:44:45', '2024-12-06 15:44:45'),
('@Tahir550979', 'Tahir', 'User', '2023-12-31 17:00:00', 107, 0, 33, '2024-12-07 07:49:48', '2024-12-07 07:49:48'),
('@TahuCeban', 'Misla Muria', 'User', '2024-06-30 17:00:00', 1540, 29, 4866, '2024-12-07 11:25:03', '2024-12-07 11:25:03'),
('@TalalA76224989', 'Talal A ', 'KOL', '2019-01-31 17:00:00', 330, 678, 18700, '2024-12-07 17:00:09', '2024-12-07 17:00:09'),
('@talent_hype', 'Hype Talent', 'KOL', '2022-01-31 17:00:00', 1227, 1027, 973, '2024-12-06 16:01:34', '2024-12-06 16:01:34'),
('@TammyCarri38741', 'Tammy Carrillo', 'User', '2024-11-30 17:00:00', 13, 0, 2, '2024-12-06 17:18:07', '2024-12-06 17:18:07'),
('@Taofeeqoh__', 'Morenikeji', 'KOL', '2019-08-31 17:00:00', 2639, 43400, 125800, '2024-12-07 16:29:22', '2024-12-07 16:29:22'),
('@tartoooor', 'fofo', 'User', '2024-05-31 17:00:00', 2634, 49, 5778, '2024-12-07 11:25:36', '2024-12-07 11:25:36'),
('@tatertot70x', 'ScreamingToad', 'KOL', '2024-03-31 17:00:00', 397, 580, 5969, '2024-12-06 17:03:40', '2024-12-06 17:03:40'),
('@tdecker603', 'Tom Decker', 'User', '2014-10-31 17:00:00', 389, 1163, 17500, '2024-12-06 15:45:07', '2024-12-06 15:45:07'),
('@TeamKhabib', 'khabib nurmagomedov', 'KOL', '2011-12-31 17:00:00', 190, 2300000, 6484, '2024-12-06 17:11:20', '2024-12-06 17:11:20'),
('@tecailaa', 'cocaine', 'User', '2017-05-31 17:00:00', 1527, 32, 8882, '2024-12-07 15:53:37', '2024-12-07 15:53:37'),
('@terciumbigwinih', 'yuk bisa yuk ', 'User', '2023-04-30 17:00:00', 1779, 1200, 4653, '2024-12-07 11:24:18', '2024-12-07 11:24:18'),
('@Tether_to', 'Tether', 'KOL', '2014-10-31 17:00:00', 246, 503600, 1571, '2024-12-06 15:40:58', '2024-12-06 16:59:56'),
('@Thallia_poontes', 'JAZZLYN', 'User', '2011-03-31 17:00:00', 10, 5, 170, '2024-12-07 15:49:42', '2024-12-07 15:49:42'),
('@ThatLawyerGuy31', 'RAD', 'User', '2009-03-31 17:00:00', 1375, 843, 3632, '2024-12-06 16:26:50', '2024-12-06 16:26:50'),
('@TheAnonSC', 'SC ', 'KOL', '2011-10-31 17:00:00', 7495, 2645, 18200, '2024-12-06 16:01:41', '2024-12-06 16:01:41'),
('@theblackkalonk', 'Aisya masayu ', 'User', '2018-05-31 17:00:00', 4282, 13600, 18000, '2024-12-06 17:01:32', '2024-12-06 17:01:32'),
('@TheBushCenter', 'George W. Bush Presidential Center', 'KOL', '2010-04-30 17:00:00', 455, 202000, 22000, '2024-12-06 16:31:56', '2024-12-06 16:31:56'),
('@thedankoe', 'DAN KOE', 'KOL', '2011-01-31 17:00:00', 895, 487000, 29200, '2024-12-06 16:24:02', '2024-12-06 16:24:02'),
('@TheDeanTorres', 'Dean', 'KOL', '2009-07-31 17:00:00', 262, 1386, 120, '2024-12-06 16:28:23', '2024-12-06 16:28:23'),
('@theerealTdiddy', 'BuLL ', 'KOL', '2009-04-30 17:00:00', 1283, 2509, 6172, '2024-12-07 17:10:02', '2024-12-07 17:10:02'),
('@TheExpedionist', 'Justin_the_wild', 'KOL', '2024-07-31 17:00:00', 1900, 1475, 7268, '2024-12-07 17:32:38', '2024-12-07 17:32:38'),
('@TheGivingBlock', 'The Giving Block', 'KOL', '2018-04-30 17:00:00', 2809, 23900, 12200, '2024-12-06 15:38:54', '2024-12-06 15:38:54'),
('@thekinksync', 'KinkSync', 'User', '2021-07-31 17:00:00', 308, 47, 212, '2024-12-07 16:56:48', '2024-12-07 16:56:48'),
('@ThelmaM76690', 'ThelmaMccormick', 'User', '2024-09-30 17:00:00', 0, 4, 489, '2024-12-07 16:26:10', '2024-12-07 16:26:10'),
('@thenothinkers', 'Thenothinkers', 'KOL', '2024-05-31 17:00:00', 18, 5263, 1735, '2024-12-07 15:15:07', '2024-12-07 15:15:07'),
('@ThePepeKong', '🅴', 'User', '2020-09-30 17:00:00', 558, 799, 27300, '2024-12-07 17:13:24', '2024-12-07 17:13:24'),
('@Therapydogcoin', 'TherapyDog', 'KOL', '2024-02-29 17:00:00', 178, 4870, 1392, '2024-12-07 17:00:20', '2024-12-07 17:00:20'),
('@TheRareClare', 'Clarence Vogt', 'KOL', '2023-06-30 17:00:00', 8, 0, 0, '2024-12-06 17:21:32', '2024-12-06 17:21:32'),
('@therealchaseeb', 'based charker', 'KOL', '2016-01-31 17:00:00', 3949, 69300, 62000, '2024-12-06 16:44:44', '2024-12-06 16:44:44'),
('@theshibdream', 'Shib Dream * Shib Army News * DREAM Media ', 'KOL', '2021-09-30 17:00:00', 3873, 61300, 23000, '2024-12-06 15:55:41', '2024-12-06 15:55:41'),
('@thetrocro', 'Troy Cross', 'KOL', '2015-01-31 17:00:00', 3929, 52200, 37100, '2024-12-06 16:31:15', '2024-12-06 16:31:15'),
('@theUWBO', 'United World Blockchain Organization', 'KOL', '2024-03-31 17:00:00', 938, 7154, 15, '2024-12-06 16:59:17', '2024-12-06 16:59:17'),
('@theweb3station', 'web3station', 'User', '2023-05-31 17:00:00', 1639, 740, 2795, '2024-12-06 17:21:56', '2024-12-06 17:21:56'),
('@The_Art_The_NFT', 'A r t n e', 'User', '2021-11-30 17:00:00', 214, 409, 728, '2024-12-07 17:32:04', '2024-12-07 17:32:04'),
('@ThinkAppraiser', 'think like a real estate appraiser', 'KOL', '2019-10-31 17:00:00', 2402, 17300, 59900, '2024-12-07 16:16:16', '2024-12-07 16:16:16'),
('@thugman_life', 'Ohermjae', 'User', '2023-09-30 17:00:00', 440, 56, 839, '2024-12-07 15:23:41', '2024-12-07 15:23:41'),
('@ThuNguy76024735', 'Thu Nguyen', 'KOL', '2021-11-30 17:00:00', 1102, 953, 3484, '2024-12-06 17:22:48', '2024-12-06 17:22:48'),
('@TickerStocker', 'Nathaniel ', 'User', '2020-11-30 17:00:00', 581, 1411, 4023, '2024-12-06 16:21:05', '2024-12-06 16:21:05'),
('@TienCypress', 'Founder of CypressCapital on Blockchains', 'KOL', '2020-08-31 17:00:00', 141, 67700, 4265, '2024-12-06 17:22:50', '2024-12-06 17:22:50'),
('@TimothyCoo35210', 'Timothy Cooper', 'User', '2024-10-31 17:00:00', 2, 0, 0, '2024-12-06 16:41:09', '2024-12-06 16:41:09'),
('@Tim_4444', 'Tim', 'User', '2020-11-30 17:00:00', 66, 24100, 4418, '2024-12-06 16:09:20', '2024-12-06 16:09:20'),
('@tlb0817', 'Tmoney', 'User', '2018-01-31 17:00:00', 770, 134, 1875, '2024-12-07 17:11:10', '2024-12-07 17:11:10'),
('@ToddKellgren', 'LambOfTodd', 'KOL', '2008-11-30 17:00:00', 2264, 1058, 18100, '2024-12-07 16:05:13', '2024-12-07 16:05:13'),
('@tomo_social', 'Tomo Inc.', 'KOL', '2023-09-30 17:00:00', 37, 46200, 1148, '2024-12-06 16:08:55', '2024-12-06 16:08:55'),
('@tomycryptoo_', 'Tomy Crypto ', 'KOL', '2009-10-31 17:00:00', 867, 661800, 2894, '2024-12-06 16:59:27', '2024-12-06 16:59:27'),
('@Tr0mNFT', 'Tr0m ', 'User', '2021-12-31 17:00:00', 5701, 1469, 4209, '2024-12-07 16:44:26', '2024-12-07 16:44:26'),
('@trading179', 'Trading179', 'KOL', '2021-07-31 17:00:00', 348, 880, 1857, '2024-12-07 17:02:17', '2024-12-07 17:02:17'),
('@Tradingheavy', 'Nuke Rockwell', 'KOL', '2020-06-30 17:00:00', 2908, 1501, 9981, '2024-12-06 16:44:21', '2024-12-06 16:44:21'),
('@TranTuanem39760', 'Tuanem Tran', 'User', '2024-04-30 17:00:00', 48, 2, 21, '2024-12-07 15:42:43', '2024-12-07 15:42:43'),
('@Trapstar999', 'Benji', 'User', '2021-08-31 17:00:00', 92, 46, 653, '2024-12-07 10:03:51', '2024-12-07 10:03:51'),
('@Travis_head6', 'Travis Head', 'User', '2022-10-31 17:00:00', 1268, 353, 3326, '2024-12-07 17:28:10', '2024-12-07 17:28:10'),
('@Trezor', 'Trezor', 'KOL', '2013-04-30 17:00:00', 726, 213400, 31200, '2024-12-06 16:29:53', '2024-12-06 16:29:53');
INSERT INTO `users` (`user_id`, `username`, `role`, `joined_at`, `following`, `follower`, `posts_cnt`, `saved_at`, `updated_at`) VALUES
('@Trismeg81', 'Taylor Damien', 'User', '2011-04-30 17:00:00', 921, 207, 343, '2024-12-06 16:42:27', '2024-12-06 16:42:27'),
('@trondao', 'TRON DAO', 'KOL', '2017-07-31 17:00:00', 577, 1600000, 17100, '2024-12-06 15:40:57', '2024-12-06 15:40:57'),
('@TrumpjrJohn', 'John Trump Jr.', 'KOL', '2024-01-31 17:00:00', 523, 78100, 271, '2024-12-07 16:43:54', '2024-12-07 16:43:54'),
('@tscholar3', '$tscholar', 'User', '2023-12-31 17:00:00', 1653, 281, 5775, '2024-12-07 15:44:45', '2024-12-07 15:44:45'),
('@tsncrypto', 'tsn', 'KOL', '2022-07-31 17:00:00', 3771, 38600, 14800, '2024-12-07 07:52:19', '2024-12-07 07:52:19'),
('@TTorun71', 'Tufan Torun', 'User', '2017-03-31 17:00:00', 256, 36, 120, '2024-12-07 11:12:48', '2024-12-07 16:13:36'),
('@TTurkanErtugrul', 'Turkan Ertugrul', 'User', '2014-03-31 17:00:00', 89, 3, 8, '2024-12-07 16:34:40', '2024-12-07 16:34:40'),
('@Tulay_Han58', 'Tulay Han', 'User', '2014-09-30 17:00:00', 29, 2, 3, '2024-12-07 16:33:22', '2024-12-07 16:33:22'),
('@TurboToadToken', 'Turbo ', 'KOL', '2022-09-30 17:00:00', 16, 98700, 12300, '2024-12-06 15:38:51', '2024-12-06 15:38:51'),
('@Turiz24', 'Art ', 'User', '2021-08-31 17:00:00', 507, 912, 25700, '2024-12-07 17:07:43', '2024-12-07 17:07:43'),
('@Turkan_Canli62', 'Turkan Canli', 'User', '2014-07-31 17:00:00', 76, 2, 8, '2024-12-07 16:36:20', '2024-12-07 16:36:20'),
('@TweetingTatum', 'Tatum Peterson', 'User', '2023-07-31 17:00:00', 443, 36, 494, '2024-12-06 16:00:20', '2024-12-06 16:00:20'),
('@two2tango_2', 'Tammy', 'User', '2020-10-31 17:00:00', 678, 1193, 5429, '2024-12-06 16:21:16', '2024-12-06 16:21:16'),
('@TXblockchain_', 'Texas Blockchain Council', 'KOL', '2020-06-30 17:00:00', 691, 8592, 1983, '2024-12-06 16:30:37', '2024-12-06 16:30:37'),
('@TYoder19264', 'Tamika Yoder', 'User', '2024-11-30 17:00:00', 13, 0, 5, '2024-12-06 17:19:38', '2024-12-06 17:19:38'),
('@t_blom', 'Tom Blomfield', 'KOL', '2011-11-30 17:00:00', 859, 55800, 4071, '2024-12-06 17:12:08', '2024-12-06 17:12:08'),
('@ubah_sommycee11', 'ubah Chisom', 'User', '2023-09-30 17:00:00', 45, 5, 2, '2024-12-06 15:59:03', '2024-12-06 15:59:03'),
('@ubiquity11', 'Dmitriy', 'User', '2010-05-31 17:00:00', 1961, 2955, 120700, '2024-12-07 17:31:41', '2024-12-07 17:31:41'),
('@Ukwaja86', 'ukwaja ukwaja', 'User', '2024-08-31 17:00:00', 203, 5, 210, '2024-12-06 16:58:33', '2024-12-06 16:58:33'),
('@ullebusten', 'Mr. Ullebust', 'KOL', '2023-06-30 17:00:00', 2873, 3211, 14600, '2024-12-07 17:00:10', '2024-12-07 17:00:10'),
('@UmalRon', 'RON UMAL¡', 'User', '2022-12-31 17:00:00', 65, 3, 25, '2024-12-07 07:39:22', '2024-12-07 07:39:22'),
('@umarmeo1011', 'Umar Farooq', 'User', '2024-11-30 17:00:00', 188, 7, 30, '2024-12-07 15:44:12', '2024-12-07 15:44:12'),
('@Umit_Dinc51', 'Umit Dinc', 'User', '2014-07-31 17:00:00', 15, 0, 3, '2024-12-07 16:35:02', '2024-12-07 16:35:02'),
('@UniverseTwenty', 'XRP CAPTAIN', 'KOL', '2021-01-31 17:00:00', 152, 87000, 39300, '2024-12-06 15:54:38', '2024-12-06 15:54:38'),
('@unstoppableweb', 'Unstoppable Domains', 'KOL', '2019-02-28 17:00:00', 4113, 318300, 15300, '2024-12-06 15:39:08', '2024-12-06 15:39:08'),
('@UrielVBlackwood', 'Uriel 𝑉̥̊⃝ Blackwood', 'KOL', '2024-07-31 17:00:00', 844, 55, 1193, '2024-12-07 16:25:25', '2024-12-07 16:25:25'),
('@USA777First', ' First', 'User', '2022-07-31 17:00:00', 2198, 1078, 24600, '2024-12-06 15:55:53', '2024-12-06 15:55:53'),
('@USDebtClock_org', 'US Debt Clock .org', 'KOL', '2024-01-31 17:00:00', 17, 68300, 88, '2024-12-06 15:54:19', '2024-12-06 15:54:19'),
('@user2607573', 'yeah', 'User', '2021-11-30 17:00:00', 3, 1, 2, '2024-12-07 16:55:52', '2024-12-07 16:55:52'),
('@userfriendlyto', 'Cryptoboy', 'KOL', '2021-09-30 17:00:00', 1245, 1024, 4873, '2024-12-07 16:44:39', '2024-12-07 16:44:39'),
('@utsav_agarwal', 'Utsav', 'User', '2009-04-30 17:00:00', 1601, 935, 1143, '2024-12-06 16:44:08', '2024-12-06 16:44:08'),
('@utwolperksuvre', '차영옥', 'User', '2013-11-30 17:00:00', 2, 0, 10, '2024-12-06 17:20:34', '2024-12-06 17:20:34'),
('@u_ss', 'Crypto Uss', 'KOL', '2010-10-31 17:00:00', 64, 5446, 18200, '2024-12-07 17:19:33', '2024-12-07 17:19:33'),
('@ValarieS70747', 'Valarie Simon', 'User', '2024-11-30 17:00:00', 13, 0, 6, '2024-12-06 17:13:32', '2024-12-06 17:13:32'),
('@ValentinaC43084', 'Valentina Canetta-Piacentini', 'User', '2023-02-28 17:00:00', 34, 2, 9, '2024-12-06 17:14:52', '2024-12-06 17:14:52'),
('@VasoullaO4810', 'Vasoulla Osman', 'User', '2024-07-31 17:00:00', 380, 162, 580, '2024-12-06 16:12:40', '2024-12-06 16:12:40'),
('@Vayu108', 'Lord Vayu {c,τ} ', 'KOL', '2017-10-31 17:00:00', 1741, 567, 11600, '2024-12-06 15:44:48', '2024-12-06 15:44:48'),
('@verified', 'Verified', 'KOL', '2009-07-31 17:00:00', 1, 4100000, 2524, '2024-12-06 15:39:06', '2024-12-06 15:39:06'),
('@verseArchitect', 'Shibaverse Architect', 'User', '2021-09-30 17:00:00', 112, 1223, 697, '2024-12-06 15:55:39', '2024-12-06 15:55:39'),
('@Very_greedyA', 'Alex', 'User', '2022-04-30 17:00:00', 95, 126, 699, '2024-12-07 11:03:58', '2024-12-07 11:03:58'),
('@vessa89', 'Veesa', 'KOL', '2022-08-31 17:00:00', 337, 340, 318, '2024-12-07 11:35:06', '2024-12-07 11:35:06'),
('@VeteranOwned1', 'BlockChain', 'KOL', '2018-02-28 17:00:00', 1989, 888, 30400, '2024-12-06 15:45:46', '2024-12-06 15:45:46'),
('@vici_trades', 'Vici ( τ , ϙ )', 'User', '2022-04-30 17:00:00', 1200, 1681, 6322, '2024-12-06 15:56:39', '2024-12-06 15:56:39'),
('@vinnwinx', 'swint', 'User', '2024-05-31 17:00:00', 3439, 80, 7574, '2024-12-07 17:28:32', '2024-12-07 17:28:32'),
('@vinsta76', 'CARL BETHELL', 'KOL', '2011-05-31 17:00:00', 1497, 885, 1777, '2024-12-06 16:01:40', '2024-12-06 16:01:40'),
('@vintex407', 'vintex', 'User', '2013-03-31 17:00:00', 74, 43, 87, '2024-12-07 09:49:52', '2024-12-07 09:49:52'),
('@VitalikButerin', 'vitalik.eth', 'KOL', '2011-04-30 17:00:00', 433, 5500000, 20200, '2024-12-06 15:46:33', '2024-12-06 15:46:33'),
('@VivianChrist10', 'Vivian Christ', 'User', '2022-10-31 17:00:00', 619, 17, 664, '2024-12-07 15:32:55', '2024-12-07 15:32:55'),
('@vtis2024', 'Vietnam Tech Impact Summit (VTIS)', 'User', '2024-08-31 17:00:00', 127, 10900, 251, '2024-12-07 07:58:57', '2024-12-07 07:58:57'),
('@vvisenu', '$DeFiPunk', 'User', '2009-08-31 17:00:00', 5060, 8966, 173300, '2024-12-07 09:27:16', '2024-12-07 09:27:16'),
('@VynceBat', 'VynceBat', 'User', '2021-02-28 17:00:00', 1631, 386, 4892, '2024-12-07 16:01:46', '2024-12-07 16:01:46'),
('@W00D3NN1CKL3S', 'WoodenNickles.crypto', 'KOL', '2012-01-31 17:00:00', 578, 231, 2740, '2024-12-07 17:33:54', '2024-12-07 17:33:54'),
('@W1N_1ZZ', 'W1N', 'KOL', '2024-01-31 17:00:00', 2226, 449, 10200, '2024-12-07 15:57:18', '2024-12-07 15:57:18'),
('@WalkerAmerica', 'Walker', 'KOL', '2011-02-28 17:00:00', 4610, 55600, 24500, '2024-12-06 16:40:31', '2024-12-06 16:40:31'),
('@WalthersBette', 'Bette Walthers $GARBAGE', 'User', '2023-02-28 17:00:00', 81, 2, 42, '2024-12-06 17:20:12', '2024-12-06 17:20:12'),
('@wasabioi24', 'HelpMeXRP', 'User', '2024-10-31 17:00:00', 82, 36, 18, '2024-12-07 16:44:50', '2024-12-07 16:44:50'),
('@wash0unwary0', 'wash0unwary0', 'User', '2012-09-30 17:00:00', 2, 0, 2, '2024-12-06 17:17:10', '2024-12-06 17:17:10'),
('@WatcherGuru', 'Watcher.Guru', 'KOL', '2021-03-31 17:00:00', 2, 2600000, 13100, '2024-12-06 15:46:17', '2024-12-06 15:46:17'),
('@waves_sniper', 'waves_sniper', 'KOL', '2014-08-31 17:00:00', 27, 30400, 14100, '2024-12-06 16:02:22', '2024-12-06 16:02:22'),
('@wbKgooB', 'wbKgooB', 'User', '2014-01-31 17:00:00', 2, 0, 2, '2024-12-06 17:20:46', '2024-12-06 17:20:46'),
('@wearecultdao', 'Cult.DAO', 'KOL', '2021-12-31 17:00:00', 819, 64300, 4411, '2024-12-06 15:46:45', '2024-12-06 15:46:45'),
('@web3haddock', 'threedock.icp ∞', 'KOL', '2023-02-28 17:00:00', 1423, 1326, 38700, '2024-12-07 16:17:47', '2024-12-07 16:17:47'),
('@Web3__Search', 'Web3 Search', 'User', '2024-06-30 17:00:00', 686, 95, 146, '2024-12-06 16:01:21', '2024-12-06 16:01:21'),
('@wellsmarylou1', 'Mary Lou Wells - Author', 'KOL', '2015-05-31 17:00:00', 5139, 2880, 10600, '2024-12-06 16:30:18', '2024-12-06 16:30:18'),
('@wencultdao', ' Lollipop ', 'KOL', '2021-12-31 17:00:00', 666, 1206, 4302, '2024-12-06 16:01:05', '2024-12-06 16:01:05'),
('@wesew53utgr', 'م م', 'User', '2016-01-31 17:00:00', 2, 0, 3, '2024-12-06 17:20:23', '2024-12-06 17:20:23'),
('@We_Are_YouChain', 'Eugenio Benetazzo', 'KOL', '2010-10-31 17:00:00', 916, 20100, 10300, '2024-12-06 16:55:20', '2024-12-06 16:55:20'),
('@wFJUuSco8', 'wFJUuSco8', 'User', '2014-01-31 17:00:00', 2, 0, 2, '2024-12-06 17:17:33', '2024-12-06 17:17:33'),
('@Whis47641Crypto', 'CryptoWhisperer', 'User', '2024-02-29 17:00:00', 57, 145, 1251, '2024-12-07 08:00:01', '2024-12-07 08:00:01'),
('@wideraw', '大叔', 'User', '2013-07-31 17:00:00', 325, 22, 178, '2024-12-07 15:16:16', '2024-12-07 15:16:16'),
('@wildchild1700', '𝙳𝚊𝚛𝚊𝚖𝚘𝚕𝚊 ', 'User', '2011-04-30 17:00:00', 2302, 1947, 46900, '2024-12-07 17:35:06', '2024-12-07 17:35:06'),
('@WilderWorld', 'Wilder World', 'KOL', '2020-11-30 17:00:00', 911, 246500, 15000, '2024-12-07 17:33:53', '2024-12-07 17:33:53'),
('@WillIwaschuk', 'Will Iwaschuk', 'User', '2020-02-29 17:00:00', 242, 223, 75, '2024-12-06 16:32:19', '2024-12-06 16:32:19'),
('@WinMasterz', 'بوسليمان', 'KOL', '2011-01-31 17:00:00', 1169, 35900, 11400, '2024-12-06 16:02:23', '2024-12-06 16:02:23'),
('@winnancyy', 'nancyyֶָ֢⭑ᥫ᭡', 'User', '2022-12-31 17:00:00', 129, 156, 34100, '2024-12-07 11:20:24', '2024-12-07 11:20:24'),
('@winphczn', 'wonugie ', 'User', '2023-09-30 17:00:00', 5271, 306, 14800, '2024-12-07 11:21:42', '2024-12-07 11:21:42'),
('@winsizio', 'scottwin', 'User', '2024-10-31 17:00:00', 187, 41, 915, '2024-12-07 11:21:31', '2024-12-07 11:21:31'),
('@WintersIna2748', 'Ina Winters', 'User', '2024-11-30 17:00:00', 13, 0, 4, '2024-12-06 17:18:30', '2024-12-06 17:18:30'),
('@winterwin001', 'Muhallo Ravi', 'User', '2024-08-31 17:00:00', 506, 37, 1756, '2024-12-07 11:17:26', '2024-12-07 15:51:21'),
('@WixStudio', 'Wix Studio', 'KOL', '2020-01-31 17:00:00', 169, 35400, 2191, '2024-12-06 16:24:01', '2024-12-06 16:24:01'),
('@WklyMarkets', 'i Trade', 'KOL', '2023-06-30 17:00:00', 397, 198, 2509, '2024-12-07 16:15:20', '2024-12-07 16:15:20'),
('@WojakSatoshi', 'Wojak Satoshi', 'KOL', '2021-01-31 17:00:00', 4754, 15400, 46400, '2024-12-07 16:17:39', '2024-12-07 16:17:39'),
('@wonisxz', 'FREETAG', 'KOL', '2024-07-31 17:00:00', 3510, 730, 18800, '2024-12-06 17:03:55', '2024-12-06 17:03:55'),
('@WoodyB42756', 'Woody Benoit', 'User', '2024-09-30 17:00:00', 2, 1, 1, '2024-12-07 16:12:51', '2024-12-07 16:12:51'),
('@WorldOfCharts1', 'World Of Charts', 'KOL', '2022-04-30 17:00:00', 85, 40000, 7785, '2024-12-07 16:37:08', '2024-12-07 16:37:08'),
('@ws17066', 'RiriWS', 'User', '2023-07-31 17:00:00', 147, 74, 272, '2024-12-07 10:05:00', '2024-12-07 10:05:00'),
('@WTDuck2255', 'WTDuck', 'User', '2022-05-31 17:00:00', 84, 4, 19, '2024-12-06 16:15:04', '2024-12-06 16:15:04'),
('@WuZ2159', 'WuZ', 'User', '2024-04-30 17:00:00', 69, 56, 157, '2024-12-07 17:36:16', '2024-12-07 17:36:16'),
('@X2worldtech', 'X2 world tech', 'KOL', '2023-01-31 17:00:00', 1894, 1854, 5085, '2024-12-07 16:16:25', '2024-12-07 16:16:25'),
('@xaeby_', 'Raya', 'User', '2023-03-31 17:00:00', 4683, 106, 15500, '2024-12-07 11:24:07', '2024-12-07 11:24:07'),
('@xarindell1', 'Xarindell', 'User', '2023-12-31 17:00:00', 60, 163, 3192, '2024-12-07 11:04:31', '2024-12-07 11:04:31'),
('@XDCFoundation', 'XDC Foundation', 'KOL', '2021-10-31 17:00:00', 204, 30900, 2655, '2024-12-06 15:54:03', '2024-12-06 15:54:03'),
('@XFamily369', 'Hchannel', 'KOL', '2021-08-31 17:00:00', 4751, 5851, 19500, '2024-12-06 15:54:35', '2024-12-06 15:54:35'),
('@xixixi230519348', 'xixixi230525', 'User', '2024-10-31 17:00:00', 5, 8, 463, '2024-12-07 15:15:20', '2024-12-07 15:15:20'),
('@xraffa_e3', 'nairaallesha', 'KOL', '2024-09-30 17:00:00', 3873, 295, 12400, '2024-12-06 17:03:41', '2024-12-06 17:03:41'),
('@XRP_DigiGold', ' X_R_P ', 'User', '2021-11-30 17:00:00', 2029, 25200, 30300, '2024-12-06 15:54:31', '2024-12-06 15:54:31'),
('@XSpaces', 'Spaces', 'KOL', '2018-10-31 17:00:00', 1, 684300, 943, '2024-12-06 15:39:07', '2024-12-06 15:39:07'),
('@XTCOM11362', 'XT.COM Exchange-Official Commercial Director', 'User', '2024-01-31 17:00:00', 797, 61, 261, '2024-12-07 17:29:39', '2024-12-07 17:29:39'),
('@XTexchange', 'XT Exchange', 'KOL', '2018-08-31 17:00:00', 394, 494200, 10700, '2024-12-07 17:22:25', '2024-12-07 17:22:25'),
('@XT_Futures', 'XT.com Futures', 'User', '2022-06-30 17:00:00', 72, 4209, 844, '2024-12-07 17:29:06', '2024-12-07 17:29:06'),
('@YakuzaInCrypto', 'Yakuza', 'KOL', '2021-04-30 17:00:00', 1705, 38400, 64300, '2024-12-07 16:16:20', '2024-12-07 16:16:20'),
('@yamaobi', 'CahyaNita', 'User', '2023-03-31 17:00:00', 69, 25, 475, '2024-12-07 16:01:57', '2024-12-07 16:01:57'),
('@yanghuiman1620', '양희만', 'User', '2024-10-31 17:00:00', 292, 57, 28, '2024-12-06 16:14:53', '2024-12-06 16:14:53'),
('@yangxge', '', 'User', '2023-11-30 17:00:00', 894, 64, 27000, '2024-12-07 11:20:02', '2024-12-07 11:20:02'),
('@Yavuz_Eraslan76', 'Yavuz Eraslan', 'User', '2010-11-30 17:00:00', 84, 0, 10, '2024-12-07 16:35:24', '2024-12-07 16:35:24'),
('@YebraJay', 'Gloria John', 'User', '2024-01-31 17:00:00', 137, 4, 43, '2024-12-06 17:21:20', '2024-12-06 17:21:20'),
('@YEmree77', 'Yunus Emre', 'User', '2022-06-30 17:00:00', 82, 38, 126, '2024-12-07 11:13:21', '2024-12-07 11:13:21'),
('@yojonbal', 'pacarmu', 'User', '2024-06-30 17:00:00', 3462, 31, 15300, '2024-12-07 11:25:47', '2024-12-07 11:25:47'),
('@Yoszioka', 'Yoszioka', 'KOL', '2020-12-31 17:00:00', 572, 222, 2327, '2024-12-07 16:05:18', '2024-12-07 16:05:18'),
('@YouTubeCreators', 'YouTube Creators', 'KOL', '2010-12-31 17:00:00', 2000, 6500000, 46200, '2024-12-06 16:23:59', '2024-12-06 16:23:59'),
('@yram4848', 'yram48', 'User', '2020-12-31 17:00:00', 332, 238, 1092, '2024-12-07 16:58:39', '2024-12-07 16:58:39'),
('@ysh1yo2848', 'Blue Whale', 'User', '2021-07-31 17:00:00', 216, 310, 4222, '2024-12-07 17:02:39', '2024-12-07 17:02:39'),
('@YusufAslanAB', 'Yusuf Aslan', 'User', '2017-01-31 17:00:00', 186, 95, 4426, '2024-12-06 15:44:34', '2024-12-06 15:44:34'),
('@yusufcansevv', 'Cansevyusuf', 'User', '2020-09-30 17:00:00', 298, 55, 252, '2024-12-07 16:46:46', '2024-12-07 16:46:46'),
('@Zangetstu_', 'Tze Hunch', 'User', '2011-10-31 17:00:00', 274, 811, 55100, '2024-12-07 11:13:10', '2024-12-07 11:13:10'),
('@ZAYKCharts', 'ZAYK Charts', 'KOL', '2021-08-31 17:00:00', 84, 22500, 2412, '2024-12-07 16:37:09', '2024-12-07 16:37:09'),
('@ZeBo79', 'ZeBo79', 'User', '2017-05-31 17:00:00', 356, 426, 13700, '2024-12-07 16:42:33', '2024-12-07 16:42:33'),
('@Zee1259', 'Zee ', 'KOL', '2014-07-31 17:00:00', 995, 2391, 109700, '2024-12-07 17:33:49', '2024-12-07 17:33:49'),
('@zenithindexhub', '_cryptocapo.IV', 'User', '2024-09-30 17:00:00', 33, 11, 5, '2024-12-06 15:43:39', '2024-12-06 15:43:39'),
('@zhyno001', 'Anime world', 'User', '2021-12-31 17:00:00', 10, 1, 14, '2024-12-07 16:25:13', '2024-12-07 16:25:13'),
('@zin68401', 'Zinsou Gratien', 'User', '2023-12-31 17:00:00', 241, 21, 362, '2024-12-07 15:44:34', '2024-12-07 15:44:34'),
('@ZubyMusic', 'ZUBY:', 'KOL', '2009-06-30 17:00:00', 3941, 1200000, 173300, '2024-12-07 11:02:43', '2024-12-07 11:02:43'),
('@_FudMaster_', 'FudMaster', 'KOL', '2016-04-30 17:00:00', 674, 311, 6629, '2024-12-07 16:36:55', '2024-12-07 16:36:55'),
('@_ghehehe', 'gege♡', 'KOL', '2012-04-30 17:00:00', 5329, 4407, 31600, '2024-12-06 17:03:42', '2024-12-06 17:03:42'),
('@_JDSmoove50', 'JD', 'KOL', '2011-06-30 17:00:00', 529, 186, 1653, '2024-12-06 15:45:21', '2024-12-06 15:45:21'),
('@__m_c_g_', 'MCG', 'User', '2021-06-30 17:00:00', 971, 272, 1266, '2024-12-07 17:27:32', '2024-12-07 17:27:32'),
('@__odun', 'Banks', 'User', '2014-09-30 17:00:00', 179, 243, 1772, '2024-12-07 15:25:12', '2024-12-07 15:25:12'),
('@___samip__', 'Samip Pradhan', 'User', '2020-01-31 17:00:00', 45, 2, 32, '2024-12-07 16:13:02', '2024-12-07 16:13:02');

-- --------------------------------------------------------

--
-- Cấu trúc bảng cho bảng `user_comment_tweet`
--

CREATE TABLE `user_comment_tweet` (
  `user_id` varchar(255) NOT NULL,
  `tweet_id` varchar(255) NOT NULL,
  `parent_comment_id` varchar(255) DEFAULT NULL
) ENGINE=InnoDB DEFAULT CHARSET=utf8mb4 COLLATE=utf8mb4_general_ci;

--
-- Đang đổ dữ liệu cho bảng `user_comment_tweet`
--

INSERT INTO `user_comment_tweet` (`user_id`, `tweet_id`, `parent_comment_id`) VALUES
('@0xbillybambam', '1859294040874782888', NULL),
('@0xLouchyy', '1774013706239627434', NULL),
('@0xSniperPro', '1864250290746065067', NULL),
('@0xSweep', '1816192271114748224', NULL),
('@0xTejma', '1865411046061572322', NULL),
('@0xyjkim', '1803020604846530651', NULL),
('@0_source', '1660625010774650881', NULL),
('@2727053215S', '1862927607890686447', NULL),
('@2PrincipeBE', '1865376293103058954', NULL),
('@69420xyz', '1774013706239627434', NULL),
('@AAboulkabila', '1862927607890686447', NULL),
('@abrhim_mahmoud', '1865376293103058954', NULL),
('@agbadomuncher', '1865411046061572322', NULL),
('@ahjian061997', '1864250290746065067', NULL),
('@aikaindocrypto', '1864336372942966859', NULL),
('@AishaUMMI16', '1864250290746065067', NULL),
('@AjWinslade', '1865411046061572322', NULL),
('@AlfieMo60344590', '1865411046061572322', NULL),
('@alhajigail', '1865414132599783428', NULL),
('@AlonLavi2', '1863493356690538794', NULL),
('@Altcoinbuzzio', '1803020604846530651', NULL),
('@AltcoinDailyio', '1816192271114748224', NULL),
('@AltcoinDailyio', '1859294040874782888', NULL),
('@Altcoinist_com', '1774013706239627434', NULL),
('@AlterAltcoiner', '1803020604846530651', NULL),
('@amerleek01', '1863493356690538794', NULL),
('@amonbuy', '1859294040874782888', NULL),
('@ancient_home', '1660625010774650881', NULL),
('@anlcnc1', '1774013706239627434', NULL),
('@ariusmaula', '1865414132599783428', NULL),
('@ashishranjan04', '1439137303688105984', NULL),
('@AshleyPurdy', '1865376293103058954', NULL),
('@ayatullah81689', '1864732847723966880', NULL),
('@ayiniworld', '1864250290746065067', NULL),
('@BakoExperience', '1816192271114748224', NULL),
('@baldmariela', '1862927607890686447', NULL),
('@balimbrcko', '1862927607890686447', NULL),
('@barnwal1akash', '1859294040874782888', NULL),
('@bassembass12549', '1862927607890686447', NULL),
('@BDSMdotmoney', '1865411046061572322', NULL),
('@Bellogide007', '1864732847723966880', NULL),
('@BiGsAsELO', '1660625010774650881', NULL),
('@BigTinKC', '1862927607890686447', NULL),
('@BirajDa38770752', '1865329234442354772', NULL),
('@BLBYProject', '1774013706239627434', NULL),
('@Bobby_Cryptorod', '1803020604846530651', NULL),
('@BocaG', '1439137303688105984', NULL),
('@Bogdanthe2', '1865411046061572322', NULL),
('@boinegs', '1859294040874782888', NULL),
('@ByCoinvo', '1865411029892767754', NULL),
('@cdeangelo68', '1439137303688105984', NULL),
('@cerusvaults', '1865392444696637820', NULL),
('@chilakala505', '1864336372942966859', NULL),
('@chrisbtcrocks', '1865392444696637820', NULL),
('@clang26', '1865392444696637820', NULL),
('@ClayHamNFTS', '1865414132599783428', NULL),
('@clifton_ideas', '1864878543269957927', NULL),
('@cmrice71', '1865376293103058954', NULL),
('@CodanCrypto', '1859294040874782888', NULL),
('@coingecko', '1660625010774650881', NULL),
('@CoinpediaNews', '1864336372942966859', NULL),
('@Coins_Chick', '1865376293103058954', NULL),
('@CoinWOfficial', '1863493356690538794', NULL),
('@CollinBrownXRP', '1864704621211418728', NULL),
('@collinko', '1864732847723966880', NULL),
('@CoolBreeze018', '1865376293103058954', NULL),
('@CoreyMa98925358', '1865414132599783428', NULL),
('@coskunkomurcu17', '1865392444696637820', NULL),
('@CowResponsible', '1865329234442354772', NULL),
('@CreepurQ', '1864250290746065067', NULL),
('@CrtatoRt', '1863493356690538794', NULL),
('@cryptclay', '1864878543269957927', NULL),
('@Cryptizzley', '1439137303688105984', NULL),
('@Crypto50plus', '1865392444696637820', NULL),
('@CryptoAnarchyst', '1865376293103058954', NULL),
('@cryptocom', '1774013706239627434', NULL),
('@CryptoFaibik', '1864878543269957927', NULL),
('@cryptoforapes', '1863850358168310117', NULL),
('@CryptoGaneNexus', '1864250290746065067', NULL),
('@CryptoHodlerrrr', '1439137303688105984', NULL),
('@Cryptonaut36665', '1862927607890686447', NULL),
('@CryptoPatel', '1865329234442354772', NULL),
('@cryptowizardBTC', '1774013706239627434', NULL),
('@Crypto_Inside_', '1865392444696637820', NULL),
('@crypto_rand', '1803020604846530651', NULL),
('@CunyboyP', '1865376293103058954', NULL),
('@daedalprincess', '1865414132599783428', NULL),
('@DAlves83263', '1862927607890686447', NULL),
('@Darrenvaxxv', '1803020604846530651', NULL),
('@DavidGutshall', '1864250290746065067', NULL),
('@Deadpoolsh10343', '1865376293103058954', NULL),
('@DeerSongShu', '1865329234442354772', NULL),
('@degentrader1111', '1859294040874782888', NULL),
('@demyanchuk11', '1862927607890686447', NULL),
('@DenlyDahl', '1864250290746065067', NULL),
('@Desk_Expertise', '1865392444696637820', NULL),
('@djwaters', '1816192271114748224', NULL),
('@doveonsol', '1865411046061572322', NULL),
('@DuongPhm11', '1864732847723966880', NULL),
('@ELSCapital', '1865392444696637820', NULL),
('@elton2545', '1862927607890686447', NULL),
('@emilya0000', '1864732847723966880', NULL),
('@emmanue45919108', '1865392444696637820', NULL),
('@Enes79820363', '1864250290746065067', NULL),
('@Evelyn769890137', '1774013706239627434', NULL),
('@FahadVlogs3', '1864732847723966880', NULL),
('@Felipe33718083', '1439137303688105984', NULL),
('@fjPvIcZUpk83042', '1864732847723966880', NULL),
('@Flaviomnkl', '1865392444696637820', NULL),
('@FriedrichBtc', '1864878543269957927', NULL),
('@GalaxyVoyagerIO', '1865392444696637820', NULL),
('@garnierfcsf', '1865411029892767754', NULL),
('@gary_eth', '1660625010774650881', NULL),
('@geekdream3r', '1862927607890686447', NULL),
('@GerryPlotter', '1816192271114748224', NULL),
('@gian70936', '1865376293103058954', NULL),
('@GloryDoge', '1774013706239627434', NULL),
('@GNemo57470', '1865414132599783428', NULL),
('@gogoss1234', '1864704621211418728', NULL),
('@GonzalezKleidys', '1865329234442354772', NULL),
('@grace55162401', '1865329234442354772', NULL),
('@GrandRemusZebra', '1439137303688105984', NULL),
('@grolkongz7', '1816192271114748224', NULL),
('@GurpJochem', '1774013706239627434', NULL),
('@Halvings_org', '1816192271114748224', NULL),
('@hamza069749871', '1862927607890686447', NULL),
('@hanghamorr', '1864732847723966880', NULL),
('@haranbanjoD_III', '1864250290746065067', NULL),
('@Harcripto', '1864732847723966880', NULL),
('@Heeoiii', '1439137303688105984', NULL),
('@HemuleMaxi', '1803020604846530651', NULL),
('@HenrikPiga', '1660625010774650881', NULL),
('@Hexdek16', '1865411046061572322', NULL),
('@Hexologist31', '1816192271114748224', NULL),
('@Hodltheline2024', '1864732847723966880', NULL),
('@HukAleksandra', '1859294040874782888', NULL),
('@IaJUUUY', '1864732847723966880', NULL),
('@iamOusman1', '1803020604846530651', NULL),
('@ICP100X', '1816192271114748224', NULL),
('@ICP100X', '1865411046061572322', NULL),
('@ilCriptonauta', '1660625010774650881', NULL),
('@ilureatana12765', '1864732847723966880', NULL),
('@imchedlo', '1816192271114748224', NULL),
('@imShhah', '1864732847723966880', NULL),
('@InputOutputHK', '1439137303688105984', NULL),
('@itachiuchiha826', '1816192271114748224', NULL),
('@i_Moon__i', '1439137303688105984', NULL),
('@JamesGo37655101', '1864250290746065067', NULL),
('@JAMESLKNOWLES2', '1865411029892767754', NULL),
('@Jay35359880', '1864704621211418728', NULL),
('@JChainsX', '1859294040874782888', NULL),
('@JeanTuho', '1864250290746065067', NULL),
('@jeffersonbruman', '1774013706239627434', NULL),
('@Jeremiah_Chadd', '1859294040874782888', NULL),
('@JimJamJay15', '1864250290746065067', NULL),
('@JoeParys', '1865411046061572322', NULL),
('@JohnManham', '1865376293103058954', NULL),
('@johnnycage4pres', '1774013706239627434', NULL),
('@JongMinHyeon1', '1439137303688105984', NULL),
('@Jose54158328', '1865376293103058954', NULL),
('@jsorslabecane', '1865392444696637820', NULL),
('@jsrwatches', '1865376293103058954', NULL),
('@jtoatoctok', '1865392444696637820', NULL),
('@JUANCHOOWEB', '1774013706239627434', NULL),
('@Juliusb98287102', '1865376293103058954', NULL),
('@JustinJames_X', '1803020604846530651', NULL),
('@justNATTY21', '1864732847723966880', NULL),
('@KaikeyanKe369', '1863850358168310117', NULL),
('@kalsaboori', '1439137303688105984', NULL),
('@kgeelabs', '1862927607890686447', NULL),
('@KinzMan___', '1865329234442354772', NULL),
('@KitzigMarvin', '1864250290746065067', NULL),
('@Krados1107', '1865376293103058954', NULL),
('@KrakhenJr', '1439137303688105984', NULL),
('@La_cruzNFT', '1803020604846530651', NULL),
('@learnthegdgame', '1774013706239627434', NULL),
('@Lemona6e', '1859294040874782888', NULL),
('@littleshoes08', '1865414132599783428', NULL),
('@lyingtoad', '1859294040874782888', NULL),
('@m0nk37f4rt', '1660625010774650881', NULL),
('@madhu8688855255', '1864336372942966859', NULL),
('@ManAlejg', '1865392444696637820', NULL),
('@MarchandCorne', '1865392444696637820', NULL),
('@margho21', '1865411046061572322', NULL),
('@MariosDemX', '1859294040874782888', NULL),
('@memecoin_X', '1660625010774650881', NULL),
('@meow_cabal', '1865411046061572322', NULL),
('@MerlijnTrader', '1865411029892767754', NULL),
('@MetaGorgonite', '1816192271114748224', NULL),
('@MhDAlfas', '1865392444696637820', NULL),
('@midpackergeek', '1864250290746065067', NULL),
('@MohammedMu16489', '1864732847723966880', NULL),
('@MostradamusM', '1439137303688105984', NULL),
('@mrDIndicatorsIO', '1865392444696637820', NULL),
('@MrMakodo', '1859294040874782888', NULL),
('@MSTRLife', '1439137303688105984', NULL),
('@musse_nasi54649', '1864250290746065067', NULL),
('@M_Ganesh_Ram', '1863850358168310117', NULL),
('@nearchain', '1439137303688105984', NULL),
('@niaina_hol72849', '1864732847723966880', NULL),
('@nickth3kid', '1816192271114748224', NULL),
('@NikhileshSC', '1439137303688105984', NULL),
('@No_man_one', '1863850358168310117', NULL),
('@NUMBER028328184', '1864732847723966880', NULL),
('@officialzerr', '1865414132599783428', NULL),
('@OldGuy_67', '1864250290746065067', NULL),
('@OrnimusMaximus', '1660625010774650881', NULL),
('@oxsin', '1439137303688105984', NULL),
('@pajaceneke94', '1865414132599783428', NULL),
('@PandaFxGaming', '1865414132599783428', NULL),
('@PatienceCapMgmt', '1803020604846530651', NULL),
('@PawsFounder', '1864732847723966880', NULL),
('@pcsjr93', '1859294040874782888', NULL),
('@Pemburucrypto94', '1865414132599783428', NULL),
('@PepeMeme_', '1862927607890686447', NULL),
('@perrify_icp', '1816192271114748224', NULL),
('@PERRO_MONNEY', '1865414132599783428', NULL),
('@Picassobtc', '1803020604846530651', NULL),
('@piete1226834', '1865414132599783428', NULL),
('@pink_berry_win', '1863493356690538794', NULL),
('@pishoto_eth', '1660625010774650881', NULL),
('@powerpuff86', '1864250290746065067', NULL),
('@precompute_', '1864250290746065067', NULL),
('@qshah2021', '1865411046061572322', NULL),
('@QuintenFrancois', '1803020604846530651', NULL),
('@raf_701', '1803020604846530651', NULL),
('@raghulsri_', '1865329234442354772', NULL),
('@RealCFT', '1864732847723966880', NULL),
('@RealCryptoBeard', '1774013706239627434', NULL),
('@RealJasonCTO', '1865414132599783428', NULL),
('@ReeseSnyder6', '1865414132599783428', NULL),
('@rektcapital', '1865392444696637820', NULL),
('@Remecze', '1865411046061572322', NULL),
('@RenecBlockchain', '1862927607890686447', NULL),
('@reptilianjazzr', '1864250290746065067', NULL),
('@RiaanStap18', '1865411046061572322', NULL),
('@richard81851983', '1863493356690538794', NULL),
('@RichardQuyet', '1864250290746065067', NULL),
('@rmendesvertelo', '1864250290746065067', NULL),
('@rokeyroywell', '1863493356690538794', NULL),
('@RoseMary394155', '1863493356690538794', NULL),
('@Rotcod', '1865329234442354772', NULL),
('@rweddiss', '1865414132599783428', NULL),
('@RyanXuan3', '1864878543269957927', NULL),
('@ryan_timph89902', '1803020604846530651', NULL),
('@sajjadmarhaba', '1816192271114748224', NULL),
('@sarahtahir03', '1864732847723966880', NULL),
('@se7en77_DOG', '1859294040874782888', NULL),
('@semihergen0906', '1859294040874782888', NULL),
('@sgreanboi', '1439137303688105984', NULL),
('@ShafikKhan56786', '1864732847723966880', NULL),
('@shankyboiz', '1865376293103058954', NULL),
('@shineyd1111', '1803020604846530651', NULL),
('@sisyice_creamy', '1864732847723966880', NULL),
('@SMALL_WIN_2025', '1863493356690538794', NULL),
('@snekcoinprice', '1863850358168310117', NULL),
('@solanozz2', '1862927607890686447', NULL),
('@SpamAcc1486791', '1865414132599783428', NULL),
('@Spirit_Spark_', '1865414132599783428', NULL),
('@StafordEden', '1865376293103058954', NULL),
('@Stelow_1', '1774013706239627434', NULL),
('@stevenjho_', '1865414132599783428', NULL),
('@stream_nation_', '1865411046061572322', NULL),
('@SuperDanyoMan42', '1865376293103058954', NULL),
('@svrmadhu85', '1864732847723966880', NULL),
('@SynFuturesDefi', '1859294040874782888', NULL),
('@TalalA76224989', '1865392444696637820', NULL),
('@Taofeeqoh__', '1865329234442354772', NULL),
('@TheExpedionist', '1865376293103058954', NULL),
('@thenothinkers', '1864732847723966880', NULL),
('@ThePepeKong', '1660625010774650881', NULL),
('@Therapydogcoin', '1865392444696637820', NULL),
('@The_Art_The_NFT', '1865376293103058954', NULL),
('@ThinkAppraiser', '1816192271114748224', NULL),
('@ToddKellgren', '1859294040874782888', NULL),
('@Tr0mNFT', '1864250290746065067', NULL),
('@TrumpjrJohn', '1864250290746065067', NULL),
('@ubiquity11', '1865376293103058954', NULL),
('@ullebusten', '1865392444696637820', NULL),
('@UmalRon', '1862927607890686447', NULL),
('@userfriendlyto', '1864250290746065067', NULL),
('@Very_greedyA', '1803020604846530651', NULL),
('@VivianChrist10', '1864732847723966880', NULL),
('@vvisenu', '1439137303688105984', NULL),
('@W00D3NN1CKL3S', '1865411046061572322', NULL),
('@W1N_1ZZ', '1865414132599783428', NULL),
('@wasabioi24', '1864250290746065067', NULL),
('@wideraw', '1864732847723966880', NULL),
('@wildchild1700', '1865411046061572322', NULL),
('@WilderWorld', '1865411046061572322', NULL),
('@winterwin001', '1863493356690538794', NULL),
('@WojakSatoshi', '1660625010774650881', NULL),
('@WojakSatoshi', '1816192271114748224', NULL),
('@WorldOfCharts1', '1864878543269957927', NULL),
('@WuZ2159', '1865411046061572322', NULL),
('@X2worldtech', '1816192271114748224', NULL),
('@xarindell1', '1803020604846530651', NULL),
('@xixixi230519348', '1864250290746065067', NULL),
('@xixixi230519348', '1864732847723966880', NULL),
('@XTexchange', '1863850358168310117', NULL),
('@YakuzaInCrypto', '1816192271114748224', NULL),
('@Yoszioka', '1859294040874782888', NULL),
('@yusufcansevv', '1864250290746065067', NULL),
('@ZAYKCharts', '1864878543269957927', NULL),
('@Zee1259', '1865411046061572322', NULL),
('@ZubyMusic', '1803020604846530651', NULL),
('@_FudMaster_', '1864878543269957927', NULL);

-- --------------------------------------------------------

--
-- Cấu trúc bảng cho bảng `user_post_tweet`
--

CREATE TABLE `user_post_tweet` (
  `user_id` varchar(255) NOT NULL,
  `tweet_id` varchar(255) NOT NULL
) ENGINE=InnoDB DEFAULT CHARSET=utf8mb4 COLLATE=utf8mb4_general_ci;

--
-- Đang đổ dữ liệu cho bảng `user_post_tweet`
--

INSERT INTO `user_post_tweet` (`user_id`, `tweet_id`) VALUES
('@AltcoinDailyio', '1816192271114748224'),
('@AltcoinDailyio', '1859294040874782888'),
('@ByCoinvo', '1865411029892767754'),
('@clifton_ideas', '1864878543269957927'),
('@coingecko', '1660625010774650881'),
('@CoinpediaNews', '1864336372942966859'),
('@CoinWOfficial', '1863493356690538794'),
('@CollinBrownXRP', '1864704621211418728'),
('@cryptocom', '1774013706239627434'),
('@CryptoPatel', '1865329234442354772'),
('@InputOutputHK', '1439137303688105984'),
('@JoeParys', '1865411046061572322'),
('@PawsFounder', '1864732847723966880'),
('@PepeMeme_', '1862927607890686447'),
('@QuintenFrancois', '1803020604846530651'),
('@ReeseSnyder6', '1865414132599783428'),
('@rektcapital', '1865392444696637820'),
('@StafordEden', '1865376293103058954'),
('@TrumpjrJohn', '1864250290746065067'),
('@XTexchange', '1863850358168310117');

--
-- Chỉ mục cho các bảng đã đổ
--

--
-- Chỉ mục cho bảng `followers`
--
ALTER TABLE `followers`
  ADD PRIMARY KEY (`user_id`,`follower_user_id`),
  ADD KEY `follower_user_id` (`follower_user_id`);

--
-- Chỉ mục cho bảng `followings`
--
ALTER TABLE `followings`
  ADD PRIMARY KEY (`user_id`,`following_user_id`),
  ADD KEY `following_user_id` (`following_user_id`);

--
-- Chỉ mục cho bảng `hashtags`
--
ALTER TABLE `hashtags`
  ADD PRIMARY KEY (`hashtag_name`);

--
-- Chỉ mục cho bảng `mentions`
--
ALTER TABLE `mentions`
  ADD PRIMARY KEY (`user_id`,`tweet_id`),
  ADD KEY `tweet_id` (`tweet_id`);

--
-- Chỉ mục cho bảng `reposts`
--
ALTER TABLE `reposts`
  ADD PRIMARY KEY (`user_id`,`tweet_id`),
  ADD KEY `tweet_id` (`tweet_id`);

--
-- Chỉ mục cho bảng `tweets`
--
ALTER TABLE `tweets`
  ADD PRIMARY KEY (`tweet_id`);

--
-- Chỉ mục cho bảng `tweet_have_hashtags`
--
ALTER TABLE `tweet_have_hashtags`
  ADD PRIMARY KEY (`hashtag_name`,`tweet_id`),
  ADD KEY `tweet_id` (`tweet_id`);

--
-- Chỉ mục cho bảng `users`
--
ALTER TABLE `users`
  ADD PRIMARY KEY (`user_id`);

--
-- Chỉ mục cho bảng `user_comment_tweet`
--
ALTER TABLE `user_comment_tweet`
  ADD PRIMARY KEY (`user_id`,`tweet_id`),
  ADD KEY `tweet_id` (`tweet_id`);

--
-- Chỉ mục cho bảng `user_post_tweet`
--
ALTER TABLE `user_post_tweet`
  ADD PRIMARY KEY (`user_id`,`tweet_id`),
  ADD KEY `tweet_id` (`tweet_id`);

--
-- Các ràng buộc cho các bảng đã đổ
--

--
-- Các ràng buộc cho bảng `followers`
--
ALTER TABLE `followers`
  ADD CONSTRAINT `followers_ibfk_1` FOREIGN KEY (`user_id`) REFERENCES `users` (`user_id`),
  ADD CONSTRAINT `followers_ibfk_2` FOREIGN KEY (`follower_user_id`) REFERENCES `users` (`user_id`),
  ADD CONSTRAINT `followers_ibfk_3` FOREIGN KEY (`user_id`) REFERENCES `users` (`user_id`),
  ADD CONSTRAINT `followers_ibfk_4` FOREIGN KEY (`follower_user_id`) REFERENCES `users` (`user_id`);

--
-- Các ràng buộc cho bảng `followings`
--
ALTER TABLE `followings`
  ADD CONSTRAINT `followings_ibfk_1` FOREIGN KEY (`user_id`) REFERENCES `users` (`user_id`),
  ADD CONSTRAINT `followings_ibfk_2` FOREIGN KEY (`following_user_id`) REFERENCES `users` (`user_id`),
  ADD CONSTRAINT `followings_ibfk_3` FOREIGN KEY (`user_id`) REFERENCES `users` (`user_id`),
  ADD CONSTRAINT `followings_ibfk_4` FOREIGN KEY (`following_user_id`) REFERENCES `users` (`user_id`);

--
-- Các ràng buộc cho bảng `mentions`
--
ALTER TABLE `mentions`
  ADD CONSTRAINT `mentions_ibfk_1` FOREIGN KEY (`user_id`) REFERENCES `users` (`user_id`),
  ADD CONSTRAINT `mentions_ibfk_2` FOREIGN KEY (`tweet_id`) REFERENCES `tweets` (`tweet_id`),
  ADD CONSTRAINT `mentions_ibfk_3` FOREIGN KEY (`user_id`) REFERENCES `users` (`user_id`),
  ADD CONSTRAINT `mentions_ibfk_4` FOREIGN KEY (`tweet_id`) REFERENCES `tweets` (`tweet_id`);

--
-- Các ràng buộc cho bảng `reposts`
--
ALTER TABLE `reposts`
  ADD CONSTRAINT `reposts_ibfk_1` FOREIGN KEY (`tweet_id`) REFERENCES `tweets` (`tweet_id`),
  ADD CONSTRAINT `reposts_ibfk_2` FOREIGN KEY (`user_id`) REFERENCES `users` (`user_id`),
  ADD CONSTRAINT `reposts_ibfk_3` FOREIGN KEY (`tweet_id`) REFERENCES `tweets` (`tweet_id`),
  ADD CONSTRAINT `reposts_ibfk_4` FOREIGN KEY (`user_id`) REFERENCES `users` (`user_id`);

--
-- Các ràng buộc cho bảng `tweet_have_hashtags`
--
ALTER TABLE `tweet_have_hashtags`
  ADD CONSTRAINT `tweet_have_hashtags_ibfk_1` FOREIGN KEY (`hashtag_name`) REFERENCES `hashtags` (`hashtag_name`),
  ADD CONSTRAINT `tweet_have_hashtags_ibfk_2` FOREIGN KEY (`tweet_id`) REFERENCES `tweets` (`tweet_id`);

--
-- Các ràng buộc cho bảng `user_comment_tweet`
--
ALTER TABLE `user_comment_tweet`
  ADD CONSTRAINT `user_comment_tweet_ibfk_1` FOREIGN KEY (`user_id`) REFERENCES `users` (`user_id`),
  ADD CONSTRAINT `user_comment_tweet_ibfk_2` FOREIGN KEY (`tweet_id`) REFERENCES `tweets` (`tweet_id`),
  ADD CONSTRAINT `user_comment_tweet_ibfk_3` FOREIGN KEY (`user_id`) REFERENCES `users` (`user_id`),
  ADD CONSTRAINT `user_comment_tweet_ibfk_4` FOREIGN KEY (`tweet_id`) REFERENCES `tweets` (`tweet_id`);

--
-- Các ràng buộc cho bảng `user_post_tweet`
--
ALTER TABLE `user_post_tweet`
  ADD CONSTRAINT `user_post_tweet_ibfk_1` FOREIGN KEY (`user_id`) REFERENCES `users` (`user_id`),
  ADD CONSTRAINT `user_post_tweet_ibfk_2` FOREIGN KEY (`tweet_id`) REFERENCES `tweets` (`tweet_id`),
  ADD CONSTRAINT `user_post_tweet_ibfk_3` FOREIGN KEY (`user_id`) REFERENCES `users` (`user_id`),
  ADD CONSTRAINT `user_post_tweet_ibfk_4` FOREIGN KEY (`tweet_id`) REFERENCES `tweets` (`tweet_id`);
COMMIT;

/*!40101 SET CHARACTER_SET_CLIENT=@OLD_CHARACTER_SET_CLIENT */;
/*!40101 SET CHARACTER_SET_RESULTS=@OLD_CHARACTER_SET_RESULTS */;
/*!40101 SET COLLATION_CONNECTION=@OLD_COLLATION_CONNECTION */;
