-- phpMyAdmin SQL Dump
-- version 5.2.1
-- https://www.phpmyadmin.net/
--
-- Máy chủ: 127.0.0.1
-- Thời gian đã tạo: Th12 06, 2024 lúc 06:25 PM
-- Phiên bản máy phục vụ: 10.4.32-MariaDB
-- Phiên bản PHP: 8.0.30

SET SQL_MODE = "NO_AUTO_VALUE_ON_ZERO";
START TRANSACTION;
SET time_zone = "+00:00";


/*!40101 SET @OLD_CHARACTER_SET_CLIENT=@@CHARACTER_SET_CLIENT */;
/*!40101 SET @OLD_CHARACTER_SET_RESULTS=@@CHARACTER_SET_RESULTS */;
/*!40101 SET @OLD_COLLATION_CONNECTION=@@COLLATION_CONNECTION */;
/*!40101 SET NAMES utf8mb4 */;

--
-- Cơ sở dữ liệu: `twitter`
--

-- --------------------------------------------------------

--
-- Cấu trúc bảng cho bảng `followers`
--

CREATE TABLE `followers` (
  `user_id` varchar(255) NOT NULL,
  `follower_user_id` varchar(255) NOT NULL
) ENGINE=InnoDB DEFAULT CHARSET=utf8mb4 COLLATE=utf8mb4_general_ci;

--
-- Đang đổ dữ liệu cho bảng `followers`
--

INSERT INTO `followers` (`user_id`, `follower_user_id`) VALUES
('@Ajay8307', '@12_Gauge_Ind'),
('@Ajay8307', '@30A4life'),
('@Ajay8307', '@7dS0Q9wQOf0Wyc9'),
('@Ajay8307', '@8tQ9kGIbHLZCr'),
('@Ajay8307', '@AndrewMcCurdy2'),
('@Ajay8307', '@BalitokCapital'),
('@Ajay8307', '@BlasterMaster88'),
('@Ajay8307', '@bmcmanes'),
('@Ajay8307', '@BradKnowsHVAC'),
('@Ajay8307', '@BruceTWhite1'),
('@Ajay8307', '@CalvinWeight'),
('@Ajay8307', '@Daks_Gunaratne'),
('@Ajay8307', '@DrummerDude1969'),
('@Ajay8307', '@DTXnW4gN1SHwMD'),
('@Ajay8307', '@EsserMaria62894'),
('@Ajay8307', '@flunn'),
('@Ajay8307', '@flyboy1075'),
('@Ajay8307', '@GreennJason'),
('@Ajay8307', '@HumblForTheWin'),
('@Ajay8307', '@humblrfelix'),
('@Ajay8307', '@JACOBJMV'),
('@Ajay8307', '@KovacsTrevor'),
('@Ajay8307', '@leish4man'),
('@Ajay8307', '@Luc4s_ETHer'),
('@Ajay8307', '@Marcus_Djuu'),
('@Ajay8307', '@miaflasun'),
('@Ajay8307', '@MikaelXeeland'),
('@Ajay8307', '@moneyfinancial'),
('@Ajay8307', '@PendingETH'),
('@Ajay8307', '@PsychNurseLee'),
('@Ajay8307', '@Raj_Monnappa'),
('@Ajay8307', '@ReelOn_Chain'),
('@Ajay8307', '@RodSlik'),
('@Ajay8307', '@Ronald_vanLoon'),
('@Ajay8307', '@SausoysG31'),
('@Ajay8307', '@ShirsmitUll9'),
('@Ajay8307', '@ShivaniYad8614'),
('@Ajay8307', '@shopmarkey'),
('@Ajay8307', '@ShoreseighDk4V'),
('@Ajay8307', '@ShoughezWoho'),
('@Ajay8307', '@SmairnoughiDp4'),
('@Ajay8307', '@SmasiroughmIF'),
('@Ajay8307', '@SnodeyshaKwNj'),
('@Ajay8307', '@SummerJune618'),
('@Ajay8307', '@swipeverse'),
('@Ajay8307', '@T3d4D13NsNDJML'),
('@Ajay8307', '@talent_hype'),
('@Ajay8307', '@ThatLawyerGuy31'),
('@Ajay8307', '@TheDeanTorres'),
('@Ajay8307', '@TickerStocker'),
('@Ajay8307', '@Trezor'),
('@Ajay8307', '@TweetingTatum'),
('@Ajay8307', '@two2tango_2'),
('@Ajay8307', '@wellsmarylou1'),
('@blockchain', '@abeysama'),
('@blockchain', '@AikirizaM'),
('@blockchain', '@anthros77'),
('@blockchain', '@attai_sule93'),
('@blockchain', '@BinanceUS'),
('@blockchain', '@Blockspot_io'),
('@blockchain', '@BoyKing52969'),
('@blockchain', '@BTCTN'),
('@blockchain', '@CJ_Reim'),
('@blockchain', '@CoinDesk'),
('@blockchain', '@Cointelegraph'),
('@blockchain', '@CryptoDaFuq'),
('@blockchain', '@CryptooIndia'),
('@blockchain', '@CryptoSlav__'),
('@blockchain', '@DanielWhitters'),
('@blockchain', '@earnwithrk'),
('@blockchain', '@Endeson154461'),
('@blockchain', '@erkan_bo'),
('@blockchain', '@fbones212'),
('@blockchain', '@Flandin_Daniel'),
('@blockchain', '@Heath_MayAust'),
('@blockchain', '@Hexinbi'),
('@blockchain', '@holacorp'),
('@blockchain', '@Hopus77'),
('@blockchain', '@Kanami_369'),
('@blockchain', '@kcryptoinvest'),
('@blockchain', '@kolayole225'),
('@blockchain', '@levdik1'),
('@blockchain', '@Maaruf_4934'),
('@blockchain', '@MaryBrizard'),
('@blockchain', '@Miner4Nine'),
('@blockchain', '@MMerazal'),
('@blockchain', '@MoynaNadia52801'),
('@blockchain', '@NathanUlsh'),
('@blockchain', '@onlineboy00'),
('@blockchain', '@orozco44280'),
('@blockchain', '@Pencurry17'),
('@blockchain', '@pushpendrakum'),
('@blockchain', '@quanghuy9990'),
('@blockchain', '@rayburn_tr378'),
('@blockchain', '@RekoKudos'),
('@blockchain', '@rogerkver'),
('@blockchain', '@SatoshiPlus_'),
('@blockchain', '@sEraser2022'),
('@blockchain', '@simplykashif'),
('@blockchain', '@Sio347'),
('@blockchain', '@smtgpt'),
('@blockchain', '@tabconf'),
('@blockchain', '@tdecker603'),
('@blockchain', '@Tether_to'),
('@blockchain', '@trondao'),
('@blockchain', '@Vayu108'),
('@blockchain', '@YusufAslanAB'),
('@blockchain', '@zenithindexhub'),
('@blockchain', '@_JDSmoove50'),
('@blockchain__m', '@7lKz1S5997yU9E'),
('@blockchain__m', '@Adewalebolujose'),
('@blockchain__m', '@akshay_kurhekar'),
('@blockchain__m', '@alesawi2'),
('@blockchain__m', '@Alexkhan160982'),
('@blockchain__m', '@alixxx332'),
('@blockchain__m', '@amitkulal07'),
('@blockchain__m', '@Ayyub_1979'),
('@blockchain__m', '@berabose50128'),
('@blockchain__m', '@beratkanbero'),
('@blockchain__m', '@BerryHandl23292'),
('@blockchain__m', '@bitbestdex'),
('@blockchain__m', '@CryptoSilvFox'),
('@blockchain__m', '@dbooo99'),
('@blockchain__m', '@DeanParryIP'),
('@blockchain__m', '@DouglasVes52841'),
('@blockchain__m', '@dpkdpk014'),
('@blockchain__m', '@DukerEarin59317'),
('@blockchain__m', '@Emmameyer26436'),
('@blockchain__m', '@EngrIbrahim1109'),
('@blockchain__m', '@EstherBaci69784'),
('@blockchain__m', '@exgoland_io'),
('@blockchain__m', '@exit_K7'),
('@blockchain__m', '@felicitty77'),
('@blockchain__m', '@goldrollira'),
('@blockchain__m', '@hanakadase22310'),
('@blockchain__m', '@JasonSimps24028'),
('@blockchain__m', '@JohnKenned34204'),
('@blockchain__m', '@KaiGonnaMakeIt'),
('@blockchain__m', '@Karthik_h_nair'),
('@blockchain__m', '@KycGenerali'),
('@blockchain__m', '@Linda3008367880'),
('@blockchain__m', '@listingwave'),
('@blockchain__m', '@Lucasco46480738'),
('@blockchain__m', '@LukeThomps67675'),
('@blockchain__m', '@micmos'),
('@blockchain__m', '@MMerazal'),
('@blockchain__m', '@NemotoJojo85537'),
('@blockchain__m', '@Nexerweb'),
('@blockchain__m', '@Ngc11105838'),
('@blockchain__m', '@ngnutor6113'),
('@blockchain__m', '@nGvxYVyf4smjPym'),
('@blockchain__m', '@nknknk_nk8'),
('@blockchain__m', '@Noytorsh4FEQk'),
('@blockchain__m', '@Nyctoo03'),
('@blockchain__m', '@OrdoAeternum'),
('@blockchain__m', '@ozziecrypto13'),
('@blockchain__m', '@RamonAng170887'),
('@blockchain__m', '@SFConsulting01'),
('@blockchain__m', '@Shazadapadar420'),
('@blockchain__m', '@Shesoaspoughsh'),
('@blockchain__m', '@shibasonthemoon'),
('@blockchain__m', '@SolProfessor565'),
('@blockchain__m', '@Sulaiman0706643'),
('@blockchain__m', '@swipeverse'),
('@blockchain__m', '@VasoullaO4810'),
('@blockchain__m', '@WTDuck2255'),
('@blockchain__m', '@yanghuiman1620'),
('@ice_blockchain', '@Abeni_sol'),
('@ice_blockchain', '@AnitaB87859'),
('@ice_blockchain', '@aumick_raymond'),
('@ice_blockchain', '@BettyCasti86245'),
('@ice_blockchain', '@BeverleyG76796'),
('@ice_blockchain', '@Bidal4life'),
('@ice_blockchain', '@BigwhalesdotSOL'),
('@ice_blockchain', '@brian_k_boen'),
('@ice_blockchain', '@Canadakgw12'),
('@ice_blockchain', '@CryptoClaude22'),
('@ice_blockchain', '@cryptoconsol'),
('@ice_blockchain', '@Cryptoz_0x'),
('@ice_blockchain', '@damon_klass'),
('@ice_blockchain', '@Eidolon_Mane1'),
('@ice_blockchain', '@Enfadozita'),
('@ice_blockchain', '@ErnestChiodini'),
('@ice_blockchain', '@EsquivelSt96980'),
('@ice_blockchain', '@EsterPorte42961'),
('@ice_blockchain', '@Faysal_Hussain_'),
('@ice_blockchain', '@fording58lowe'),
('@ice_blockchain', '@guido_pucc12288'),
('@ice_blockchain', '@heisner_lon'),
('@ice_blockchain', '@JacobsLuz79392'),
('@ice_blockchain', '@JamieBooth42025'),
('@ice_blockchain', '@JewellVela31517'),
('@ice_blockchain', '@Johnpaul19439'),
('@ice_blockchain', '@KarinaLeon49178'),
('@ice_blockchain', '@littlesharp001'),
('@ice_blockchain', '@malik_zahi96996'),
('@ice_blockchain', '@Melanie68480425'),
('@ice_blockchain', '@MercedesBa97207'),
('@ice_blockchain', '@Merciful_Guy'),
('@ice_blockchain', '@MitCo4'),
('@ice_blockchain', '@NafiuBena26403'),
('@ice_blockchain', '@Naza27586327982'),
('@ice_blockchain', '@nuyungen56941'),
('@ice_blockchain', '@Onelastbreath18'),
('@ice_blockchain', '@PatelShawn2818'),
('@ice_blockchain', '@PennyLuna278467'),
('@ice_blockchain', '@PerryBeatr46819'),
('@ice_blockchain', '@philipngn'),
('@ice_blockchain', '@PollardErm75340'),
('@ice_blockchain', '@PotterThel58664'),
('@ice_blockchain', '@ProductHubAfri'),
('@ice_blockchain', '@SantorioBa8843'),
('@ice_blockchain', '@SaputraSof71982'),
('@ice_blockchain', '@Shadow_00013'),
('@ice_blockchain', '@ShahYvonne42358'),
('@ice_blockchain', '@SPadilla73879'),
('@ice_blockchain', '@SSarlotka'),
('@ice_blockchain', '@suleimansairf'),
('@ice_blockchain', '@TammyCarri38741'),
('@ice_blockchain', '@TheRareClare'),
('@ice_blockchain', '@theweb3station'),
('@ice_blockchain', '@ThuNguy76024735'),
('@ice_blockchain', '@TYoder19264'),
('@ice_blockchain', '@utwolperksuvre'),
('@ice_blockchain', '@ValarieS70747'),
('@ice_blockchain', '@ValentinaC43084'),
('@ice_blockchain', '@WalthersBette'),
('@ice_blockchain', '@wash0unwary0'),
('@ice_blockchain', '@wbKgooB'),
('@ice_blockchain', '@wesew53utgr'),
('@ice_blockchain', '@wFJUuSco8'),
('@ice_blockchain', '@WintersIna2748'),
('@ice_blockchain', '@YebraJay'),
('@solana', '@AbdyFkir'),
('@solana', '@ademhabibiadem'),
('@solana', '@aeyakovenko'),
('@solana', '@AntonyCota96745'),
('@solana', '@Austin_Federa'),
('@solana', '@Barndog_Solana'),
('@solana', '@beShaista_khan'),
('@solana', '@bushraakba75629'),
('@solana', '@CJ_Reim'),
('@solana', '@CollinsUko13275'),
('@solana', '@crypto_ita2'),
('@solana', '@Evans_Crypto'),
('@solana', '@FidelisUdenwa'),
('@solana', '@IbrahimKou10456'),
('@solana', '@johnlucky051'),
('@solana', '@KuritoSensei'),
('@solana', '@lisenok250'),
('@solana', '@louwsimon2'),
('@solana', '@mitkalenniy79'),
('@solana', '@Moustafa43'),
('@solana', '@orca_so'),
('@solana', '@ps1solanacoin'),
('@solana', '@rajgokal'),
('@solana', '@RaydiumProtocol'),
('@solana', '@Rebecca24225833'),
('@solana', '@SadeeShuayb'),
('@solana', '@ShaafiChal284'),
('@solana', '@shahadat00019'),
('@solana', '@solanamobile'),
('@solana', '@solana_daily'),
('@solana', '@solana_devs'),
('@solana', '@staratlas'),
('@solana', '@StepFinance_'),
('@solana', '@s_iffi86'),
('@solana', '@therealchaseeb'),
('@solana', '@Ukwaja86'),
('@solana', '@We_Are_YouChain'),
('@theUWBO', '@AQUH7824WIN'),
('@theUWBO', '@berabose50128'),
('@theUWBO', '@BlockchainNeyo'),
('@theUWBO', '@carsem15389'),
('@theUWBO', '@chervillbeee'),
('@theUWBO', '@Crypto__Berlin'),
('@theUWBO', '@CuanXtra'),
('@theUWBO', '@DyorExplore'),
('@theUWBO', '@easy3ntmulurek'),
('@theUWBO', '@easytoluck'),
('@theUWBO', '@hardtree3'),
('@theUWBO', '@HinardJack65196'),
('@theUWBO', '@jjncck'),
('@theUWBO', '@Kuskuskaqtus'),
('@theUWBO', '@LoicRicci'),
('@theUWBO', '@luckyrania'),
('@theUWBO', '@LummieBear'),
('@theUWBO', '@mayylucky'),
('@theUWBO', '@MrsPrathams'),
('@theUWBO', '@phvyynevv'),
('@theUWBO', '@tatertot70x'),
('@theUWBO', '@wonisxz'),
('@theUWBO', '@xraffa_e3'),
('@theUWBO', '@_ghehehe'),
('@TXblockchain_', '@alcolegacy'),
('@TXblockchain_', '@amazing_vn'),
('@TXblockchain_', '@AngelaMcle58695'),
('@TXblockchain_', '@AriesSauly'),
('@TXblockchain_', '@BitcoinPierre'),
('@TXblockchain_', '@blaketwedt'),
('@TXblockchain_', '@BrittneyW79193'),
('@TXblockchain_', '@brunnyfor3'),
('@TXblockchain_', '@BTCGandalf'),
('@TXblockchain_', '@BTCsessions'),
('@TXblockchain_', '@CaitlinLong_'),
('@TXblockchain_', '@chadeverett'),
('@TXblockchain_', '@chainwhip'),
('@TXblockchain_', '@Copenhaguen83'),
('@TXblockchain_', '@creamcurtis'),
('@TXblockchain_', '@CryptoDadLife'),
('@TXblockchain_', '@CryptoTxn'),
('@TXblockchain_', '@Crypto_Mags'),
('@TXblockchain_', '@Dennis_Porter_'),
('@TXblockchain_', '@denverbitcoin'),
('@TXblockchain_', '@diegohansgzz'),
('@TXblockchain_', '@fishbanana21'),
('@TXblockchain_', '@FossGregfoss'),
('@TXblockchain_', '@FreedomMaxii'),
('@TXblockchain_', '@HiroMyHero4'),
('@TXblockchain_', '@IIICapital'),
('@TXblockchain_', '@JCO_GOODLIFE'),
('@TXblockchain_', '@JMellerud'),
('@TXblockchain_', '@JohnAllen473255'),
('@TXblockchain_', '@JohnsonCha20110'),
('@TXblockchain_', '@josephmaloneatx'),
('@TXblockchain_', '@lee_bratcher'),
('@TXblockchain_', '@LisaSander25022'),
('@TXblockchain_', '@manojkumar305'),
('@TXblockchain_', '@matthew_pines'),
('@TXblockchain_', '@Mikey_p19'),
('@TXblockchain_', '@MiningHope'),
('@TXblockchain_', '@MMarsh83841'),
('@TXblockchain_', '@natbrunell'),
('@TXblockchain_', '@NSmolenski'),
('@TXblockchain_', '@OmonTheGreat'),
('@TXblockchain_', '@optout1971'),
('@TXblockchain_', '@OP_Timechain'),
('@TXblockchain_', '@PaulaNicho49882'),
('@TXblockchain_', '@plebiolira'),
('@TXblockchain_', '@Render2XX'),
('@TXblockchain_', '@skepticalcrypto'),
('@TXblockchain_', '@thetrocro'),
('@TXblockchain_', '@TimothyCoo35210'),
('@TXblockchain_', '@Tradingheavy'),
('@TXblockchain_', '@Trismeg81'),
('@TXblockchain_', '@utsav_agarwal'),
('@TXblockchain_', '@WalkerAmerica'),
('@VeteranOwned1', '@1968Hughesinc'),
('@VeteranOwned1', '@Aave_Angler'),
('@VeteranOwned1', '@Alexkhan160982'),
('@VeteranOwned1', '@amit_mathpati'),
('@VeteranOwned1', '@ApacheUSCLV'),
('@VeteranOwned1', '@AtikurRahaman_'),
('@VeteranOwned1', '@ATontoroiu'),
('@VeteranOwned1', '@BigBoyCrypt0'),
('@VeteranOwned1', '@BrotherCubus'),
('@VeteranOwned1', '@crypt0bitl0rd'),
('@VeteranOwned1', '@CToshi_Bull'),
('@VeteranOwned1', '@DariusJame6186'),
('@VeteranOwned1', '@DarthMemeX'),
('@VeteranOwned1', '@DAym4720'),
('@VeteranOwned1', '@DennOshi95'),
('@VeteranOwned1', '@DigitalWilly'),
('@VeteranOwned1', '@EMuhimana66921'),
('@VeteranOwned1', '@EngrIbrahim1109'),
('@VeteranOwned1', '@ExplorerAurora_'),
('@VeteranOwned1', '@HeeryB22961'),
('@VeteranOwned1', '@holly__heart'),
('@VeteranOwned1', '@Ikramuddin75932'),
('@VeteranOwned1', '@ilham_rama38748'),
('@VeteranOwned1', '@JamYounis283002'),
('@VeteranOwned1', '@Jennylush_'),
('@VeteranOwned1', '@kingmonex'),
('@VeteranOwned1', '@LittleManPower'),
('@VeteranOwned1', '@LorenzRDP'),
('@VeteranOwned1', '@MarathonDesirae'),
('@VeteranOwned1', '@Marcults_'),
('@VeteranOwned1', '@MemersCult'),
('@VeteranOwned1', '@micmos'),
('@VeteranOwned1', '@MMerazal'),
('@VeteranOwned1', '@MrDiamondhandz1'),
('@VeteranOwned1', '@MRq9QCEEntDT7'),
('@VeteranOwned1', '@Ngc11105838'),
('@VeteranOwned1', '@Patriklas00'),
('@VeteranOwned1', '@schisom911'),
('@VeteranOwned1', '@Sharp_or_Parish'),
('@VeteranOwned1', '@shuggy0shi'),
('@VeteranOwned1', '@SKoropon39604'),
('@VeteranOwned1', '@sorbelli_wayne'),
('@VeteranOwned1', '@ssthormess'),
('@VeteranOwned1', '@StephKnigh8417'),
('@VeteranOwned1', '@t0kenrace'),
('@VeteranOwned1', '@talent_hype'),
('@VeteranOwned1', '@TheAnonSC'),
('@VeteranOwned1', '@theshibdream'),
('@VeteranOwned1', '@TweetingTatum'),
('@VeteranOwned1', '@ubah_sommycee11'),
('@VeteranOwned1', '@USA777First'),
('@VeteranOwned1', '@verseArchitect'),
('@VeteranOwned1', '@vici_trades'),
('@VeteranOwned1', '@vinsta76'),
('@VeteranOwned1', '@Web3__Search'),
('@VeteranOwned1', '@wencultdao');

-- --------------------------------------------------------

--
-- Cấu trúc bảng cho bảng `followings`
--

CREATE TABLE `followings` (
  `user_id` varchar(255) NOT NULL,
  `following_user_id` varchar(255) NOT NULL
) ENGINE=InnoDB DEFAULT CHARSET=utf8mb4 COLLATE=utf8mb4_general_ci;

--
-- Đang đổ dữ liệu cho bảng `followings`
--

INSERT INTO `followings` (`user_id`, `following_user_id`) VALUES
('@Ajay8307', '@12_Gauge_Ind'),
('@Ajay8307', '@aantonop'),
('@Ajay8307', '@ardzarana'),
('@Ajay8307', '@BBGIntelligence'),
('@Ajay8307', '@BlackRock'),
('@Ajay8307', '@BlasterMaster88'),
('@Ajay8307', '@blockchainwe3'),
('@Ajay8307', '@BLOCKS_DAO'),
('@Ajay8307', '@BruceTWhite1'),
('@Ajay8307', '@CalvinWeight'),
('@Ajay8307', '@DrummerDude1969'),
('@Ajay8307', '@flyboy1075'),
('@Ajay8307', '@GeorgeASharp'),
('@Ajay8307', '@humblceo'),
('@Ajay8307', '@HumblForTheWin'),
('@Ajay8307', '@JACOBJMV'),
('@Ajay8307', '@JSeyff'),
('@Ajay8307', '@kevinconnorST'),
('@Ajay8307', '@miaflasun'),
('@Ajay8307', '@narratoio'),
('@Ajay8307', '@premium'),
('@Ajay8307', '@realallybraun'),
('@Ajay8307', '@Safety'),
('@Ajay8307', '@Scaramucci'),
('@Ajay8307', '@sheila_warren'),
('@Ajay8307', '@thedankoe'),
('@Ajay8307', '@TickerStocker'),
('@Ajay8307', '@two2tango_2'),
('@Ajay8307', '@WixStudio'),
('@Ajay8307', '@YouTubeCreators'),
('@blockchain', '@AskBlockchain'),
('@blockchain', '@bonk_inu'),
('@blockchain', '@dak'),
('@blockchain', '@dallascowboys'),
('@blockchain', '@danbookstaber'),
('@blockchain', '@DappCamp_'),
('@blockchain', '@dogwifcoin'),
('@blockchain', '@INATBA_org'),
('@blockchain', '@kasselman'),
('@blockchain', '@lornah111'),
('@blockchain', '@Memeland'),
('@blockchain', '@neiro'),
('@blockchain', '@niccary'),
('@blockchain', '@OneMorePeter'),
('@blockchain', '@peterwil'),
('@blockchain', '@POPCATSOLANA'),
('@blockchain', '@RealFlokiInu'),
('@blockchain', '@Shibtoken'),
('@blockchain', '@TheGivingBlock'),
('@blockchain', '@TurboToadToken'),
('@blockchain', '@unstoppableweb'),
('@blockchain', '@verified'),
('@blockchain', '@XSpaces'),
('@blockchain__m', '@ABC'),
('@blockchain__m', '@Adams_K1'),
('@blockchain__m', '@barakat539'),
('@blockchain__m', '@BitlayerLabs'),
('@blockchain__m', '@Bluntz_Capital'),
('@blockchain__m', '@BRisechain50'),
('@blockchain__m', '@brlienQ8'),
('@blockchain__m', '@btcterminal_'),
('@blockchain__m', '@CoinSonarBot'),
('@blockchain__m', '@Crypt0men'),
('@blockchain__m', '@DrWavetrader'),
('@blockchain__m', '@EgyHashX'),
('@blockchain__m', '@Elcopttan'),
('@blockchain__m', '@exgoland_io'),
('@blockchain__m', '@LeonidasNFT'),
('@blockchain__m', '@memecoin'),
('@blockchain__m', '@MotoswapBTC'),
('@blockchain__m', '@oraichain'),
('@blockchain__m', '@pasha_R88'),
('@blockchain__m', '@raphjaph'),
('@blockchain__m', '@rodarmor'),
('@blockchain__m', '@RunesMarketCap'),
('@blockchain__m', '@Saad4h'),
('@blockchain__m', '@SatoshiInuRunes'),
('@blockchain__m', '@Tim_4444'),
('@blockchain__m', '@tomo_social'),
('@blockchain__m', '@waves_sniper'),
('@blockchain__m', '@WinMasterz'),
('@ice_blockchain', '@AlexOnchain'),
('@ice_blockchain', '@Amoschencheng'),
('@ice_blockchain', '@BiconomyCom'),
('@ice_blockchain', '@BinanceLabs'),
('@ice_blockchain', '@BingXOfficial'),
('@ice_blockchain', '@boxmining'),
('@ice_blockchain', '@CertiK'),
('@ice_blockchain', '@Cobratate'),
('@ice_blockchain', '@cristian_is_c'),
('@ice_blockchain', '@daemon_0x'),
('@ice_blockchain', '@dfnsHQ'),
('@ice_blockchain', '@DoctorX_Meme'),
('@ice_blockchain', '@jarrodWattsDev'),
('@ice_blockchain', '@JohnCena'),
('@ice_blockchain', '@letsexchange_io'),
('@ice_blockchain', '@matthew_d_green'),
('@ice_blockchain', '@MultiversX'),
('@ice_blockchain', '@NurBrks'),
('@ice_blockchain', '@RachelConlan'),
('@ice_blockchain', '@SealSendEmail'),
('@ice_blockchain', '@Snowboy_Of_ION'),
('@ice_blockchain', '@sonnyjosh_'),
('@ice_blockchain', '@sunwaves_token'),
('@ice_blockchain', '@TeamKhabib'),
('@ice_blockchain', '@t_blom'),
('@solana', '@0xnirmal'),
('@solana', '@aeyakovenko'),
('@solana', '@at_mwagner'),
('@solana', '@Austin_Federa'),
('@solana', '@bradyowen_'),
('@solana', '@chakra_ai'),
('@solana', '@DeFi_Land'),
('@solana', '@FDLabsHQ'),
('@solana', '@getcode'),
('@solana', '@getofflinexyz'),
('@solana', '@JanaKreilein'),
('@solana', '@jump_firedancer'),
('@solana', '@JUPCatdets'),
('@solana', '@JupiterExchange'),
('@solana', '@laine_sa_'),
('@solana', '@legiondotcc'),
('@solana', '@LitProtocol'),
('@solana', '@odai_0x'),
('@solana', '@orca_so'),
('@solana', '@PARAVOX_game'),
('@solana', '@playmetalcore'),
('@solana', '@Polkadot'),
('@solana', '@rajgokal'),
('@solana', '@RaydiumProtocol'),
('@solana', '@rektech'),
('@solana', '@sns'),
('@solana', '@SolanaFndn'),
('@solana', '@solanamobile'),
('@solana', '@solana_devs'),
('@solana', '@solx_ar'),
('@solana', '@staratlas'),
('@solana', '@StepFinance_'),
('@solana', '@therealchaseeb'),
('@theUWBO', '@4plusVentures'),
('@theUWBO', '@alAmeer170'),
('@theUWBO', '@algostakes'),
('@theUWBO', '@amir1952021'),
('@theUWBO', '@Arablooded'),
('@theUWBO', '@BinanceUS'),
('@theUWBO', '@Bitstamp'),
('@theUWBO', '@BVenomclaw39780'),
('@theUWBO', '@CharlieShrem'),
('@theUWBO', '@CJ_Reim'),
('@theUWBO', '@coinlivespace'),
('@theUWBO', '@CryptoAccUK'),
('@theUWBO', '@crypto_economy'),
('@theUWBO', '@Donaotel_Ai'),
('@theUWBO', '@earnwithrk'),
('@theUWBO', '@Hayderfx_1'),
('@theUWBO', '@Hopus77'),
('@theUWBO', '@JCryptoRider'),
('@theUWBO', '@M2Exchange'),
('@theUWBO', '@niodamian'),
('@theUWBO', '@pushpendrakum'),
('@theUWBO', '@PushpendraTech'),
('@theUWBO', '@rogerkver'),
('@theUWBO', '@SatoshiPlus_'),
('@theUWBO', '@simplykashif'),
('@theUWBO', '@smtgpt'),
('@theUWBO', '@solid_launch'),
('@theUWBO', '@Tether_to'),
('@theUWBO', '@theblackkalonk'),
('@theUWBO', '@tomycryptoo_'),
('@theUWBO', '@trondao'),
('@TienCypress', '@moondust_36'),
('@TXblockchain_', '@AsicJungle'),
('@TXblockchain_', '@BANKSOCIALio'),
('@TXblockchain_', '@BitcoinPierre'),
('@TXblockchain_', '@BTCsessions'),
('@TXblockchain_', '@CaitlinLong_'),
('@TXblockchain_', '@CynthiaMLummis'),
('@TXblockchain_', '@denverbitcoin'),
('@TXblockchain_', '@Enhanced_Digi'),
('@TXblockchain_', '@ez_blockchain'),
('@TXblockchain_', '@FossGregfoss'),
('@TXblockchain_', '@gladstein'),
('@TXblockchain_', '@IIICapital'),
('@TXblockchain_', '@JasonPLowery'),
('@TXblockchain_', '@JeffBooth'),
('@TXblockchain_', '@jimmysong'),
('@TXblockchain_', '@LaRoseDigital'),
('@TXblockchain_', '@lee_bratcher'),
('@TXblockchain_', '@LetsConverge'),
('@TXblockchain_', '@MartyBent'),
('@TXblockchain_', '@natbrunell'),
('@TXblockchain_', '@NSmolenski'),
('@TXblockchain_', '@Polkadot'),
('@TXblockchain_', '@SGBarbour'),
('@TXblockchain_', '@TheBushCenter'),
('@TXblockchain_', '@thetrocro'),
('@TXblockchain_', '@WillIwaschuk'),
('@VeteranOwned1', '@amonbuy'),
('@VeteranOwned1', '@CryptoGeekNews'),
('@VeteranOwned1', '@CryptoHulk19'),
('@VeteranOwned1', '@davidgokhshtein'),
('@VeteranOwned1', '@DigitalWilly'),
('@VeteranOwned1', '@dolor3m'),
('@VeteranOwned1', '@DROPZXRP'),
('@VeteranOwned1', '@echodatruth'),
('@VeteranOwned1', '@hedera'),
('@VeteranOwned1', '@holly__heart'),
('@VeteranOwned1', '@J316crypto'),
('@VeteranOwned1', '@MrOmodulus'),
('@VeteranOwned1', '@Official_MrPool'),
('@VeteranOwned1', '@realXRPwhale'),
('@VeteranOwned1', '@RizXRP'),
('@VeteranOwned1', '@shibalution'),
('@VeteranOwned1', '@shibaverse_io'),
('@VeteranOwned1', '@Shibtoken'),
('@VeteranOwned1', '@ShytoshiKusama'),
('@VeteranOwned1', '@UniverseTwenty'),
('@VeteranOwned1', '@USDebtClock_org'),
('@VeteranOwned1', '@VitalikButerin'),
('@VeteranOwned1', '@WatcherGuru'),
('@VeteranOwned1', '@wearecultdao'),
('@VeteranOwned1', '@XDCFoundation'),
('@VeteranOwned1', '@XFamily369'),
('@VeteranOwned1', '@XRP_DigiGold');

-- --------------------------------------------------------

--
-- Cấu trúc bảng cho bảng `hashtags`
--

CREATE TABLE `hashtags` (
  `hashtag_id` varchar(255) NOT NULL,
  `hashtag_name` varchar(255) DEFAULT NULL
) ENGINE=InnoDB DEFAULT CHARSET=utf8mb4 COLLATE=utf8mb4_general_ci;

-- --------------------------------------------------------

--
-- Cấu trúc bảng cho bảng `mentions`
--

CREATE TABLE `mentions` (
  `mention_id` varchar(255) NOT NULL,
  `user_id` varchar(255) DEFAULT NULL,
  `tweet_id` varchar(255) DEFAULT NULL
) ENGINE=InnoDB DEFAULT CHARSET=utf8mb4 COLLATE=utf8mb4_general_ci;

-- --------------------------------------------------------

--
-- Cấu trúc bảng cho bảng `reposts`
--

CREATE TABLE `reposts` (
  `respost_id` varchar(255) NOT NULL,
  `user_id` varchar(255) DEFAULT NULL,
  `tweet_id` varchar(255) DEFAULT NULL,
  `parent_tweet_id` varchar(255) DEFAULT NULL,
  `type` varchar(255) DEFAULT NULL,
  `content` text DEFAULT NULL
) ENGINE=InnoDB DEFAULT CHARSET=utf8mb4 COLLATE=utf8mb4_general_ci;

-- --------------------------------------------------------

--
-- Cấu trúc bảng cho bảng `tweets`
--

CREATE TABLE `tweets` (
  `tweet_id` varchar(255) NOT NULL,
  `created_at` timestamp NOT NULL DEFAULT current_timestamp() ON UPDATE current_timestamp(),
  `content` varchar(255) DEFAULT NULL,
  `media` text DEFAULT NULL,
  `comment_cnt` int(11) DEFAULT 0,
  `repost_cnt` int(11) DEFAULT 0,
  `like_cnt` int(11) DEFAULT 0,
  `view_cnt` int(11) DEFAULT 0,
  `saved_at` timestamp NOT NULL DEFAULT current_timestamp(),
  `updated_at` timestamp NOT NULL DEFAULT current_timestamp() ON UPDATE current_timestamp()
) ENGINE=InnoDB DEFAULT CHARSET=utf8mb4 COLLATE=utf8mb4_general_ci;

-- --------------------------------------------------------

--
-- Cấu trúc bảng cho bảng `tweet_have_hashtags`
--

CREATE TABLE `tweet_have_hashtags` (
  `have_hashtag_id` varchar(255) NOT NULL,
  `hashtag_id` varchar(255) DEFAULT NULL,
  `tweet_id` varchar(255) DEFAULT NULL
) ENGINE=InnoDB DEFAULT CHARSET=utf8mb4 COLLATE=utf8mb4_general_ci;

-- --------------------------------------------------------

--
-- Cấu trúc bảng cho bảng `users`
--

CREATE TABLE `users` (
  `user_id` varchar(255) NOT NULL,
  `username` varchar(255) DEFAULT NULL,
  `role` varchar(255) DEFAULT NULL,
  `joined_at` timestamp NOT NULL DEFAULT current_timestamp() ON UPDATE current_timestamp(),
  `following` int(11) DEFAULT 0,
  `follower` int(11) DEFAULT 0,
  `posts_cnt` int(11) DEFAULT 0,
  `saved_at` timestamp NOT NULL DEFAULT current_timestamp(),
  `updated_at` timestamp NOT NULL DEFAULT current_timestamp() ON UPDATE current_timestamp()
) ENGINE=InnoDB DEFAULT CHARSET=utf8mb4 COLLATE=utf8mb4_general_ci;

--
-- Đang đổ dữ liệu cho bảng `users`
--

INSERT INTO `users` (`user_id`, `username`, `role`, `joined_at`, `following`, `follower`, `posts_cnt`, `saved_at`, `updated_at`) VALUES
('@0xnirmal', 'Nirmal Krishnan (building arc ', 'User', '2020-07-31 17:00:00', 2894, 1227, 763, '2024-12-06 16:45:36', '2024-12-06 16:45:36'),
('@12_Gauge_Ind', '12 Gauge Industries', 'User', '2016-01-31 17:00:00', 1014, 1007, 3985, '2024-12-06 16:20:30', '2024-12-06 16:20:30'),
('@1968Hughesinc', 'Robert_H', 'KOL', '2022-01-31 17:00:00', 1630, 729, 10400, '2024-12-06 16:01:22', '2024-12-06 16:01:22'),
('@30A4life', '#30A', 'KOL', '2011-03-31 17:00:00', 1845, 758, 8338, '2024-12-06 16:30:29', '2024-12-06 16:30:29'),
('@4plusVentures', '4+Ventures', 'KOL', '2024-03-31 17:00:00', 31, 3152, 289, '2024-12-06 17:00:13', '2024-12-06 17:00:13'),
('@7dS0Q9wQOf0Wyc9', 'MarjorieLandon', 'User', '2024-02-29 17:00:00', 6300, 28, 0, '2024-12-06 16:30:15', '2024-12-06 16:30:15'),
('@7lKz1S5997yU9E', 'VanessaMac-', 'User', '2024-04-30 17:00:00', 4432, 18, 0, '2024-12-06 16:14:31', '2024-12-06 16:14:31'),
('@8tQ9kGIbHLZCr', 'WinniSweet', 'User', '2024-03-31 17:00:00', 4861, 13, 0, '2024-12-06 16:28:21', '2024-12-06 16:28:21'),
('@aantonop', 'Andreas (aantonop Team)', 'KOL', '2013-04-30 17:00:00', 1, 769500, 30600, '2024-12-06 16:24:26', '2024-12-06 16:24:26'),
('@Aave_Angler', 'Aave Anglerfish', 'User', '2023-07-31 17:00:00', 373, 30, 1123, '2024-12-06 15:59:47', '2024-12-06 15:59:47'),
('@ABC', 'ABC News', 'KOL', '2009-03-31 17:00:00', 432, 17800000, 461100, '2024-12-06 16:09:33', '2024-12-06 16:09:33'),
('@AbdyFkir', 'Abdy Fkir', 'User', '2024-05-31 17:00:00', 330, 9, 195, '2024-12-06 16:57:38', '2024-12-06 16:57:38'),
('@Abeni_sol', 'Abenezer Solomon ', 'User', '2022-08-31 17:00:00', 115, 2, 8, '2024-12-06 17:12:58', '2024-12-06 17:12:58'),
('@abeysama', 'AB', 'User', '2009-03-31 17:00:00', 998, 565, 12100, '2024-12-06 15:45:45', '2024-12-06 15:45:45'),
('@Adams_K1', 'Adam kamal', 'KOL', '2017-02-28 17:00:00', 46, 87900, 12300, '2024-12-06 16:01:54', '2024-12-06 16:01:54'),
('@ademhabibiadem', 'adem', 'User', '2012-03-31 17:00:00', 378, 14, 158, '2024-12-06 16:58:55', '2024-12-06 16:58:55'),
('@Adewalebolujose', 'Adewale Boluwatife', 'KOL', '2023-12-31 17:00:00', 1310, 302, 201, '2024-12-06 16:17:51', '2024-12-06 16:17:51'),
('@aeyakovenko', 'toly ', 'KOL', '2014-01-31 17:00:00', 5535, 437500, 86100, '2024-12-06 16:44:37', '2024-12-06 16:44:37'),
('@AikirizaM', 'Aikiriza Mark', 'KOL', '2013-11-30 17:00:00', 4938, 738, 8130, '2024-12-06 15:45:19', '2024-12-06 15:45:19'),
('@Ajay8307', 'Ajay Tomar - Blockchain & Web3 Solopreneur', 'KOL', '2009-08-31 17:00:00', 1550, 1015, 2623, '2024-12-06 16:19:13', '2024-12-06 16:19:13'),
('@akshay_kurhekar', 'Akshay Kurhekar', 'User', '2021-10-31 17:00:00', 121, 17, 46, '2024-12-06 16:12:17', '2024-12-06 16:12:17'),
('@alAmeer170', 'Al Ameer of DLTAfrica ', 'User', '2022-01-31 17:00:00', 183, 360, 1502, '2024-12-06 17:01:56', '2024-12-06 17:01:56'),
('@alcolegacy', 'pedro.i.alcocer.jr', 'KOL', '2024-10-31 17:00:00', 299, 50, 20, '2024-12-06 16:42:28', '2024-12-06 16:42:28'),
('@alesawi2', 'Som9', 'KOL', '2012-06-30 17:00:00', 1389, 164, 2272, '2024-12-06 16:19:07', '2024-12-06 16:19:07'),
('@Alexkhan160982', 'Alex khan', 'User', '2024-03-31 17:00:00', 287, 32, 3, '2024-12-06 15:57:46', '2024-12-06 15:57:46'),
('@AlexOnchain', 'Alex', 'KOL', '2022-03-31 17:00:00', 1652, 35400, 9557, '2024-12-06 17:12:05', '2024-12-06 17:12:05'),
('@algostakes', 'AlgoStakes®', 'User', '2018-01-31 17:00:00', 51, 7, 2, '2024-12-06 16:59:38', '2024-12-06 16:59:38'),
('@alixxx332', 'Aleksander', 'KOL', '2012-05-31 17:00:00', NULL, NULL, 2323, '2024-12-06 16:19:04', '2024-12-06 16:19:04'),
('@amazing_vn', 'Hunting', 'User', '2020-01-31 17:00:00', 4335, 2643, 1733, '2024-12-06 16:42:16', '2024-12-06 16:42:16'),
('@amir1952021', 'Amir ali', 'User', '2023-08-31 17:00:00', 577, 151, 627, '2024-12-06 17:01:20', '2024-12-06 17:01:20'),
('@amitkulal07', 'Amit kulal', 'User', '2024-09-30 17:00:00', 217, 2, 2, '2024-12-06 16:13:13', '2024-12-06 16:13:13'),
('@amit_mathpati', 'MATHPATI AMIT', 'User', '2024-08-31 17:00:00', 16, 2, 0, '2024-12-06 15:58:52', '2024-12-06 15:58:52'),
('@amonbuy', 'Amonyx', 'KOL', '2017-09-30 17:00:00', 353, 136900, 70800, '2024-12-06 15:54:18', '2024-12-06 15:54:18'),
('@Amoschencheng', '陈成Amos', 'KOL', '2021-01-31 17:00:00', 2471, 5217, 143, '2024-12-06 17:11:18', '2024-12-06 17:11:18'),
('@AndrewMcCurdy2', 'life Liberty & Happiness', 'KOL', '2012-08-31 17:00:00', 2674, 946, 7104, '2024-12-06 16:30:35', '2024-12-06 16:30:35'),
('@AngelaMcle58695', 'Angela Mclean', 'User', '2024-10-31 17:00:00', 1, 0, 0, '2024-12-06 16:42:50', '2024-12-06 16:42:50'),
('@AnitaB87859', 'Anita Barnett', 'User', '2024-11-30 17:00:00', 13, 0, 2, '2024-12-06 17:18:19', '2024-12-06 17:18:19'),
('@anthros77', 'Anthony Parascandola', 'User', '2014-08-31 17:00:00', 237, 45, 164, '2024-12-06 15:45:18', '2024-12-06 15:45:18'),
('@AntonyCota96745', 'jose Antony paredes cotamo', 'User', '2024-05-31 17:00:00', 176, 11, 174, '2024-12-06 16:57:27', '2024-12-06 16:57:27'),
('@ApacheUSCLV', 'Scotty Knows!!!', 'KOL', '2018-03-31 17:00:00', 3240, 3812, 7706, '2024-12-06 16:01:37', '2024-12-06 16:01:37'),
('@AQUH7824WIN', 'Cyape', 'KOL', '2022-10-31 17:00:00', 1622, 352, 47800, '2024-12-06 17:03:45', '2024-12-06 17:03:45'),
('@Arablooded', 'Oxygen_Web3', 'User', '2024-05-31 17:00:00', 134, 125, 1664, '2024-12-06 17:00:24', '2024-12-06 17:00:24'),
('@ardzarana', 'Alfonso Arana', 'KOL', '2021-10-31 17:00:00', 74, 2197, 215, '2024-12-06 16:21:17', '2024-12-06 16:21:17'),
('@AriesSauly', 'SaulyAries.eth', 'KOL', '2021-10-31 17:00:00', 2071, 199, 5197, '2024-12-06 16:43:57', '2024-12-06 16:43:57'),
('@AsicJungle', 'Asic Jungle', 'KOL', '2020-08-31 17:00:00', 234, 2411, 935, '2024-12-06 16:39:24', '2024-12-06 16:39:24'),
('@AskBlockchain', 'Blockchain.com Support', 'KOL', '2017-01-31 17:00:00', 9, 58800, 10000, '2024-12-06 15:40:06', '2024-12-06 15:40:06'),
('@AtikurRahaman_', 'Atikur', 'KOL', '2013-06-30 17:00:00', 1349, 494, 839, '2024-12-06 16:01:45', '2024-12-06 16:01:45'),
('@ATontoroiu', 'BeboShib', 'KOL', '2021-12-31 17:00:00', 393, 232, 289, '2024-12-06 16:01:06', '2024-12-06 16:01:06'),
('@attai_sule93', 'Suleiman Attai', 'User', '2024-08-31 17:00:00', 466, 21, 5, '2024-12-06 15:42:54', '2024-12-06 15:42:54'),
('@at_mwagner', 'SW4GN3R, CFA', 'KOL', '2017-07-31 17:00:00', 1133, 34200, 12500, '2024-12-06 16:44:49', '2024-12-06 16:44:49'),
('@aumick_raymond', 'Raymond Aumick $GARBAGE', 'User', '2023-02-28 17:00:00', 81, 7, 45, '2024-12-06 17:20:00', '2024-12-06 17:20:00'),
('@Austin_Federa', 'Austin Federa | IBRL | ', 'KOL', '2009-04-30 17:00:00', 1931, 118700, 29700, '2024-12-06 16:44:43', '2024-12-06 16:44:43'),
('@Ayyub_1979', 'Ayyub', 'User', '2024-04-30 17:00:00', 298, 35, 6, '2024-12-06 16:11:11', '2024-12-06 16:11:11'),
('@BalitokCapital', 'Balitok', 'KOL', '2021-03-31 17:00:00', 2804, 5459, 4057, '2024-12-06 16:30:22', '2024-12-06 16:30:22'),
('@BANKSOCIALio', 'BankSocial.io', 'KOL', '2021-03-31 17:00:00', 141, 20000, 1749, '2024-12-06 16:31:55', '2024-12-06 16:31:55'),
('@barakat539', 'khaled barakat', 'KOL', '2009-12-31 17:00:00', 1395, 100500, 16200, '2024-12-06 16:02:17', '2024-12-06 16:02:17'),
('@Barndog_Solana', 'Barndog', 'KOL', '2016-05-31 17:00:00', 935, 55100, 5506, '2024-12-06 16:55:24', '2024-12-06 16:55:24'),
('@BBGIntelligence', 'Bloomberg Intelligence', 'KOL', '2022-09-30 17:00:00', 82, 6670, 560, '2024-12-06 16:23:53', '2024-12-06 16:23:53'),
('@berabose50128', 'Berabose Theogene', 'User', '2023-09-30 17:00:00', 272, 7, 16, '2024-12-06 16:11:55', '2024-12-06 16:11:55'),
('@beratkanbero', 'Berat Kanber', 'KOL', '2013-10-31 17:00:00', 1558, 240, 2258, '2024-12-06 16:19:09', '2024-12-06 16:19:09'),
('@BerryHandl23292', 'Berry Handler', 'User', '2024-07-31 17:00:00', 326, 243, 510, '2024-12-06 16:12:28', '2024-12-06 16:12:28'),
('@beShaista_khan', 'Shaista Almas', 'KOL', '2017-04-30 17:00:00', NULL, NULL, 1714, '2024-12-06 16:59:16', '2024-12-06 16:59:16'),
('@BettyCasti86245', 'Betty Castillo', 'User', '2024-11-30 17:00:00', 13, 0, 2, '2024-12-06 17:16:47', '2024-12-06 17:16:47'),
('@BeverleyG76796', 'Beverley Garcia', 'User', '2024-11-30 17:00:00', 13, 0, 5, '2024-12-06 17:16:24', '2024-12-06 17:16:24'),
('@BiconomyCom', 'Biconomy', 'User', '2019-07-31 17:00:00', 524, 270100, 9437, '2024-12-06 17:12:03', '2024-12-06 17:12:03'),
('@Bidal4life', 'Reverse Truth', 'KOL', '2021-06-30 17:00:00', 6350, 11400, 32600, '2024-12-06 17:21:58', '2024-12-06 17:21:58'),
('@BigBoyCrypt0', 'Big Boy Crypto', 'User', '2023-06-30 17:00:00', 295, 20, 1087, '2024-12-06 15:59:58', '2024-12-06 15:59:58'),
('@BigwhalesdotSOL', 'Bigwhales.SOL', 'KOL', '2020-03-31 17:00:00', 1229, 381, 4820, '2024-12-06 17:22:45', '2024-12-06 17:22:45'),
('@BinanceLabs', 'Binance Labs Fund', 'KOL', '2018-01-31 17:00:00', 334, 672400, 1196, '2024-12-06 17:11:15', '2024-12-06 17:11:15'),
('@BinanceUS', 'Binance.US ', 'KOL', '2019-03-31 17:00:00', 157, 469300, 11400, '2024-12-06 15:40:42', '2024-12-06 17:00:12'),
('@BingXOfficial', 'BingX', 'KOL', '2013-11-30 17:00:00', 324, 899700, 8868, '2024-12-06 17:11:37', '2024-12-06 17:11:37'),
('@bitbestdex', 'Crypto Lawyer', 'KOL', '2023-09-30 17:00:00', 1828, 247, 164, '2024-12-06 16:17:53', '2024-12-06 16:17:53'),
('@BitcoinPierre', 'Pierre Rochard', 'KOL', '2021-11-30 17:00:00', 3942, 64600, 19600, '2024-12-06 16:31:43', '2024-12-06 16:31:43'),
('@BitlayerLabs', 'Bitlayer', 'KOL', '2023-11-30 17:00:00', 299, 584700, 1310, '2024-12-06 16:08:53', '2024-12-06 16:08:53'),
('@Bitstamp', 'Bitstamp', 'KOL', '2011-07-31 17:00:00', 197, 508700, 8293, '2024-12-06 16:59:39', '2024-12-06 16:59:39'),
('@BlackRock', 'BlackRock', 'KOL', '2009-02-28 17:00:00', 826, 887400, 16300, '2024-12-06 16:23:56', '2024-12-06 16:23:56'),
('@blaketwedt', 'blake twedt', 'User', '2012-12-31 17:00:00', 1253, 424, 4, '2024-12-06 16:42:39', '2024-12-06 16:42:39'),
('@BlasterMaster88', '𝘽𝙡𝙖𝙨𝙩𝙚𝙧𝙈𝙖𝙨𝙩𝙚𝙧.⁸⁸⁸ ', 'User', '2020-10-31 17:00:00', 919, 1694, 9809, '2024-12-06 16:20:53', '2024-12-06 16:20:53'),
('@blockchain', 'Blockchain.com', 'KOL', '2010-02-28 17:00:00', 46, 1300000, 15700, '2024-12-06 15:38:27', '2024-12-06 15:38:27'),
('@BlockchainNeyo', 'Blockchain Neyo - Hiring - Web3 DeFi NFT Metaverse', 'KOL', '2022-05-31 17:00:00', 460, 315, 1338, '2024-12-06 17:02:46', '2024-12-06 17:02:46'),
('@blockchainwe3', 'Blockchain and Web3 Insights', 'User', '2023-08-31 17:00:00', 96, 101, 29, '2024-12-06 16:24:25', '2024-12-06 16:24:25'),
('@blockchain__m', 'Blockchain', 'KOL', '2016-01-31 17:00:00', 812, 2378, 731, '2024-12-06 16:01:46', '2024-12-06 16:01:46'),
('@Blockspot_io', 'Blockspot.io', 'KOL', '2018-02-28 17:00:00', 4827, 1877, 3136, '2024-12-06 15:44:47', '2024-12-06 15:44:47'),
('@BLOCKS_DAO', 'BLOCKS', 'User', '2021-05-31 17:00:00', 106, 14700, 1883, '2024-12-06 16:19:43', '2024-12-06 16:19:43'),
('@Bluntz_Capital', 'Bluntz', 'KOL', '2017-11-30 17:00:00', 1692, 303400, 29000, '2024-12-06 16:02:36', '2024-12-06 16:02:36'),
('@bmcmanes', 'Bobby', 'KOL', '2011-05-31 17:00:00', 1249, 861, 216, '2024-12-06 16:30:17', '2024-12-06 16:30:17'),
('@bonk_inu', 'BONK!!!', 'KOL', '2022-06-30 17:00:00', 319, 364600, 5837, '2024-12-06 15:38:36', '2024-12-06 15:38:36'),
('@boxmining', 'Boxmining', 'KOL', '2017-02-28 17:00:00', 5584, 228800, 20200, '2024-12-06 17:12:04', '2024-12-06 17:12:04'),
('@BoyKing52969', 'John King', 'KOL', '2024-04-30 17:00:00', 898, 176, 346, '2024-12-06 15:44:55', '2024-12-06 15:44:55'),
('@BradKnowsHVAC', ' Brad KNOWS #HVAC & #Fishing', 'KOL', '2021-09-30 17:00:00', 897, 2621, 6907, '2024-12-06 16:30:23', '2024-12-06 16:30:23'),
('@bradyowen_', 'brady', 'KOL', '2020-12-31 17:00:00', 892, 2220, 3150, '2024-12-06 16:45:42', '2024-12-06 16:45:42'),
('@brian_k_boen', 'Brian Boen', 'KOL', '2016-03-31 17:00:00', 1865, 1923, 558, '2024-12-06 17:22:03', '2024-12-06 17:22:03'),
('@BRisechain50', 'قناص جواهر العملات الرقمية', 'User', '2021-02-28 17:00:00', 3557, 34500, 9799, '2024-12-06 16:02:16', '2024-12-06 16:02:16'),
('@BrittneyW79193', 'Brittney White', 'User', '2024-10-31 17:00:00', 4, 0, 0, '2024-12-06 16:42:04', '2024-12-06 16:42:04'),
('@brlienQ8', 'سـعد', 'User', '2017-03-31 17:00:00', 867, 92400, 23500, '2024-12-06 16:02:34', '2024-12-06 16:02:34'),
('@BrotherCubus', 'Cubus ', 'KOL', '2021-09-30 17:00:00', 3220, 3195, 15900, '2024-12-06 15:56:16', '2024-12-06 15:56:16'),
('@BruceTWhite1', 'Bruce T White', 'User', '2021-03-31 17:00:00', 1009, 1695, 7740, '2024-12-06 16:20:19', '2024-12-06 16:20:19'),
('@brunnyfor3', 'brunnyfor3', 'User', '2024-10-31 17:00:00', 83, 55, 100, '2024-12-06 16:41:42', '2024-12-06 16:41:42'),
('@BTCGandalf', 'Daniel Sempere Pico', 'KOL', '2021-01-31 17:00:00', 4329, 85400, 54000, '2024-12-06 16:40:16', '2024-12-06 16:40:16'),
('@BTCsessions', 'BTC Sessions ', 'KOL', '2013-12-31 17:00:00', 5688, 145000, 54400, '2024-12-06 16:31:14', '2024-12-06 16:31:14'),
('@btcterminal_', 'BtcTerminal', 'KOL', '2024-01-31 17:00:00', 96, 98100, 1288, '2024-12-06 16:09:21', '2024-12-06 16:09:21'),
('@BTCTN', 'Bitcoin.com News', 'KOL', '2015-06-30 17:00:00', 956, 3000000, 53900, '2024-12-06 15:40:39', '2024-12-06 15:40:39'),
('@bushraakba75629', 'bushra akbar', 'User', '2023-11-30 17:00:00', 104, 3, 15, '2024-12-06 16:56:54', '2024-12-06 16:56:54'),
('@BVenomclaw39780', 'Blockchain | VenomClaw', 'User', '2024-07-31 17:00:00', 4, 2, 13, '2024-12-06 17:02:18', '2024-12-06 17:02:18'),
('@CaitlinLong_', 'Caitlin Long ', 'KOL', '2016-03-31 17:00:00', 3776, 235200, 25700, '2024-12-06 16:31:16', '2024-12-06 16:31:16'),
('@CalvinWeight', 'Calvin Weight', 'KOL', '2019-03-31 17:00:00', 529, 10800, 2619, '2024-12-06 16:20:42', '2024-12-06 16:20:42'),
('@Canadakgw12', 'Bashar Umar Kangiwa', 'User', '2024-11-30 17:00:00', 5, 0, 0, '2024-12-06 17:19:49', '2024-12-06 17:19:49'),
('@carsem15389', 'Carsem Rindang', 'User', '2024-09-30 17:00:00', 676, 118, 1797, '2024-12-06 17:02:58', '2024-12-06 17:02:58'),
('@CertiK', 'CertiK', 'KOL', '2018-04-30 17:00:00', 1319, 465400, 6721, '2024-12-06 17:11:36', '2024-12-06 17:11:36'),
('@chadeverett', 'GigaChad', 'KOL', '2011-04-30 17:00:00', 353, 10300, 8532, '2024-12-06 16:40:36', '2024-12-06 16:40:36'),
('@chainwhip', 'ChainWhip', 'KOL', '2008-03-31 17:00:00', 838, 62, 1894, '2024-12-06 16:44:23', '2024-12-06 16:44:23'),
('@chakra_ai', 'Chakra Labs', 'KOL', '2024-05-31 17:00:00', 8, 636, 6, '2024-12-06 16:45:25', '2024-12-06 16:45:25'),
('@CharlieShrem', 'Charlie Shrem', 'KOL', '2009-02-28 17:00:00', 1084, 256200, 20900, '2024-12-06 16:59:41', '2024-12-06 16:59:41'),
('@chervillbeee', ' lucky squidweird ', 'KOL', '2012-03-31 17:00:00', 3983, 230, 31500, '2024-12-06 17:03:47', '2024-12-06 17:03:47'),
('@CJ_Reim', 'CJ Reim', 'KOL', '2009-02-28 17:00:00', 1465, 111700, 1215, '2024-12-06 15:40:43', '2024-12-06 17:00:11'),
('@Cobratate', 'Andrew Tate', 'KOL', '2011-06-30 17:00:00', 1037, 10400000, 16500, '2024-12-06 17:11:17', '2024-12-06 17:11:17'),
('@CoinDesk', 'CoinDesk', 'KOL', '2013-03-31 17:00:00', 1692, 3200000, 130700, '2024-12-06 15:40:38', '2024-12-06 15:40:38'),
('@coinlivespace', 'CoinLIVEspace', 'KOL', '2022-12-31 17:00:00', 578, 565, 13200, '2024-12-06 17:01:45', '2024-12-06 17:01:45'),
('@CoinSonarBot', 'Coin Sonar V2', 'KOL', '2019-04-30 17:00:00', 65, 27700, 36700, '2024-12-06 16:08:52', '2024-12-06 16:08:52'),
('@Cointelegraph', 'Cointelegraph', 'KOL', '2013-10-31 17:00:00', 1204, 2400000, 151100, '2024-12-06 15:40:37', '2024-12-06 15:40:37'),
('@CollinsUko13275', 'ukoh collins', 'User', '2024-06-30 17:00:00', 373, 2, 175, '2024-12-06 16:55:36', '2024-12-06 16:55:36'),
('@Copenhaguen83', 'Aaron Copenhaguen ', 'KOL', '2009-04-30 17:00:00', 1014, 2058, 11400, '2024-12-06 16:43:33', '2024-12-06 16:43:33'),
('@creamcurtis', 'Cream Curtis', 'KOL', '2008-11-30 17:00:00', 10100, 23900, 14400, '2024-12-06 16:43:30', '2024-12-06 16:43:30'),
('@cristian_is_c', 'Cristian', 'KOL', '2011-12-31 17:00:00', 602, 3055, 5024, '2024-12-06 17:12:13', '2024-12-06 17:12:13'),
('@crypt0bitl0rd', 'Crypto Bitlord', 'User', '2023-06-30 17:00:00', 278, 70, 1452, '2024-12-06 16:01:04', '2024-12-06 16:01:04'),
('@Crypt0men', '#btc #nft #defi', 'User', '2010-04-30 17:00:00', 963, 87900, 33900, '2024-12-06 16:02:05', '2024-12-06 16:02:05'),
('@CryptoAccUK', 'Crypto Accountants & Advisors', 'User', '2021-10-31 17:00:00', 289, 74, 508, '2024-12-06 17:01:44', '2024-12-06 17:01:44'),
('@CryptoClaude22', 'Crypto Claude', 'KOL', '2021-12-31 17:00:00', 2613, 1530, 2733, '2024-12-06 17:22:46', '2024-12-06 17:22:46'),
('@cryptoconsol', 'Crypto Console', 'KOL', '2021-03-31 17:00:00', 1623, 549, 4214, '2024-12-06 17:21:59', '2024-12-06 17:21:59'),
('@CryptoDadLife', 'CryptoDadLife', 'KOL', '2009-01-31 17:00:00', 4478, 1048, 15000, '2024-12-06 16:44:24', '2024-12-06 16:44:24'),
('@CryptoDaFuq', 'CryptoDab', 'KOL', '2018-03-31 17:00:00', 3251, 905, 564, '2024-12-06 15:44:46', '2024-12-06 15:44:46'),
('@CryptoGeekNews', 'CryptoGeek', 'KOL', '2021-03-31 17:00:00', 378, 58400, 5327, '2024-12-06 15:54:37', '2024-12-06 15:54:37'),
('@CryptoHulk19', 'Crypto Hulk', 'KOL', '2021-08-31 17:00:00', 253, 38000, 8636, '2024-12-06 15:54:16', '2024-12-06 15:54:16'),
('@CryptooIndia', 'Crypto India', 'KOL', '2017-11-30 17:00:00', 741, 356100, 8554, '2024-12-06 15:40:41', '2024-12-06 15:40:41'),
('@CryptoSilvFox', 'Guido Schmitz', 'KOL', '2023-07-31 17:00:00', 1217, 168, 404, '2024-12-06 16:18:27', '2024-12-06 16:18:27'),
('@CryptoSlav__', 'Crypto Slav', 'KOL', '2020-11-30 17:00:00', 372, 124, 451, '2024-12-06 15:44:49', '2024-12-06 15:44:49'),
('@CryptoTxn', 'T', 'KOL', '2012-12-31 17:00:00', 2246, 1555, 3047, '2024-12-06 16:43:14', '2024-12-06 16:43:14'),
('@Cryptoz_0x', 'Cryptoz_0x', 'KOL', '2018-12-31 17:00:00', 1886, 6647, 293, '2024-12-06 17:22:05', '2024-12-06 17:22:05'),
('@crypto_economy', 'CryptoEconomy', 'User', '2016-10-31 17:00:00', 511, 8100, 14700, '2024-12-06 17:01:09', '2024-12-06 17:01:09'),
('@crypto_ita2', 'Alessandro Mazza', 'KOL', '2020-12-31 17:00:00', 1025, 57300, 13400, '2024-12-06 16:55:18', '2024-12-06 16:55:18'),
('@Crypto_Mags', 'MAGS ', 'KOL', '2017-06-30 17:00:00', 2298, 26200, 18400, '2024-12-06 16:40:34', '2024-12-06 16:40:34'),
('@Crypto__Berlin', 'CRYPTO BERLIN', 'KOL', '2023-01-31 17:00:00', 8867, 55000, 52900, '2024-12-06 17:03:48', '2024-12-06 17:03:48'),
('@CToshi_Bull', '𝕏', 'User', '2020-06-30 17:00:00', 1074, 873, 14000, '2024-12-06 16:01:33', '2024-12-06 16:01:33'),
('@CuanXtra', '✿Vexana ', 'KOL', '2021-05-31 17:00:00', 4148, 138, 27000, '2024-12-06 17:03:53', '2024-12-06 17:03:53'),
('@CynthiaMLummis', 'Cynthia Lummis ', 'KOL', '2019-05-31 17:00:00', 508, 102700, 3467, '2024-12-06 16:31:42', '2024-12-06 16:31:42'),
('@daemon_0x', '0xDaemon', 'User', '2024-04-30 17:00:00', 17, 15100, 36, '2024-12-06 17:11:51', '2024-12-06 17:11:51'),
('@dak', 'Dak Prescott', 'KOL', '2011-09-30 17:00:00', 741, 1400000, 4012, '2024-12-06 15:39:09', '2024-12-06 15:39:09'),
('@Daks_Gunaratne', 'Daks Gunaratne', 'KOL', '2024-07-31 17:00:00', 5047, 1971, 5559, '2024-12-06 16:30:26', '2024-12-06 16:30:26'),
('@dallascowboys', 'Dallas Cowboys', 'KOL', '2007-08-31 17:00:00', 249, 4400000, 84800, '2024-12-06 15:39:21', '2024-12-06 15:39:21'),
('@damon_klass', 'Damon Klass $GARBAGE', 'User', '2023-02-28 17:00:00', 84, 3, 39, '2024-12-06 17:15:15', '2024-12-06 17:15:15'),
('@danbookstaber', 'Daniel Bookstaber', 'User', '2009-05-31 17:00:00', 135, 450, 8, '2024-12-06 15:39:54', '2024-12-06 15:39:54'),
('@DanielWhitters', 'Daniel Whittington', 'KOL', '2009-10-31 17:00:00', 3668, 787, 2935, '2024-12-06 15:45:33', '2024-12-06 15:45:33'),
('@DappCamp_', 'DappCamp', 'User', '2021-12-31 17:00:00', 20, 2970, 723, '2024-12-06 15:39:20', '2024-12-06 15:39:20'),
('@DariusJame6186', 'Darius James', 'User', '2024-02-29 17:00:00', 47, 3, 3, '2024-12-06 15:59:25', '2024-12-06 15:59:25'),
('@DarthMemeX', 'Darth_Meme', 'KOL', '2021-04-30 17:00:00', 1211, 28500, 66900, '2024-12-06 15:55:40', '2024-12-06 15:55:40'),
('@davidgokhshtein', 'David Gokhshtein', 'KOL', '2010-06-30 17:00:00', 444, 778800, 141200, '2024-12-06 15:46:18', '2024-12-06 15:46:18'),
('@DAym4720', 'DeeSHIB', 'KOL', '2020-04-30 17:00:00', 8038, 8637, 50000, '2024-12-06 16:01:43', '2024-12-06 16:01:43'),
('@dbooo99', 'abdulrahman', 'KOL', '2011-02-28 17:00:00', 3312, 687, 3887, '2024-12-06 16:18:28', '2024-12-06 16:18:28'),
('@DeanParryIP', 'Dean Parry', 'KOL', '2018-10-31 17:00:00', 4169, 639, 1247, '2024-12-06 16:16:22', '2024-12-06 16:16:22'),
('@DeFi_Land', 'DeFi Land', 'KOL', '2021-04-30 17:00:00', 814, 90100, 3785, '2024-12-06 16:44:55', '2024-12-06 16:44:55'),
('@Dennis_Porter_', 'Dennis Porter', 'KOL', '2020-07-31 17:00:00', 3631, 196500, 23700, '2024-12-06 16:39:58', '2024-12-06 16:39:58'),
('@DennOshi95', 'DennOshi | Dennis ', 'User', '2021-08-31 17:00:00', 4025, 1465, 10700, '2024-12-06 15:56:28', '2024-12-06 15:56:28'),
('@denverbitcoin', 'Adam O', 'User', '2018-07-31 17:00:00', 1589, 63900, 70600, '2024-12-06 16:31:40', '2024-12-06 16:31:40'),
('@dfnsHQ', 'Dfns', 'KOL', '2021-03-31 17:00:00', 2, 1734, 361, '2024-12-06 17:12:07', '2024-12-06 17:12:07'),
('@diegohansgzz', 'diegohans.eth', 'KOL', '2014-11-30 17:00:00', 3059, 1362, 1640, '2024-12-06 16:43:28', '2024-12-06 16:43:28'),
('@DigitalWilly', 'Digital Willy ', 'User', '2021-11-30 17:00:00', 349, 2672, 8863, '2024-12-06 15:54:00', '2024-12-06 15:54:00'),
('@DoctorX_Meme', 'DoctorX', 'KOL', '2024-09-30 17:00:00', 26, 793400, 382, '2024-12-06 17:11:34', '2024-12-06 17:11:34'),
('@dogwifcoin', 'dogwifcoin', 'KOL', '2023-03-31 17:00:00', 1705, 121600, 3873, '2024-12-06 15:38:37', '2024-12-06 15:38:37'),
('@dolor3m', 'KiD LorΞm', 'KOL', '2021-11-30 17:00:00', 5251, 4027, 32700, '2024-12-06 15:54:02', '2024-12-06 15:54:02'),
('@Donaotel_Ai', 'Donaotel', 'User', '2021-07-31 17:00:00', 968, 1955, 6449, '2024-12-06 17:00:47', '2024-12-06 17:00:47'),
('@DouglasVes52841', 'Vesselin Douglas', 'User', '2024-07-31 17:00:00', 379, 190, 582, '2024-12-06 16:12:51', '2024-12-06 16:12:51'),
('@dpkdpk014', 'Deepak kumar', 'User', '2016-01-31 17:00:00', 386, 42, 108, '2024-12-06 16:16:20', '2024-12-06 16:16:20'),
('@DROPZXRP', 'XRP DROPZ', 'KOL', '2023-03-31 17:00:00', 589, 19800, 14600, '2024-12-06 15:54:04', '2024-12-06 15:54:04'),
('@DrummerDude1969', 'DrummerDude', 'User', '2020-12-31 17:00:00', 1560, 4642, 3722, '2024-12-06 16:21:29', '2024-12-06 16:21:29'),
('@DrWavetrader', 'DR. Sherif Aborehab | د.شريف أبورحاب', 'KOL', '2017-10-31 17:00:00', 107, 47400, 11400, '2024-12-06 16:02:18', '2024-12-06 16:02:18'),
('@DTXnW4gN1SHwMD', 'ViolaDewey', 'User', '2024-02-29 17:00:00', 5566, 16, 0, '2024-12-06 16:27:26', '2024-12-06 16:27:26'),
('@DukerEarin59317', 'Duker Earing', 'User', '2024-07-31 17:00:00', 358, 215, 580, '2024-12-06 16:13:02', '2024-12-06 16:13:02'),
('@DyorExplore', 'Dyor', 'User', '2023-10-31 17:00:00', 195, 24, 326, '2024-12-06 17:03:09', '2024-12-06 17:03:09'),
('@earnwithrk', 'RK Gupta (EarnWithRK)', 'KOL', '2018-02-28 17:00:00', 763, 62100, 11400, '2024-12-06 15:41:23', '2024-12-06 16:59:43'),
('@easy3ntmulurek', 'adam', 'KOL', '2024-09-30 17:00:00', 1475, 1024, 5000, '2024-12-06 17:03:33', '2024-12-06 17:03:33'),
('@easytoluck', 'kela', 'KOL', '2024-01-31 17:00:00', 2992, 1062, 28500, '2024-12-06 17:03:34', '2024-12-06 17:03:34'),
('@echodatruth', 'Echo 𝕏', 'KOL', '2020-12-31 17:00:00', 2270, 53900, 15600, '2024-12-06 15:54:32', '2024-12-06 15:54:32'),
('@EgyHashX', 'محمد المصري', 'KOL', '2022-07-31 17:00:00', 21, 31200, 6303, '2024-12-06 16:02:21', '2024-12-06 16:02:21'),
('@Eidolon_Mane1', 'Eidolon-Manes', 'KOL', '2022-03-31 17:00:00', 455, 224, 6713, '2024-12-06 17:22:49', '2024-12-06 17:22:49'),
('@Elcopttan', 'Mahmoud Saad ', 'KOL', '2011-01-31 17:00:00', 46, 15300, 10100, '2024-12-06 16:02:20', '2024-12-06 16:02:20'),
('@Emmameyer26436', 'Emma meyer', 'User', '2024-07-31 17:00:00', 477, 397, 208, '2024-12-06 16:18:41', '2024-12-06 16:18:41'),
('@EMuhimana66921', 'Euphraim Muhimana', 'User', '2024-11-30 17:00:00', 113, 3, 1, '2024-12-06 15:58:08', '2024-12-06 15:58:08'),
('@Endeson154461', 'Endeson', 'User', '2024-11-30 17:00:00', 13, 1, 5, '2024-12-06 15:42:31', '2024-12-06 15:42:31'),
('@Enfadozita', 'Fernandez', 'User', '2011-03-31 17:00:00', 38, 1, 7, '2024-12-06 17:14:41', '2024-12-06 17:14:41'),
('@EngrIbrahim1109', 'Ibrahim Muhammed', 'User', '2024-11-30 17:00:00', 40, 7, 2, '2024-12-06 15:58:41', '2024-12-06 15:58:41'),
('@Enhanced_Digi', 'Enhanced Digital Group', 'User', '2022-06-30 17:00:00', 91, 214, 27, '2024-12-06 16:32:07', '2024-12-06 16:32:07'),
('@erkan_bo', 'Erkan', 'KOL', '2011-12-31 17:00:00', 1638, 103, 1699, '2024-12-06 15:45:20', '2024-12-06 15:45:20'),
('@ErnestChiodini', 'Ernest Chiodini $GARBAGE', 'User', '2023-02-28 17:00:00', 86, 3, 45, '2024-12-06 17:15:04', '2024-12-06 17:15:04'),
('@EsquivelSt96980', 'Staci Esquivel', 'User', '2024-11-30 17:00:00', 13, 0, 4, '2024-12-06 17:18:52', '2024-12-06 17:18:52'),
('@EsserMaria62894', 'Mariam Esser', 'KOL', '2024-10-31 17:00:00', 445, 98, 264, '2024-12-06 16:30:19', '2024-12-06 16:30:19'),
('@EsterPorte42961', 'Ester Porter', 'User', '2024-11-30 17:00:00', 13, 0, 4, '2024-12-06 17:17:21', '2024-12-06 17:17:21'),
('@EstherBaci69784', 'Esther Bassey', 'User', '2024-10-31 17:00:00', NULL, NULL, 1, '2024-12-06 16:15:58', '2024-12-06 16:15:58'),
('@Evans_Crypto', 'Kirill Evans ', 'KOL', '2020-10-31 17:00:00', 1271, 79800, 4445, '2024-12-06 16:55:16', '2024-12-06 16:55:16'),
('@exgoland_io', 'EXGOLAND', 'User', '2021-08-31 17:00:00', 136, 13200, 1310, '2024-12-06 16:02:58', '2024-12-06 16:02:58'),
('@exit_K7', 'EXIT.7', 'KOL', '2015-06-30 17:00:00', 997, 129, 1034, '2024-12-06 16:17:54', '2024-12-06 16:17:54'),
('@ExplorerAurora_', 'Aurora Villanueva', 'User', '2023-07-31 17:00:00', 496, 58, 633, '2024-12-06 16:00:09', '2024-12-06 16:00:09'),
('@ez_blockchain', 'EZ Blockchain', 'KOL', '2018-04-30 17:00:00', 146, 1063, 598, '2024-12-06 16:39:25', '2024-12-06 16:39:25'),
('@Faysal_Hussain_', 'فيصل حُسَيْن', 'KOL', '2009-09-30 17:00:00', 431, 41, 98, '2024-12-06 17:22:18', '2024-12-06 17:22:18'),
('@fbones212', 'fbones212 / Frank B', 'KOL', '2020-03-31 17:00:00', 5842, 2326, 1531, '2024-12-06 15:44:54', '2024-12-06 15:44:54'),
('@FDLabsHQ', 'First Digital Labs', 'User', '2023-04-30 17:00:00', 103, 5400, 214, '2024-12-06 16:45:17', '2024-12-06 16:45:17'),
('@felicitty77', 'evangelina', 'KOL', '2010-03-31 17:00:00', 106, 829, 470, '2024-12-06 16:19:05', '2024-12-06 16:19:05'),
('@FidelisUdenwa', 'Udenkama', 'User', '2020-04-30 17:00:00', 273, 31, 131, '2024-12-06 16:58:44', '2024-12-06 16:58:44'),
('@fishbanana21', 'Fishbanana ', 'KOL', '2015-06-30 17:00:00', 1309, 770, 1552, '2024-12-06 16:44:22', '2024-12-06 16:44:22'),
('@Flandin_Daniel', 'Daniel Flandin', 'User', '2014-07-31 17:00:00', 27, 1, 8, '2024-12-06 15:43:27', '2024-12-06 15:43:27'),
('@flunn', 'Frank F. Lunn - eWaVe BTC | entrePLEB | BTCpreneur', 'KOL', '2008-07-31 17:00:00', 6471, 3235, 6263, '2024-12-06 16:30:32', '2024-12-06 16:30:32'),
('@flyboy1075', 'Optimus Prime', 'User', '2014-02-28 17:00:00', 3058, 4133, 7341, '2024-12-06 16:19:54', '2024-12-06 16:19:54'),
('@fording58lowe', 'Федор', 'User', '2024-06-30 17:00:00', 44, 20, 20, '2024-12-06 17:20:57', '2024-12-06 17:20:57'),
('@FossGregfoss', 'FOSS - #forthekids', 'KOL', '2017-02-28 17:00:00', 2651, 156100, 32600, '2024-12-06 16:30:59', '2024-12-06 16:30:59'),
('@FreedomMaxii', 'Ck ', 'User', '2017-12-31 17:00:00', 3225, 210, 732, '2024-12-06 16:43:27', '2024-12-06 16:43:27'),
('@GeorgeASharp', 'George Sharp - Advocate for truth in the OTC', 'KOL', '2010-08-31 17:00:00', 53, 42900, 10100, '2024-12-06 16:19:55', '2024-12-06 16:19:55'),
('@getcode', 'Code', 'KOL', '2019-12-31 17:00:00', 0, 10400, 3614, '2024-12-06 16:45:41', '2024-12-06 16:45:41'),
('@getofflinexyz', 'OFFLINE', 'KOL', '2024-01-31 17:00:00', 1, 1607, 372, '2024-12-06 16:45:21', '2024-12-06 16:45:21'),
('@gladstein', 'Alex Gladstein ', 'User', '2008-12-31 17:00:00', 3308, 239500, 123700, '2024-12-06 16:30:58', '2024-12-06 16:30:58'),
('@goldrollira', 'JWG', 'KOL', '2016-12-31 17:00:00', 4358, 1509, 5942, '2024-12-06 16:18:43', '2024-12-06 16:18:43'),
('@GreennJason', 'Jason Green', 'KOL', '2023-11-30 17:00:00', 126, 1066, 1112, '2024-12-06 16:30:25', '2024-12-06 16:30:25'),
('@guido_pucc12288', 'Guido Puccini', 'User', '2023-02-28 17:00:00', 32, 2, 9, '2024-12-06 17:13:21', '2024-12-06 17:13:21'),
('@hanakadase22310', 'Karia', 'User', '2023-07-31 17:00:00', 5664, 35, 0, '2024-12-06 16:13:35', '2024-12-06 16:13:35'),
('@hardtree3', 'shutaya', 'KOL', '2024-02-29 17:00:00', 7015, 2414, 52900, '2024-12-06 17:03:50', '2024-12-06 17:03:50'),
('@Hayderfx_1', 'Haydarifx', 'User', '2024-01-31 17:00:00', 119, 23, 59, '2024-12-06 17:00:36', '2024-12-06 17:00:36'),
('@Heath_MayAust', 'Heath', 'User', '2017-12-31 17:00:00', 131, 38, 8, '2024-12-06 15:44:23', '2024-12-06 15:44:23'),
('@hedera', 'Hedera', 'KOL', '2017-07-31 17:00:00', 32, 377300, 10300, '2024-12-06 15:54:34', '2024-12-06 15:54:34'),
('@HeeryB22961', 'Grace smith', 'User', '2023-05-31 17:00:00', 706, 539, 284, '2024-12-06 16:00:31', '2024-12-06 16:00:31'),
('@heisner_lon', 'Lon Heisner $GARBAGE', 'User', '2023-02-28 17:00:00', 86, 4, 47, '2024-12-06 17:16:01', '2024-12-06 17:16:01'),
('@Hexinbi', '核心币', 'User', '2021-11-30 17:00:00', 2980, 30100, 16700, '2024-12-06 15:41:10', '2024-12-06 15:41:10'),
('@HinardJack65196', 'jack hinard', 'User', '2024-07-31 17:00:00', 341, 93, 64, '2024-12-06 17:03:31', '2024-12-06 17:03:31'),
('@HiroMyHero4', 'Everyday.Hiro', 'KOL', '2021-09-30 17:00:00', 1360, 155, 352, '2024-12-06 16:44:27', '2024-12-06 16:44:27'),
('@holacorp', 'Adegbile olawale', 'User', '2012-03-31 17:00:00', 33, 8, 21, '2024-12-06 15:42:20', '2024-12-06 15:42:20'),
('@holly__heart', '𝕳𝖔𝖑𝖑𝖞 ', 'User', '2008-08-31 17:00:00', 5599, 8516, 33400, '2024-12-06 15:46:44', '2024-12-06 15:46:44'),
('@Hopus77', 'Blessing.𝕏 ', 'User', '2013-04-30 17:00:00', 1862, 29400, 3029, '2024-12-06 15:41:22', '2024-12-06 16:59:54'),
('@humblceo', 'Brian Foote', 'User', '2021-01-31 17:00:00', 151, 23600, 1096, '2024-12-06 16:19:32', '2024-12-06 16:19:32'),
('@HumblForTheWin', 'The_Humbl_Revolution', 'User', '2021-01-31 17:00:00', 3488, 2481, 27700, '2024-12-06 16:20:41', '2024-12-06 16:20:41'),
('@humblrfelix', 'Investor Felix ', 'User', '2019-12-31 17:00:00', 2162, 2561, 2214, '2024-12-06 16:27:15', '2024-12-06 16:27:15'),
('@IbrahimKou10456', 'Ibrahim Kouadio', 'User', '2023-11-30 17:00:00', 67, 2, 11, '2024-12-06 16:57:49', '2024-12-06 16:57:49'),
('@ice_blockchain', 'Ice Open Network', 'KOL', '2022-07-31 17:00:00', 109, 2800000, 6994, '2024-12-06 17:03:58', '2024-12-06 17:03:58'),
('@IIICapital', 'Joe Burnett, MSBA (', 'User', '2018-01-31 17:00:00', 931, 80200, 34200, '2024-12-06 16:31:28', '2024-12-06 16:31:28'),
('@Ikramuddin75932', 'Ikramuddin', 'User', '2024-10-31 17:00:00', 23, 0, 0, '2024-12-06 15:56:51', '2024-12-06 15:56:51'),
('@ilham_rama38748', 'ILHAM RAMADHAN', 'User', '2024-11-30 17:00:00', 27, 5, 0, '2024-12-06 15:57:35', '2024-12-06 15:57:35'),
('@INATBA_org', 'INATBA', 'User', '2019-02-28 17:00:00', 684, 5873, 1248, '2024-12-06 15:39:05', '2024-12-06 15:39:05'),
('@J316crypto', 'J316', 'KOL', '2023-08-31 17:00:00', 1934, 2531, 11800, '2024-12-06 15:54:20', '2024-12-06 15:54:20'),
('@JACOBJMV', 'Jacobvandervelde.eth', 'KOL', '2014-04-30 17:00:00', 3071, 5162, 21400, '2024-12-06 16:21:18', '2024-12-06 16:21:18'),
('@JacobsLuz79392', 'Luz Jacobs', 'User', '2024-11-30 17:00:00', 13, 0, 3, '2024-12-06 17:19:15', '2024-12-06 17:19:15'),
('@JamieBooth42025', 'Jamie Booth', 'User', '2024-11-30 17:00:00', 13, 0, 3, '2024-12-06 17:17:56', '2024-12-06 17:17:56'),
('@JamYounis283002', 'Jam Younis', 'User', '2024-01-31 17:00:00', 182, 13, 149, '2024-12-06 15:57:57', '2024-12-06 15:57:57'),
('@JanaKreilein', 'the.wine.girl', 'KOL', '2021-12-31 17:00:00', 328, 847, 595, '2024-12-06 16:45:38', '2024-12-06 16:45:38'),
('@jarrodWattsDev', 'Jarrod Watts', 'KOL', '2021-01-31 17:00:00', 1718, 17100, 2529, '2024-12-06 17:12:12', '2024-12-06 17:12:12'),
('@JasonPLowery', 'Jason Lowery', 'KOL', '2021-07-31 17:00:00', 2, 127700, 2683, '2024-12-06 16:30:47', '2024-12-06 16:30:47'),
('@JasonSimps24028', 'Jason Simpson', 'User', '2023-08-31 17:00:00', 234, 41, 19, '2024-12-06 16:17:07', '2024-12-06 16:17:07'),
('@JCO_GOODLIFE', 'J.CO GOODLIFE ©', 'KOL', '2020-05-31 17:00:00', 340, 287, 3268, '2024-12-06 16:43:16', '2024-12-06 16:43:16'),
('@JCryptoRider', 'Richard|LDA', 'KOL', '2023-02-28 17:00:00', 4616, 5682, 24400, '2024-12-06 17:01:21', '2024-12-06 17:01:21'),
('@JeffBooth', 'Jeff Booth ', 'KOL', '2008-08-31 17:00:00', 5631, 373300, 11000, '2024-12-06 16:31:00', '2024-12-06 16:31:00'),
('@Jennylush_', 'Jenny', 'KOL', '2023-09-30 17:00:00', 1501, 5040, 1875, '2024-12-06 16:01:38', '2024-12-06 16:01:38'),
('@JewellVela31517', 'Jewell Velazquez', 'User', '2024-11-30 17:00:00', 13, 0, 6, '2024-12-06 17:15:50', '2024-12-06 17:15:50'),
('@jimmysong', 'Jimmy Song (송재준)', 'User', '2009-01-31 17:00:00', 49, 338100, 11700, '2024-12-06 16:31:13', '2024-12-06 16:31:13'),
('@jjncck', '𝖏𝖆𝖈𝖐', 'KOL', '2018-11-30 17:00:00', 7414, 3657, 27900, '2024-12-06 17:03:43', '2024-12-06 17:03:43'),
('@JMellerud', 'Jaran Mellerud ', 'KOL', '2020-06-30 17:00:00', 1171, 17100, 5249, '2024-12-06 16:40:32', '2024-12-06 16:40:32'),
('@JohnAllen473255', 'John Allen', 'User', '2024-10-31 17:00:00', 2, 0, 0, '2024-12-06 16:41:31', '2024-12-06 16:41:31'),
('@JohnCena', 'John Cena', 'KOL', '2010-04-30 17:00:00', 919200, 14400000, 7941, '2024-12-06 17:12:09', '2024-12-06 17:12:09'),
('@JohnKenned34204', 'John Kennedy', 'User', '2024-09-30 17:00:00', 347, 197, 55, '2024-12-06 16:17:50', '2024-12-06 16:17:50'),
('@johnlucky051', 'John Lucky', 'User', '2023-02-28 17:00:00', 270, 34, 202, '2024-12-06 16:57:05', '2024-12-06 16:57:05'),
('@Johnpaul19439', 'Johnpaul', 'KOL', '2020-08-31 17:00:00', 207, 39, 272, '2024-12-06 17:22:01', '2024-12-06 17:22:01'),
('@JohnsonCha20110', 'Chad Johnson', 'User', '2024-10-31 17:00:00', 7, 0, 2, '2024-12-06 16:41:53', '2024-12-06 16:41:53'),
('@josephmaloneatx', 'Joseph Malone', 'User', '2022-10-31 17:00:00', 415, 269, 7, '2024-12-06 16:43:56', '2024-12-06 16:43:56'),
('@JSeyff', 'James Seyffart', 'KOL', '2012-02-29 17:00:00', 3965, 165700, 19900, '2024-12-06 16:23:57', '2024-12-06 16:23:57'),
('@jump_firedancer', 'Firedancer ', 'KOL', '2022-02-28 17:00:00', 11, 24900, 192, '2024-12-06 16:44:50', '2024-12-06 16:44:50'),
('@JUPCatdets', 'JUP Catdets', 'KOL', '2024-04-30 17:00:00', 218, 11100, 1929, '2024-12-06 16:45:22', '2024-12-06 16:45:22'),
('@JupiterExchange', 'Jupiter ', 'KOL', '2021-09-30 17:00:00', 247, 444900, 4816, '2024-12-06 16:44:54', '2024-12-06 16:44:54'),
('@KaiGonnaMakeIt', 'Kai', 'KOL', '2021-06-30 17:00:00', 564, 475, 3514, '2024-12-06 16:17:52', '2024-12-06 16:17:52'),
('@Kanami_369', 'Kanalucho', 'KOL', '2017-05-31 17:00:00', 3214, 422, 2380, '2024-12-06 15:44:51', '2024-12-06 15:44:51'),
('@KarinaLeon49178', 'Karina Leon', 'User', '2024-11-30 17:00:00', 13, 0, 5, '2024-12-06 17:21:08', '2024-12-06 17:21:08'),
('@Karthik_h_nair', 'Karthik H Nair', 'User', '2024-06-30 17:00:00', 77, 18, 211, '2024-12-06 16:16:55', '2024-12-06 16:16:55'),
('@kasselman', 'Lane Kasselman', 'User', '2008-04-30 17:00:00', 894, 1983, 378, '2024-12-06 15:40:05', '2024-12-06 15:40:05'),
('@kcryptoinvest', 'Ben', 'KOL', '2020-01-31 17:00:00', 1241, 403600, 10300, '2024-12-06 15:40:40', '2024-12-06 15:40:40'),
('@kevinconnorST', 'Kevin Connor', 'User', '2020-11-30 17:00:00', 221, 5186, 14200, '2024-12-06 16:20:08', '2024-12-06 16:20:08'),
('@kingmonex', 'ShibaArmy ', 'KOL', '2010-12-31 17:00:00', 1664, 2936, 33700, '2024-12-06 16:01:36', '2024-12-06 16:01:36'),
('@kolayole225', 'Abdul Kolawole', 'User', '2023-06-30 17:00:00', 564, 34, 30, '2024-12-06 15:41:58', '2024-12-06 15:41:58'),
('@KovacsTrevor', 'TK', 'KOL', '2012-01-31 17:00:00', 2248, 1196, 5296, '2024-12-06 16:30:24', '2024-12-06 16:30:24'),
('@KuritoSensei', 'Kurito', 'KOL', '2021-12-31 17:00:00', 582, 32900, 8971, '2024-12-06 16:55:24', '2024-12-06 16:55:24'),
('@Kuskuskaqtus', 'TRI ♡♡', 'KOL', '2024-06-30 17:00:00', 5066, 137, 36700, '2024-12-06 17:03:56', '2024-12-06 17:03:56'),
('@KycGenerali', '全球 KYC 供应商、OKX、BYBIT、BINANCE。', 'User', '2024-10-31 17:00:00', 2349, 125, 74, '2024-12-06 16:16:44', '2024-12-06 16:16:44'),
('@laine_sa_', 'Laine ', 'User', '2021-11-30 17:00:00', 153, 16300, 6127, '2024-12-06 16:45:06', '2024-12-06 16:45:06'),
('@LaRoseDigital', '2% ', 'KOL', '2017-08-31 17:00:00', 499, 2021, 5065, '2024-12-06 16:39:27', '2024-12-06 16:39:27'),
('@lee_bratcher', 'Lee ₿ratcher', 'KOL', '2012-10-31 17:00:00', 925, 6104, 1465, '2024-12-06 16:31:17', '2024-12-06 16:31:17'),
('@legiondotcc', 'LEGION', 'KOL', '2024-01-31 17:00:00', 2, 15800, 382, '2024-12-06 16:45:19', '2024-12-06 16:45:19'),
('@leish4man', 'Alexander Leishman', 'User', '2009-09-30 17:00:00', 4954, 1172, 1208, '2024-12-06 16:27:48', '2024-12-06 16:27:48'),
('@LeonidasNFT', 'Leonidas $DOG ', 'User', '2016-03-31 17:00:00', 5863, 241900, 42000, '2024-12-06 16:09:44', '2024-12-06 16:09:44'),
('@LetsConverge', 'Converge Institute', 'User', '2024-08-31 17:00:00', 4, 71, 13, '2024-12-06 16:31:54', '2024-12-06 16:31:54'),
('@letsexchange_io', 'LetsExchange', 'KOL', '2020-12-31 17:00:00', 307, 16300, 3763, '2024-12-06 17:12:14', '2024-12-06 17:12:14'),
('@levdik1', '$hicago SPT', 'User', '2015-08-31 17:00:00', 155, 48, 201, '2024-12-06 15:44:01', '2024-12-06 15:44:01'),
('@Linda3008367880', 'Linda', 'User', '2024-08-31 17:00:00', 240, 1, 0, '2024-12-06 16:11:33', '2024-12-06 16:11:33'),
('@LisaSander25022', 'Lisa Sanders', 'User', '2024-10-31 17:00:00', 2, 0, 0, '2024-12-06 16:43:01', '2024-12-06 16:43:01'),
('@lisenok250', 'Олеся Бабич', 'User', '2024-04-30 17:00:00', 91, 0, 45, '2024-12-06 16:58:11', '2024-12-06 16:58:11'),
('@listingwave', 'ListingWave', 'User', '2024-10-31 17:00:00', 635, 29, 32, '2024-12-06 16:14:09', '2024-12-06 16:14:09'),
('@LitProtocol', 'Lit Protocol ', 'KOL', '2021-03-31 17:00:00', 28, 42900, 1715, '2024-12-06 16:45:24', '2024-12-06 16:45:24'),
('@LittleManPower', 'Mr. Preach ', 'KOL', '2013-04-30 17:00:00', 3302, 3964, 47500, '2024-12-06 15:55:42', '2024-12-06 15:55:42'),
('@littlesharp001', 'attiq', 'User', '2024-11-30 17:00:00', 6, 0, 1, '2024-12-06 17:14:06', '2024-12-06 17:14:06'),
('@LoicRicci', 'Loic', 'KOL', '2012-07-31 17:00:00', 882, 191, 551, '2024-12-06 17:02:47', '2024-12-06 17:02:47'),
('@LorenzRDP', 'Lorenz', 'KOL', '2021-03-31 17:00:00', 2191, 801, 3170, '2024-12-06 16:01:39', '2024-12-06 16:01:39'),
('@lornah111', 'lorna.blockchain', 'User', '2020-06-30 17:00:00', 693, 334, 29, '2024-12-06 15:39:32', '2024-12-06 15:39:32'),
('@louwsimon2', 'Simon', 'User', '2024-10-31 17:00:00', 64, 2, 21, '2024-12-06 16:56:21', '2024-12-06 16:56:21'),
('@Luc4s_ETHer', 'Lucas.eth', 'User', '2020-02-29 17:00:00', 1588, 5574, 573, '2024-12-06 16:28:34', '2024-12-06 16:28:34'),
('@Lucasco46480738', 'Lucas coelho', 'User', '2021-07-31 17:00:00', 26, 3, 0, '2024-12-06 16:15:27', '2024-12-06 16:15:27'),
('@luckyrania', '𝑅𝒶𝓃', 'KOL', '2023-11-30 17:00:00', 1423, 2686, 60800, '2024-12-06 17:03:51', '2024-12-06 17:03:51'),
('@LukeThomps67675', 'Luke Thompson', 'User', '2024-09-30 17:00:00', 1310, 316, 334, '2024-12-06 16:15:15', '2024-12-06 16:15:15'),
('@LummieBear', 'ラム ', 'KOL', '2016-07-31 17:00:00', 6768, 786, 66900, '2024-12-06 17:03:35', '2024-12-06 17:03:35'),
('@M2Exchange', 'M2', 'KOL', '2022-12-31 17:00:00', 139, 54300, 2214, '2024-12-06 16:59:26', '2024-12-06 16:59:26'),
('@Maaruf_4934', 'İnt.Fzt.Maaruf ÖZKAN', 'User', '2020-09-30 17:00:00', 2573, 1884, 1991, '2024-12-06 15:42:09', '2024-12-06 15:42:09'),
('@malik_zahi96996', 'Malik Zahid', 'User', '2024-11-30 17:00:00', 6, 0, 1, '2024-12-06 17:16:13', '2024-12-06 17:16:13'),
('@manojkumar305', 'Manoj Manoharan', 'User', '2009-06-30 17:00:00', 957, 223, 201, '2024-12-06 16:40:47', '2024-12-06 16:40:47'),
('@MarathonDesirae', 'Desirae Becker', 'User', '2023-07-31 17:00:00', 462, 51, 593, '2024-12-06 15:59:36', '2024-12-06 15:59:36'),
('@Marcults_', 'Marcults', 'User', '2022-01-31 17:00:00', 1322, 2852, 19100, '2024-12-06 15:56:15', '2024-12-06 15:56:15'),
('@Marcus_Djuu', 'Marcus Gustafsson ', 'User', '2020-11-30 17:00:00', 1049, 1083, 97, '2024-12-06 16:26:39', '2024-12-06 16:26:39'),
('@MartyBent', 'Marty Bent', 'KOL', '2011-08-31 17:00:00', 3807, 244700, 71900, '2024-12-06 16:31:01', '2024-12-06 16:31:01'),
('@MaryBrizard', 'MaryB', 'KOL', '2017-02-28 17:00:00', 1737, 871, 1952, '2024-12-06 15:44:52', '2024-12-06 15:44:52'),
('@matthew_d_green', 'Matthew Green', 'KOL', '2009-12-31 17:00:00', 1086, 151400, 85300, '2024-12-06 17:12:11', '2024-12-06 17:12:11'),
('@matthew_pines', 'Matthew Pines', 'KOL', '2020-10-31 17:00:00', 5003, 39300, 30900, '2024-12-06 16:40:33', '2024-12-06 16:40:33'),
('@mayylucky', 'bebi', 'KOL', '2013-04-30 17:00:00', 5164, 2684, 272600, '2024-12-06 17:03:52', '2024-12-06 17:03:52'),
('@Melanie68480425', 'Melanie', 'User', '2024-11-30 17:00:00', 20, 0, 1, '2024-12-06 17:16:58', '2024-12-06 17:16:58'),
('@memecoin', 'Memecoin', 'KOL', '2022-03-31 17:00:00', 1, 2000000, 4, '2024-12-06 16:09:09', '2024-12-06 16:09:09'),
('@Memeland', 'Memeland ', 'User', '2022-01-31 17:00:00', 22, 2300000, 2305, '2024-12-06 15:38:49', '2024-12-06 15:38:49'),
('@MemersCult', 'MEMERS CULT', 'KOL', '2016-08-31 17:00:00', 1431, 3060, 31, '2024-12-06 16:01:35', '2024-12-06 16:01:35'),
('@MercedesBa97207', 'Mercedes Barozzi', 'User', '2023-02-28 17:00:00', 33, 2, 9, '2024-12-06 17:16:36', '2024-12-06 17:16:36'),
('@Merciful_Guy', 'Merciful', 'User', '2021-12-31 17:00:00', 118, 99, 16, '2024-12-06 17:21:45', '2024-12-06 17:21:45'),
('@miaflasun', 'AL', 'KOL', '2011-11-30 17:00:00', 2154, 1581, 35100, '2024-12-06 16:21:30', '2024-12-06 16:21:30'),
('@micmos', 'MicMos', 'User', '2009-04-30 17:00:00', 1316, 645, 3838, '2024-12-06 16:00:42', '2024-12-06 16:00:42'),
('@MikaelXeeland', 'Mikael ', 'KOL', '2020-02-29 17:00:00', 1602, 1511, 20400, '2024-12-06 16:26:52', '2024-12-06 16:26:52'),
('@Mikey_p19', 'CultCrypto', 'KOL', '2011-12-31 17:00:00', 3198, 1383, 11900, '2024-12-06 16:43:29', '2024-12-06 16:43:29'),
('@Miner4Nine', 'Miner4Nine (', 'User', '2010-01-31 17:00:00', 1702, 382, 2854, '2024-12-06 15:45:32', '2024-12-06 15:45:32'),
('@MiningHope', 'Mining for Hope', 'KOL', '2021-05-31 17:00:00', 970, 470, 1057, '2024-12-06 16:44:26', '2024-12-06 16:44:26'),
('@MitCo4', 'TΞCSH ', 'User', '2013-07-31 17:00:00', 1358, 146, 2579, '2024-12-06 17:22:16', '2024-12-06 17:22:16'),
('@mitkalenniy79', 'Юрий Миткаленній', 'User', '2024-10-31 17:00:00', 3, 0, 0, '2024-12-06 16:55:59', '2024-12-06 16:55:59'),
('@MMarsh83841', 'Mrs. Sarah Marsh', 'User', '2024-10-31 17:00:00', 2, 0, 0, '2024-12-06 16:40:58', '2024-12-06 16:40:58'),
('@MMerazal', 'mhde merazal', 'User', '2024-09-30 17:00:00', 231, 16, 17, '2024-12-06 15:41:47', '2024-12-06 15:41:47'),
('@moneyfinancial', 'Tim Money - not financial advice', 'KOL', '2009-03-31 17:00:00', 1674, 727, 10300, '2024-12-06 16:30:30', '2024-12-06 16:30:30'),
('@moondust_36', 'MoonDust ', 'User', '2021-04-30 17:00:00', 4787, 24000, 116300, '2024-12-06 17:23:09', '2024-12-06 17:23:09'),
('@MotoswapBTC', 'Motoswap', 'KOL', '2023-07-31 17:00:00', 17, 15700, 767, '2024-12-06 16:08:57', '2024-12-06 16:08:57'),
('@Moustafa43', 'ahmed', 'User', '2024-07-31 17:00:00', 192, 0, 127, '2024-12-06 16:56:43', '2024-12-06 16:56:43'),
('@MoynaNadia52801', 'Nadia Noor Asha', 'User', '2024-05-31 17:00:00', 97, 2, 126, '2024-12-06 15:44:12', '2024-12-06 15:44:12'),
('@MrDiamondhandz1', 'Mr. Diamondhandz1', 'KOL', '2021-07-31 17:00:00', 2897, 106100, 29300, '2024-12-06 15:56:40', '2024-12-06 15:56:40'),
('@MrOmodulus', 'MrO.CULT ', 'User', '2021-12-31 17:00:00', 610, 23400, 8602, '2024-12-06 15:46:32', '2024-12-06 15:46:32'),
('@MRq9QCEEntDT7', 'NatividadJoe', 'User', '2023-09-30 17:00:00', 6064, 48, 0, '2024-12-06 15:57:02', '2024-12-06 15:57:02'),
('@MrsPrathams', '𐙚 Sophia ೀ | KOL4U', 'KOL', '2022-11-30 17:00:00', 4890, 1856, 26100, '2024-12-06 17:03:46', '2024-12-06 17:03:46'),
('@MultiversX', 'Multiversᕽ', 'KOL', '2018-03-31 17:00:00', 381, 1100000, 5969, '2024-12-06 17:11:38', '2024-12-06 17:11:38'),
('@NafiuBena26403', 'Nafiu Bena', 'User', '2024-11-30 17:00:00', 10, 0, 1, '2024-12-06 17:14:18', '2024-12-06 17:14:18'),
('@narratoio', 'Narrato', 'User', '2019-05-31 17:00:00', 1166, 491, 5539, '2024-12-06 16:24:13', '2024-12-06 16:24:13'),
('@natbrunell', 'Natalie Brunell ', 'KOL', '2012-03-31 17:00:00', 4636, 357500, 21300, '2024-12-06 16:30:46', '2024-12-06 16:30:46'),
('@NathanUlsh', 'Nᴀᴛʜᴀɴ Uʟsʜ', 'KOL', '2011-06-30 17:00:00', 1754, 391, 1059, '2024-12-06 15:45:34', '2024-12-06 15:45:34'),
('@Naza27586327982', 'Naza', 'User', '2024-09-30 17:00:00', 24, 0, 1, '2024-12-06 17:13:44', '2024-12-06 17:13:44'),
('@neiro', 'Neiro, the #SisterOfDoge', 'KOL', '2024-06-30 17:00:00', 35, 60200, 879, '2024-12-06 15:38:38', '2024-12-06 15:38:38'),
('@NemotoJojo85537', 'Mayor', 'KOL', '2024-01-31 17:00:00', 314, 429, 5771, '2024-12-06 16:19:10', '2024-12-06 16:19:10'),
('@Nexerweb', 'NexerWeb', 'User', '2024-08-31 17:00:00', 73, 233, 3, '2024-12-06 16:14:20', '2024-12-06 16:14:20'),
('@Ngc11105838', 'Nguyễn Văn Ngọc', 'User', '2021-03-31 17:00:00', 2157, 230, 634, '2024-12-06 15:57:24', '2024-12-06 15:57:24'),
('@ngnutor6113', 'Gema Ngnutor Edward', 'User', '2024-10-31 17:00:00', 444, 33, 107, '2024-12-06 16:11:44', '2024-12-06 16:11:44'),
('@nGvxYVyf4smjPym', 'ヴォクス', 'User', '2018-02-28 17:00:00', 1798, 391, 6704, '2024-12-06 16:10:59', '2024-12-06 16:10:59'),
('@niccary', 'Nic Cary', 'KOL', '2008-04-30 17:00:00', 2091, 49700, 4956, '2024-12-06 15:40:07', '2024-12-06 15:40:07'),
('@niodamian', 'Teck', 'User', '2017-12-31 17:00:00', 42, 866, 4863, '2024-12-06 17:02:07', '2024-12-06 17:02:07'),
('@nknknk_nk8', 'n..k', 'KOL', '2018-01-31 17:00:00', 732, 315, 279, '2024-12-06 16:19:08', '2024-12-06 16:19:08'),
('@Noytorsh4FEQk', 'Noytorsh', 'User', '2024-07-31 17:00:00', 2328, 13, 0, '2024-12-06 16:13:24', '2024-12-06 16:13:24'),
('@NSmolenski', 'Natalie Smolenski', 'KOL', '2011-12-31 17:00:00', 4869, 27900, 3232, '2024-12-06 16:31:41', '2024-12-06 16:40:29'),
('@NurBrks', 'NurBrks', 'KOL', '2021-09-30 17:00:00', 875, 35500, 12000, '2024-12-06 17:12:15', '2024-12-06 17:12:15'),
('@nuyungen56941', 'nuyungen', 'User', '2024-11-30 17:00:00', 2, 0, 2, '2024-12-06 17:14:29', '2024-12-06 17:14:29'),
('@Nyctoo03', 'Vishnu_', 'User', '2024-10-31 17:00:00', 449, 89, 4, '2024-12-06 16:16:33', '2024-12-06 16:16:33'),
('@odai_0x', 'Odai', 'KOL', '2017-03-31 17:00:00', 1774, 2448, 4276, '2024-12-06 16:45:40', '2024-12-06 16:45:40'),
('@Official_MrPool', 'Mr. Pool', 'KOL', '2021-10-31 17:00:00', 0, 50000, 314, '2024-12-06 15:54:17', '2024-12-06 15:54:17'),
('@OmonTheGreat', 'OMÖN', 'User', '2024-05-31 17:00:00', 988, 164, 82, '2024-12-06 16:43:12', '2024-12-06 16:43:12'),
('@Onelastbreath18', 'Кинески принчеви ', 'KOL', '2020-09-30 17:00:00', 1487, 251, 8581, '2024-12-06 17:22:02', '2024-12-06 17:22:02'),
('@OneMorePeter', 'Peter Smith', 'KOL', '2014-01-31 17:00:00', 1113, 50700, 393, '2024-12-06 15:38:35', '2024-12-06 15:38:35'),
('@onlineboy00', 'Ahmed00', 'KOL', '2016-09-30 17:00:00', 84, 220, 515, '2024-12-06 15:44:53', '2024-12-06 15:44:53'),
('@optout1971', 'Opt Out ', 'User', '2012-01-31 17:00:00', 1115, 1260, 13900, '2024-12-06 16:44:20', '2024-12-06 16:44:20'),
('@OP_Timechain', 'Operation Timechain', 'User', '2023-04-30 17:00:00', 346, 97, 421, '2024-12-06 16:43:44', '2024-12-06 16:43:44'),
('@oraichain', 'Oraichain', 'KOL', '2020-07-31 17:00:00', 308, 73000, 3512, '2024-12-06 16:08:56', '2024-12-06 16:08:56'),
('@orca_so', 'Orca ', 'KOL', '2020-08-31 17:00:00', 414, 153300, 4922, '2024-12-06 16:44:45', '2024-12-06 16:55:19'),
('@OrdoAeternum', 'Ordo Aeternum', 'User', '2024-11-30 17:00:00', 308, 26, 5, '2024-12-06 16:12:06', '2024-12-06 16:12:06'),
('@orozco44280', 'Tito Orozco', 'User', '2024-08-31 17:00:00', 20, 3, 1, '2024-12-06 15:43:16', '2024-12-06 15:43:16'),
('@ozziecrypto13', 'OZZIECRYPTO13', 'User', '2021-07-31 17:00:00', NULL, NULL, 169, '2024-12-06 16:18:25', '2024-12-06 16:18:25'),
('@PARAVOX_game', 'PARAVOX', 'KOL', '2024-04-30 17:00:00', 447, 23700, 631, '2024-12-06 16:45:18', '2024-12-06 16:45:18'),
('@pasha_R88', 'راشد 不', 'KOL', '2020-12-31 17:00:00', 277, 53900, 15900, '2024-12-06 16:02:35', '2024-12-06 16:02:35'),
('@PatelShawn2818', 'Shawna Patel', 'User', '2024-11-30 17:00:00', 13, 0, 5, '2024-12-06 17:15:27', '2024-12-06 17:15:27'),
('@Patriklas00', 'Pat', 'KOL', '2011-04-30 17:00:00', 5079, 3106, 8692, '2024-12-06 16:01:07', '2024-12-06 16:01:07'),
('@PaulaNicho49882', 'Paula Nichols', 'User', '2024-10-31 17:00:00', 3, 0, 0, '2024-12-06 16:41:20', '2024-12-06 16:41:20'),
('@Pencurry17', 'Pencurry17.bit', 'User', '2023-04-30 17:00:00', 765, 68, 973, '2024-12-06 15:43:50', '2024-12-06 15:43:50'),
('@PendingETH', 'Aleco', 'KOL', '2022-05-31 17:00:00', 23600, 135400, 182900, '2024-12-06 16:30:28', '2024-12-06 16:30:28'),
('@PennyLuna278467', 'Penny Luna', 'User', '2024-11-30 17:00:00', 10, 0, 3, '2024-12-06 17:13:09', '2024-12-06 17:13:09'),
('@PerryBeatr46819', 'Beatrice Perry', 'User', '2024-11-30 17:00:00', 13, 0, 6, '2024-12-06 17:13:55', '2024-12-06 17:13:55'),
('@peterwil', 'Peter Wilson', 'User', '2008-05-31 17:00:00', 1228, 813, 536, '2024-12-06 15:39:43', '2024-12-06 15:39:43'),
('@philipngn', 'Philipngn', 'User', '2020-11-30 17:00:00', 302, 27, 38, '2024-12-06 17:22:30', '2024-12-06 17:22:30'),
('@phvyynevv', '𝘯𝘦𝘢𝘷𝘷', 'KOL', '2015-03-31 17:00:00', 1099, 82, 3523, '2024-12-06 17:03:57', '2024-12-06 17:03:57'),
('@playmetalcore', 'METALCORE | Let\'s #PlayMetalCore!', 'KOL', '2021-08-31 17:00:00', 158, 206200, 5554, '2024-12-06 16:45:23', '2024-12-06 16:45:23'),
('@plebiolira', 'plebiolira', 'KOL', '2021-08-31 17:00:00', 5272, 3092, 15700, '2024-12-06 16:43:32', '2024-12-06 16:43:32'),
('@Polkadot', 'Polkadot', 'KOL', '2013-06-30 17:00:00', 7, 1500000, 10100, '2024-12-06 16:39:26', '2024-12-06 16:39:26'),
('@PollardErm75340', 'Erma Pollard', 'User', '2024-11-30 17:00:00', 13, 0, 3, '2024-12-06 17:19:04', '2024-12-06 17:19:04'),
('@POPCATSOLANA', '$POPCAT', 'KOL', '2023-11-30 17:00:00', 1087, 84900, 5004, '2024-12-06 15:38:50', '2024-12-06 15:38:50'),
('@PotterThel58664', 'Thelma Potter', 'User', '2024-11-30 17:00:00', 13, 0, 5, '2024-12-06 17:19:26', '2024-12-06 17:19:26'),
('@premium', 'Premium', 'KOL', '2021-05-31 17:00:00', 2, 1000000, 1258, '2024-12-06 16:24:00', '2024-12-06 16:24:00'),
('@ProductHubAfri', 'Product Hub Africa || MASTERCLASS IS LIVE!!!!', 'KOL', '2022-08-31 17:00:00', 13, 801, 329, '2024-12-06 17:22:32', '2024-12-06 17:22:32');
INSERT INTO `users` (`user_id`, `username`, `role`, `joined_at`, `following`, `follower`, `posts_cnt`, `saved_at`, `updated_at`) VALUES
('@ps1solanacoin', 'PS1 Intro on Solana', 'User', '2024-11-30 17:00:00', 4, 21, 9, '2024-12-06 16:56:32', '2024-12-06 16:56:32'),
('@PsychNurseLee', '𝐒𝐞𝐞𝐤𝐢𝐧𝐠𝐒𝐞𝐫𝐞𝐧𝐢𝐭𝐲', 'KOL', '2013-10-31 17:00:00', 5306, 2548, 38400, '2024-12-06 16:27:04', '2024-12-06 16:27:04'),
('@pushpendrakum', 'Pushpendra Singh', 'KOL', '2010-03-31 17:00:00', 1618, 416400, 35400, '2024-12-06 15:40:44', '2024-12-06 17:00:10'),
('@PushpendraTech', 'Pushpendra Singh Digital', 'KOL', '2019-04-30 17:00:00', 844, 128900, 5892, '2024-12-06 16:59:40', '2024-12-06 16:59:40'),
('@quanghuy9990', 'Quanghuy', 'User', '2018-07-31 17:00:00', 209, 16, 102, '2024-12-06 15:41:36', '2024-12-06 15:41:36'),
('@RachelConlan', 'Rachel Conlan', 'KOL', '2020-02-29 17:00:00', 783, 12000, 426, '2024-12-06 17:11:19', '2024-12-06 17:11:19'),
('@rajgokal', 'raj ', 'KOL', '2009-12-31 17:00:00', 2073, 259500, 10100, '2024-12-06 16:44:38', '2024-12-06 16:44:38'),
('@Raj_Monnappa', 'Raj Monnappa', 'KOL', '2009-04-30 17:00:00', 3401, 457, 27, '2024-12-06 16:30:36', '2024-12-06 16:30:36'),
('@RamonAng170887', 'Ramon Ang', 'User', '2024-09-30 17:00:00', 286, 319, 38, '2024-12-06 16:17:39', '2024-12-06 16:17:39'),
('@raphjaph', 'raph', 'KOL', '2021-09-30 17:00:00', 484, 20300, 1318, '2024-12-06 16:09:45', '2024-12-06 16:09:45'),
('@rayburn_tr378', 'Travis Rayburn', 'User', '2024-06-30 17:00:00', 102, 31, 71, '2024-12-06 15:43:05', '2024-12-06 15:43:05'),
('@RaydiumProtocol', 'Raydium', 'KOL', '2021-01-31 17:00:00', 461, 355200, 1267, '2024-12-06 16:44:47', '2024-12-06 16:44:47'),
('@realallybraun', 'Stock Mom', 'KOL', '2020-12-31 17:00:00', 1258, 6934, 9939, '2024-12-06 16:19:56', '2024-12-06 16:19:56'),
('@RealFlokiInu', 'FLOKI', 'KOL', '2021-05-31 17:00:00', 72, 668600, 10600, '2024-12-06 15:38:53', '2024-12-06 15:38:53'),
('@realXRPwhale', 'XRP whale', 'KOL', '2015-02-28 17:00:00', 11, 193900, 7434, '2024-12-06 15:54:36', '2024-12-06 15:54:36'),
('@Rebecca24225833', 'Rebecca Ekata Udoh', 'User', '2020-09-30 17:00:00', 3, 22, 173, '2024-12-06 16:58:00', '2024-12-06 16:58:00'),
('@ReelOn_Chain', 'Reel Blockchain', 'User', '2020-11-30 17:00:00', 1727, 357, 607, '2024-12-06 16:28:45', '2024-12-06 16:28:45'),
('@RekoKudos', 'RekoKudos.eth', 'KOL', '2015-05-31 17:00:00', 1605, 630, 2050, '2024-12-06 15:44:56', '2024-12-06 15:44:56'),
('@rektech', 'REKTECH', 'KOL', '2024-08-31 17:00:00', 2, 3298, 44, '2024-12-06 16:45:39', '2024-12-06 16:45:39'),
('@Render2XX', 'Infinitely Void', 'KOL', '2024-03-31 17:00:00', 4220, 588, 24200, '2024-12-06 16:43:15', '2024-12-06 16:43:15'),
('@RizXRP', 'RIZ.. ', 'User', '2013-05-31 17:00:00', 5324, 31200, 30700, '2024-12-06 15:54:15', '2024-12-06 15:54:15'),
('@rodarmor', 'Casey', 'KOL', '2007-04-30 17:00:00', 331, 131800, 10600, '2024-12-06 16:09:47', '2024-12-06 16:09:47'),
('@RodSlik', 'SlikR', 'User', '2020-03-31 17:00:00', 3379, 3297, 22500, '2024-12-06 16:27:03', '2024-12-06 16:27:03'),
('@rogerkver', 'Roger Ver', 'KOL', '2010-07-31 17:00:00', 1133, 746600, 4071, '2024-12-06 15:40:59', '2024-12-06 16:59:55'),
('@Ronald_vanLoon', 'Ronald van Loon @awscloud #AWSreInvent', 'KOL', '2012-03-31 17:00:00', 167900, 331000, 161000, '2024-12-06 16:30:16', '2024-12-06 16:30:16'),
('@RunesMarketCap', 'RunesMarketCap', 'User', '2023-08-31 17:00:00', 0, 7594, 100, '2024-12-06 16:09:32', '2024-12-06 16:09:32'),
('@Saad4h', 'م. سعد الراشد ', 'User', '2018-09-30 17:00:00', 417, 31400, 2517, '2024-12-06 16:02:47', '2024-12-06 16:02:47'),
('@SadeeShuayb', 'Sadee Shuayb ', 'User', '2024-10-31 17:00:00', 140, 5, 21, '2024-12-06 16:57:16', '2024-12-06 16:57:16'),
('@Safety', 'Safety', 'KOL', '2009-11-30 17:00:00', 134, 3600000, 1602, '2024-12-06 16:23:54', '2024-12-06 16:23:54'),
('@SantorioBa8843', 'Barbara Santorio', 'User', '2023-02-28 17:00:00', 33, 2, 10, '2024-12-06 17:15:38', '2024-12-06 17:15:38'),
('@SaputraSof71982', 'Sofyian Saputra', 'User', '2024-10-31 17:00:00', 33, 0, 29, '2024-12-06 17:18:41', '2024-12-06 17:18:41'),
('@SatoshiInuRunes', 'SATOSHI•NAKAMOTO•INU', 'User', '2024-03-31 17:00:00', 20, 1107, 151, '2024-12-06 16:09:08', '2024-12-06 16:09:08'),
('@SatoshiPlus_', 'Consensusism - Satoshi Spirit ', 'User', '2021-12-31 17:00:00', 681, 89800, 4286, '2024-12-06 15:40:56', '2024-12-06 17:00:08'),
('@SausoysG31', 'Sausoys', 'User', '2024-07-31 17:00:00', 3082, 12, 0, '2024-12-06 16:29:40', '2024-12-06 16:29:40'),
('@Scaramucci', 'Anthony Scaramucci', 'KOL', '2009-02-28 17:00:00', 3355, 1000000, 50600, '2024-12-06 16:23:55', '2024-12-06 16:23:55'),
('@schisom911', 'Chisom Solomon', 'User', '2024-08-31 17:00:00', 9, 0, 11, '2024-12-06 15:58:19', '2024-12-06 15:58:19'),
('@SealSendEmail', 'SealSend', 'KOL', '2024-02-29 17:00:00', 1, 352800, 59, '2024-12-06 17:11:22', '2024-12-06 17:11:22'),
('@sEraser2022', 'Sir-J', 'User', '2022-02-28 17:00:00', 1854, 1498, 7386, '2024-12-06 15:42:42', '2024-12-06 15:42:42'),
('@SFConsulting01', 'Stéphanie Fuchs Consulting', 'KOL', '2024-08-31 17:00:00', 116, 29, 27, '2024-12-06 16:18:42', '2024-12-06 16:18:42'),
('@SGBarbour', 'Steve Barbour', 'KOL', '2014-12-31 17:00:00', 2156, 58800, 36200, '2024-12-06 16:31:02', '2024-12-06 16:31:02'),
('@ShaafiChal284', 'Chala Shaafi', 'User', '2024-02-29 17:00:00', 363, 4, 55, '2024-12-06 16:56:10', '2024-12-06 16:56:10'),
('@Shadow_00013', 'TOSIN ', 'KOL', '2024-05-31 17:00:00', 2045, 2080, 5543, '2024-12-06 17:21:34', '2024-12-06 17:21:34'),
('@shahadat00019', 'Shahadat hossain', 'User', '2024-09-30 17:00:00', 131, 4, 151, '2024-12-06 16:55:48', '2024-12-06 16:55:48'),
('@ShahYvonne42358', 'Yvonne Shah', 'User', '2024-11-30 17:00:00', 13, 0, 4, '2024-12-06 17:21:31', '2024-12-06 17:21:31'),
('@Sharp_or_Parish', 'Sharp or Parish - $SHIB 0.07 ', 'KOL', '2012-10-31 17:00:00', 4879, 3644, 22400, '2024-12-06 16:01:42', '2024-12-06 16:01:42'),
('@Shazadapadar420', 'خدابخش احمدی', 'User', '2024-04-30 17:00:00', 31, 0, 1, '2024-12-06 16:16:09', '2024-12-06 16:16:09'),
('@sheila_warren', 'Sheila Warren', 'KOL', '2007-10-31 17:00:00', 2174, 12100, 6319, '2024-12-06 16:23:58', '2024-12-06 16:23:58'),
('@Shesoaspoughsh', 'Shesoaspoughsh', 'User', '2024-07-31 17:00:00', 3110, 16, 0, '2024-12-06 16:14:42', '2024-12-06 16:14:42'),
('@shibalution', 'Arthur', 'KOL', '2021-08-31 17:00:00', 3502, 3492, 4265, '2024-12-06 15:46:19', '2024-12-06 15:46:19'),
('@shibasonthemoon', 'ShibasOnTheMoon the Game', 'KOL', '2023-09-30 17:00:00', 2883, 461, 453, '2024-12-06 16:19:12', '2024-12-06 16:19:12'),
('@shibaverse_io', 'Shibaverse Metaverse ETH', 'User', '2021-07-31 17:00:00', 20, 8250, 840, '2024-12-06 15:46:05', '2024-12-06 15:46:05'),
('@Shibtoken', 'Shib | TreatYourself Season', 'KOL', '2021-01-31 17:00:00', 32, 3800000, 1965, '2024-12-06 15:38:52', '2024-12-06 15:38:52'),
('@ShirsmitUll9', 'Shirsmit', 'User', '2024-05-31 17:00:00', 4278, 15, 0, '2024-12-06 16:29:07', '2024-12-06 16:29:07'),
('@ShivaniYad8614', 'Shivani Yadav', 'KOL', '2024-06-30 17:00:00', 2036, 1424, 5246, '2024-12-06 16:30:33', '2024-12-06 16:30:33'),
('@shopmarkey', 'Markeyz ', 'KOL', '2015-06-30 17:00:00', 2068, 2308, 2301, '2024-12-06 16:25:07', '2024-12-06 16:25:07'),
('@ShoreseighDk4V', 'Shoreseigh', 'User', '2024-07-31 17:00:00', 2493, 19, 0, '2024-12-06 16:30:04', '2024-12-06 16:30:04'),
('@ShoughezWoho', 'Shoughez', 'User', '2024-07-31 17:00:00', 2016, 12, 0, '2024-12-06 16:28:56', '2024-12-06 16:28:56'),
('@shuggy0shi', '𝕊𝕙𝕦𝕘𝕘𝕪𝟘𝕤𝕙𝕚', 'User', '2022-03-31 17:00:00', 971, 2024, 14100, '2024-12-06 15:56:04', '2024-12-06 15:56:04'),
('@ShytoshiKusama', 'Shytoshi Kusama™', 'User', '2020-12-31 17:00:00', 2591, 1000000, 7807, '2024-12-06 15:46:16', '2024-12-06 15:46:16'),
('@simplykashif', 'Kashif Raza', 'KOL', '2015-01-31 17:00:00', 1715, 150000, 24900, '2024-12-06 15:40:45', '2024-12-06 17:00:09'),
('@Sio347', 'Sio34', 'KOL', '2016-04-30 17:00:00', 295, 82, 133, '2024-12-06 15:41:25', '2024-12-06 15:41:25'),
('@skepticalcrypto', 'BTChalfwit', 'KOL', '2023-10-31 17:00:00', 732, 423, 12800, '2024-12-06 16:44:25', '2024-12-06 16:44:25'),
('@SKoropon39604', 'Smat Koropon', 'User', '2024-11-30 17:00:00', 133, 5, 0, '2024-12-06 16:00:53', '2024-12-06 16:00:53'),
('@SmairnoughiDp4', 'Smairnough', 'User', '2024-07-31 17:00:00', 2841, 14, 0, '2024-12-06 16:29:51', '2024-12-06 16:29:51'),
('@SmasiroughmIF', 'Smasirough', 'User', '2024-07-31 17:00:00', 2466, 88, 0, '2024-12-06 16:27:59', '2024-12-06 16:27:59'),
('@smtgpt', 'Sumit Gupta (CoinDCX)', 'KOL', '2010-04-30 17:00:00', 866, 138900, 9178, '2024-12-06 15:41:24', '2024-12-06 15:41:24'),
('@SnodeyshaKwNj', 'Snodeysh', 'User', '2024-07-31 17:00:00', 2605, 22, 0, '2024-12-06 16:29:18', '2024-12-06 16:29:18'),
('@Snowboy_Of_ION', 'Munoz ION', 'User', '2023-12-31 17:00:00', 255, 3182, 13600, '2024-12-06 17:11:33', '2024-12-06 17:11:33'),
('@sns', 'sns.sol', 'KOL', '2020-06-30 17:00:00', 1432, 117400, 11300, '2024-12-06 16:44:51', '2024-12-06 16:44:51'),
('@solana', 'Solana', 'KOL', '2017-12-31 17:00:00', 2041, 2900000, 12100, '2024-12-06 16:44:28', '2024-12-06 16:44:28'),
('@SolanaFndn', 'Solana Foundation', 'KOL', '2021-05-31 17:00:00', 60, 120000, 1372, '2024-12-06 16:44:53', '2024-12-06 16:44:53'),
('@solanamobile', 'Seeker | Solana Mobile', 'KOL', '2022-05-31 17:00:00', 92, 260500, 4976, '2024-12-06 16:44:40', '2024-12-06 16:44:40'),
('@solana_daily', 'Solana Daily', 'KOL', '2021-03-31 17:00:00', 161, 105100, 8404, '2024-12-06 16:55:22', '2024-12-06 16:55:22'),
('@solana_devs', 'Solana Developers', 'KOL', '2022-02-28 17:00:00', 90, 39800, 2962, '2024-12-06 16:44:46', '2024-12-06 16:44:46'),
('@solid_launch', 'SOLID LAUNCH', 'User', '2021-11-30 17:00:00', 78, 250, 817, '2024-12-06 17:00:58', '2024-12-06 17:00:58'),
('@SolProfessor565', 'Jack.poor ', 'KOL', '2021-03-31 17:00:00', 10700, 53100, 62200, '2024-12-06 16:16:21', '2024-12-06 16:16:21'),
('@solx_ar', 'SOLx AR', 'KOL', '2024-09-30 17:00:00', 139, 743, 205, '2024-12-06 16:45:43', '2024-12-06 16:45:43'),
('@sonnyjosh_', 'Sonnyjosh', 'KOL', '2020-05-31 17:00:00', 431, 539, 7189, '2024-12-06 17:04:08', '2024-12-06 17:04:08'),
('@sorbelli_wayne', 'Wayne Sorbelli', 'KOL', '2021-10-31 17:00:00', 464, 97, 548, '2024-12-06 16:01:09', '2024-12-06 16:01:09'),
('@SPadilla73879', 'Sophie Padilla', 'User', '2024-11-30 17:00:00', 13, 0, 5, '2024-12-06 17:17:44', '2024-12-06 17:17:44'),
('@SSarlotka', 'Alois Kroščen', 'User', '2022-01-31 17:00:00', 2663, 199, 189, '2024-12-06 17:22:43', '2024-12-06 17:22:43'),
('@ssthormess', 'Sim0n', 'KOL', '2009-01-31 17:00:00', 14100, 47100, 33200, '2024-12-06 16:01:44', '2024-12-06 16:01:44'),
('@staratlas', 'Star Atlas', 'KOL', '2020-09-30 17:00:00', 349, 355600, 8171, '2024-12-06 16:44:42', '2024-12-06 16:44:42'),
('@StepFinance_', 'Step Finance | Solana\'s Portfolio Dashboard', 'KOL', '2021-02-28 17:00:00', 596, 74600, 17500, '2024-12-06 16:44:48', '2024-12-06 16:44:48'),
('@StephKnigh8417', 'StephKnight', 'User', '2024-09-30 17:00:00', 239, 1, 0, '2024-12-06 15:58:30', '2024-12-06 15:58:30'),
('@Sulaiman0706643', 'sulaimuri SMS', 'KOL', '2022-03-31 17:00:00', NULL, NULL, 2840, '2024-12-06 16:17:28', '2024-12-06 16:17:28'),
('@suleimansairf', '$PAWS COMMUNITY ', 'KOL', '2024-06-30 17:00:00', 347, 59, 782, '2024-12-06 17:22:19', '2024-12-06 17:22:19'),
('@SummerJune618', 'Stephanie Martin', 'User', '2024-10-31 17:00:00', 765, 717, 4, '2024-12-06 16:29:29', '2024-12-06 16:29:29'),
('@sunwaves_token', 'SUNWAVES Token', 'KOL', '2024-05-31 17:00:00', 5, 1200000, 208, '2024-12-06 17:11:40', '2024-12-06 17:11:40'),
('@swipeverse', 's', 'KOL', '2024-08-31 17:00:00', 5152, 717, 18, '2024-12-06 16:19:11', '2024-12-06 16:19:11'),
('@s_iffi86', 'iffi shah', 'User', '2011-05-31 17:00:00', 233, 26, 632, '2024-12-06 16:58:22', '2024-12-06 16:58:22'),
('@t0kenrace', 'Chain Racer', 'User', '2023-07-31 17:00:00', 337, 24, 1092, '2024-12-06 15:59:14', '2024-12-06 15:59:14'),
('@T3d4D13NsNDJML', 'PaulaJasper', 'User', '2024-02-29 17:00:00', 7071, 41, 0, '2024-12-06 16:28:10', '2024-12-06 16:28:10'),
('@tabconf', 'TABConf - tickets on sale Oct 13-16, 2025, Atlanta', 'User', '2018-07-31 17:00:00', 611, 3251, 1407, '2024-12-06 15:44:45', '2024-12-06 15:44:45'),
('@talent_hype', 'Hype Talent', 'KOL', '2022-01-31 17:00:00', 1227, 1027, 973, '2024-12-06 16:01:34', '2024-12-06 16:01:34'),
('@TammyCarri38741', 'Tammy Carrillo', 'User', '2024-11-30 17:00:00', 13, 0, 2, '2024-12-06 17:18:07', '2024-12-06 17:18:07'),
('@tatertot70x', 'ScreamingToad', 'KOL', '2024-03-31 17:00:00', 397, 580, 5969, '2024-12-06 17:03:40', '2024-12-06 17:03:40'),
('@tdecker603', 'Tom Decker', 'User', '2014-10-31 17:00:00', 389, 1163, 17500, '2024-12-06 15:45:07', '2024-12-06 15:45:07'),
('@TeamKhabib', 'khabib nurmagomedov', 'KOL', '2011-12-31 17:00:00', 190, 2300000, 6484, '2024-12-06 17:11:20', '2024-12-06 17:11:20'),
('@Tether_to', 'Tether', 'KOL', '2014-10-31 17:00:00', 246, 503600, 1571, '2024-12-06 15:40:58', '2024-12-06 16:59:56'),
('@ThatLawyerGuy31', 'RAD', 'User', '2009-03-31 17:00:00', 1375, 843, 3632, '2024-12-06 16:26:50', '2024-12-06 16:26:50'),
('@TheAnonSC', 'SC ', 'KOL', '2011-10-31 17:00:00', 7495, 2645, 18200, '2024-12-06 16:01:41', '2024-12-06 16:01:41'),
('@theblackkalonk', 'Aisya masayu ', 'User', '2018-05-31 17:00:00', 4282, 13600, 18000, '2024-12-06 17:01:32', '2024-12-06 17:01:32'),
('@TheBushCenter', 'George W. Bush Presidential Center', 'KOL', '2010-04-30 17:00:00', 455, 202000, 22000, '2024-12-06 16:31:56', '2024-12-06 16:31:56'),
('@thedankoe', 'DAN KOE', 'KOL', '2011-01-31 17:00:00', 895, 487000, 29200, '2024-12-06 16:24:02', '2024-12-06 16:24:02'),
('@TheDeanTorres', 'Dean', 'KOL', '2009-07-31 17:00:00', 262, 1386, 120, '2024-12-06 16:28:23', '2024-12-06 16:28:23'),
('@TheGivingBlock', 'The Giving Block', 'KOL', '2018-04-30 17:00:00', 2809, 23900, 12200, '2024-12-06 15:38:54', '2024-12-06 15:38:54'),
('@TheRareClare', 'Clarence Vogt', 'KOL', '2023-06-30 17:00:00', 8, 0, 0, '2024-12-06 17:21:32', '2024-12-06 17:21:32'),
('@therealchaseeb', 'based charker', 'KOL', '2016-01-31 17:00:00', 3949, 69300, 62000, '2024-12-06 16:44:44', '2024-12-06 16:44:44'),
('@theshibdream', 'Shib Dream * Shib Army News * DREAM Media ', 'KOL', '2021-09-30 17:00:00', 3873, 61300, 23000, '2024-12-06 15:55:41', '2024-12-06 15:55:41'),
('@thetrocro', 'Troy Cross', 'KOL', '2015-01-31 17:00:00', 3929, 52200, 37100, '2024-12-06 16:31:15', '2024-12-06 16:31:15'),
('@theUWBO', 'United World Blockchain Organization', 'KOL', '2024-03-31 17:00:00', 938, 7154, 15, '2024-12-06 16:59:17', '2024-12-06 16:59:17'),
('@theweb3station', 'web3station', 'User', '2023-05-31 17:00:00', 1639, 740, 2795, '2024-12-06 17:21:56', '2024-12-06 17:21:56'),
('@ThuNguy76024735', 'Thu Nguyen', 'KOL', '2021-11-30 17:00:00', 1102, 953, 3484, '2024-12-06 17:22:48', '2024-12-06 17:22:48'),
('@TickerStocker', 'Nathaniel ', 'User', '2020-11-30 17:00:00', 581, 1411, 4023, '2024-12-06 16:21:05', '2024-12-06 16:21:05'),
('@TienCypress', 'Founder of CypressCapital on Blockchains', 'KOL', '2020-08-31 17:00:00', 141, 67700, 4265, '2024-12-06 17:22:50', '2024-12-06 17:22:50'),
('@TimothyCoo35210', 'Timothy Cooper', 'User', '2024-10-31 17:00:00', 2, 0, 0, '2024-12-06 16:41:09', '2024-12-06 16:41:09'),
('@Tim_4444', 'Tim', 'User', '2020-11-30 17:00:00', 66, 24100, 4418, '2024-12-06 16:09:20', '2024-12-06 16:09:20'),
('@tomo_social', 'Tomo Inc.', 'KOL', '2023-09-30 17:00:00', 37, 46200, 1148, '2024-12-06 16:08:55', '2024-12-06 16:08:55'),
('@tomycryptoo_', 'Tomy Crypto ', 'KOL', '2009-10-31 17:00:00', 867, 661800, 2894, '2024-12-06 16:59:27', '2024-12-06 16:59:27'),
('@Tradingheavy', 'Nuke Rockwell', 'KOL', '2020-06-30 17:00:00', 2908, 1501, 9981, '2024-12-06 16:44:21', '2024-12-06 16:44:21'),
('@Trezor', 'Trezor', 'KOL', '2013-04-30 17:00:00', 726, 213400, 31200, '2024-12-06 16:29:53', '2024-12-06 16:29:53'),
('@Trismeg81', 'Taylor Damien', 'User', '2011-04-30 17:00:00', 921, 207, 343, '2024-12-06 16:42:27', '2024-12-06 16:42:27'),
('@trondao', 'TRON DAO', 'KOL', '2017-07-31 17:00:00', 577, 1600000, 17100, '2024-12-06 15:40:57', '2024-12-06 15:40:57'),
('@TurboToadToken', 'Turbo ', 'KOL', '2022-09-30 17:00:00', 16, 98700, 12300, '2024-12-06 15:38:51', '2024-12-06 15:38:51'),
('@TweetingTatum', 'Tatum Peterson', 'User', '2023-07-31 17:00:00', 443, 36, 494, '2024-12-06 16:00:20', '2024-12-06 16:00:20'),
('@two2tango_2', 'Tammy', 'User', '2020-10-31 17:00:00', 678, 1193, 5429, '2024-12-06 16:21:16', '2024-12-06 16:21:16'),
('@TXblockchain_', 'Texas Blockchain Council', 'KOL', '2020-06-30 17:00:00', 691, 8592, 1983, '2024-12-06 16:30:37', '2024-12-06 16:30:37'),
('@TYoder19264', 'Tamika Yoder', 'User', '2024-11-30 17:00:00', 13, 0, 5, '2024-12-06 17:19:38', '2024-12-06 17:19:38'),
('@t_blom', 'Tom Blomfield', 'KOL', '2011-11-30 17:00:00', 859, 55800, 4071, '2024-12-06 17:12:08', '2024-12-06 17:12:08'),
('@ubah_sommycee11', 'ubah Chisom', 'User', '2023-09-30 17:00:00', 45, 5, 2, '2024-12-06 15:59:03', '2024-12-06 15:59:03'),
('@Ukwaja86', 'ukwaja ukwaja', 'User', '2024-08-31 17:00:00', 203, 5, 210, '2024-12-06 16:58:33', '2024-12-06 16:58:33'),
('@UniverseTwenty', 'XRP CAPTAIN', 'KOL', '2021-01-31 17:00:00', 152, 87000, 39300, '2024-12-06 15:54:38', '2024-12-06 15:54:38'),
('@unstoppableweb', 'Unstoppable Domains', 'KOL', '2019-02-28 17:00:00', 4113, 318300, 15300, '2024-12-06 15:39:08', '2024-12-06 15:39:08'),
('@USA777First', ' First', 'User', '2022-07-31 17:00:00', 2198, 1078, 24600, '2024-12-06 15:55:53', '2024-12-06 15:55:53'),
('@USDebtClock_org', 'US Debt Clock .org', 'KOL', '2024-01-31 17:00:00', 17, 68300, 88, '2024-12-06 15:54:19', '2024-12-06 15:54:19'),
('@utsav_agarwal', 'Utsav', 'User', '2009-04-30 17:00:00', 1601, 935, 1143, '2024-12-06 16:44:08', '2024-12-06 16:44:08'),
('@utwolperksuvre', '차영옥', 'User', '2013-11-30 17:00:00', 2, 0, 10, '2024-12-06 17:20:34', '2024-12-06 17:20:34'),
('@ValarieS70747', 'Valarie Simon', 'User', '2024-11-30 17:00:00', 13, 0, 6, '2024-12-06 17:13:32', '2024-12-06 17:13:32'),
('@ValentinaC43084', 'Valentina Canetta-Piacentini', 'User', '2023-02-28 17:00:00', 34, 2, 9, '2024-12-06 17:14:52', '2024-12-06 17:14:52'),
('@VasoullaO4810', 'Vasoulla Osman', 'User', '2024-07-31 17:00:00', 380, 162, 580, '2024-12-06 16:12:40', '2024-12-06 16:12:40'),
('@Vayu108', 'Lord Vayu {c,τ} ', 'KOL', '2017-10-31 17:00:00', 1741, 567, 11600, '2024-12-06 15:44:48', '2024-12-06 15:44:48'),
('@verified', 'Verified', 'KOL', '2009-07-31 17:00:00', 1, 4100000, 2524, '2024-12-06 15:39:06', '2024-12-06 15:39:06'),
('@verseArchitect', 'Shibaverse Architect', 'User', '2021-09-30 17:00:00', 112, 1223, 697, '2024-12-06 15:55:39', '2024-12-06 15:55:39'),
('@VeteranOwned1', 'BlockChain', 'KOL', '2018-02-28 17:00:00', 1989, 888, 30400, '2024-12-06 15:45:46', '2024-12-06 15:45:46'),
('@vici_trades', 'Vici ( τ , ϙ )', 'User', '2022-04-30 17:00:00', 1200, 1681, 6322, '2024-12-06 15:56:39', '2024-12-06 15:56:39'),
('@vinsta76', 'CARL BETHELL', 'KOL', '2011-05-31 17:00:00', 1497, 885, 1777, '2024-12-06 16:01:40', '2024-12-06 16:01:40'),
('@VitalikButerin', 'vitalik.eth', 'KOL', '2011-04-30 17:00:00', 433, 5500000, 20200, '2024-12-06 15:46:33', '2024-12-06 15:46:33'),
('@WalkerAmerica', 'Walker', 'KOL', '2011-02-28 17:00:00', 4610, 55600, 24500, '2024-12-06 16:40:31', '2024-12-06 16:40:31'),
('@WalthersBette', 'Bette Walthers $GARBAGE', 'User', '2023-02-28 17:00:00', 81, 2, 42, '2024-12-06 17:20:12', '2024-12-06 17:20:12'),
('@wash0unwary0', 'wash0unwary0', 'User', '2012-09-30 17:00:00', 2, 0, 2, '2024-12-06 17:17:10', '2024-12-06 17:17:10'),
('@WatcherGuru', 'Watcher.Guru', 'KOL', '2021-03-31 17:00:00', 2, 2600000, 13100, '2024-12-06 15:46:17', '2024-12-06 15:46:17'),
('@waves_sniper', 'waves_sniper', 'KOL', '2014-08-31 17:00:00', 27, 30400, 14100, '2024-12-06 16:02:22', '2024-12-06 16:02:22'),
('@wbKgooB', 'wbKgooB', 'User', '2014-01-31 17:00:00', 2, 0, 2, '2024-12-06 17:20:46', '2024-12-06 17:20:46'),
('@wearecultdao', 'Cult.DAO', 'KOL', '2021-12-31 17:00:00', 819, 64300, 4411, '2024-12-06 15:46:45', '2024-12-06 15:46:45'),
('@Web3__Search', 'Web3 Search', 'User', '2024-06-30 17:00:00', 686, 95, 146, '2024-12-06 16:01:21', '2024-12-06 16:01:21'),
('@wellsmarylou1', 'Mary Lou Wells - Author', 'KOL', '2015-05-31 17:00:00', 5139, 2880, 10600, '2024-12-06 16:30:18', '2024-12-06 16:30:18'),
('@wencultdao', ' Lollipop ', 'KOL', '2021-12-31 17:00:00', 666, 1206, 4302, '2024-12-06 16:01:05', '2024-12-06 16:01:05'),
('@wesew53utgr', 'م م', 'User', '2016-01-31 17:00:00', 2, 0, 3, '2024-12-06 17:20:23', '2024-12-06 17:20:23'),
('@We_Are_YouChain', 'Eugenio Benetazzo', 'KOL', '2010-10-31 17:00:00', 916, 20100, 10300, '2024-12-06 16:55:20', '2024-12-06 16:55:20'),
('@wFJUuSco8', 'wFJUuSco8', 'User', '2014-01-31 17:00:00', 2, 0, 2, '2024-12-06 17:17:33', '2024-12-06 17:17:33'),
('@WillIwaschuk', 'Will Iwaschuk', 'User', '2020-02-29 17:00:00', 242, 223, 75, '2024-12-06 16:32:19', '2024-12-06 16:32:19'),
('@WinMasterz', 'بوسليمان', 'KOL', '2011-01-31 17:00:00', 1169, 35900, 11400, '2024-12-06 16:02:23', '2024-12-06 16:02:23'),
('@WintersIna2748', 'Ina Winters', 'User', '2024-11-30 17:00:00', 13, 0, 4, '2024-12-06 17:18:30', '2024-12-06 17:18:30'),
('@WixStudio', 'Wix Studio', 'KOL', '2020-01-31 17:00:00', 169, 35400, 2191, '2024-12-06 16:24:01', '2024-12-06 16:24:01'),
('@wonisxz', 'FREETAG', 'KOL', '2024-07-31 17:00:00', 3510, 730, 18800, '2024-12-06 17:03:55', '2024-12-06 17:03:55'),
('@WTDuck2255', 'WTDuck', 'User', '2022-05-31 17:00:00', 84, 4, 19, '2024-12-06 16:15:04', '2024-12-06 16:15:04'),
('@XDCFoundation', 'XDC Foundation', 'KOL', '2021-10-31 17:00:00', 204, 30900, 2655, '2024-12-06 15:54:03', '2024-12-06 15:54:03'),
('@XFamily369', 'Hchannel', 'KOL', '2021-08-31 17:00:00', 4751, 5851, 19500, '2024-12-06 15:54:35', '2024-12-06 15:54:35'),
('@xraffa_e3', 'nairaallesha', 'KOL', '2024-09-30 17:00:00', 3873, 295, 12400, '2024-12-06 17:03:41', '2024-12-06 17:03:41'),
('@XRP_DigiGold', ' X_R_P ', 'User', '2021-11-30 17:00:00', 2029, 25200, 30300, '2024-12-06 15:54:31', '2024-12-06 15:54:31'),
('@XSpaces', 'Spaces', 'KOL', '2018-10-31 17:00:00', 1, 684300, 943, '2024-12-06 15:39:07', '2024-12-06 15:39:07'),
('@yanghuiman1620', '양희만', 'User', '2024-10-31 17:00:00', 292, 57, 28, '2024-12-06 16:14:53', '2024-12-06 16:14:53'),
('@YebraJay', 'Gloria John', 'User', '2024-01-31 17:00:00', 137, 4, 43, '2024-12-06 17:21:20', '2024-12-06 17:21:20'),
('@YouTubeCreators', 'YouTube Creators', 'KOL', '2010-12-31 17:00:00', 2000, 6500000, 46200, '2024-12-06 16:23:59', '2024-12-06 16:23:59'),
('@YusufAslanAB', 'Yusuf Aslan', 'User', '2017-01-31 17:00:00', 186, 95, 4426, '2024-12-06 15:44:34', '2024-12-06 15:44:34'),
('@zenithindexhub', '_cryptocapo.IV', 'User', '2024-09-30 17:00:00', 33, 11, 5, '2024-12-06 15:43:39', '2024-12-06 15:43:39'),
('@_ghehehe', 'gege♡', 'KOL', '2012-04-30 17:00:00', 5329, 4407, 31600, '2024-12-06 17:03:42', '2024-12-06 17:03:42'),
('@_JDSmoove50', 'JD', 'KOL', '2011-06-30 17:00:00', 529, 186, 1653, '2024-12-06 15:45:21', '2024-12-06 15:45:21');

-- --------------------------------------------------------

--
-- Cấu trúc bảng cho bảng `user_comment_tweet`
--

CREATE TABLE `user_comment_tweet` (
  `comment_id` varchar(255) NOT NULL,
  `user_id` varchar(255) DEFAULT NULL,
  `tweet_id` varchar(255) DEFAULT NULL,
  `parent_comment_id` varchar(255) DEFAULT NULL
) ENGINE=InnoDB DEFAULT CHARSET=utf8mb4 COLLATE=utf8mb4_general_ci;

-- --------------------------------------------------------

--
-- Cấu trúc bảng cho bảng `user_post_tweet`
--

CREATE TABLE `user_post_tweet` (
  `post_id` varchar(255) NOT NULL,
  `user_id` varchar(255) DEFAULT NULL,
  `tweet_id` varchar(255) DEFAULT NULL
) ENGINE=InnoDB DEFAULT CHARSET=utf8mb4 COLLATE=utf8mb4_general_ci;

--
-- Chỉ mục cho các bảng đã đổ
--

--
-- Chỉ mục cho bảng `followers`
--
ALTER TABLE `followers`
  ADD PRIMARY KEY (`user_id`,`follower_user_id`),
  ADD KEY `follower_user_id` (`follower_user_id`);

--
-- Chỉ mục cho bảng `followings`
--
ALTER TABLE `followings`
  ADD PRIMARY KEY (`user_id`,`following_user_id`),
  ADD KEY `following_user_id` (`following_user_id`);

--
-- Chỉ mục cho bảng `hashtags`
--
ALTER TABLE `hashtags`
  ADD PRIMARY KEY (`hashtag_id`);

--
-- Chỉ mục cho bảng `mentions`
--
ALTER TABLE `mentions`
  ADD PRIMARY KEY (`mention_id`),
  ADD KEY `user_id` (`user_id`),
  ADD KEY `tweet_id` (`tweet_id`);

--
-- Chỉ mục cho bảng `reposts`
--
ALTER TABLE `reposts`
  ADD PRIMARY KEY (`respost_id`),
  ADD KEY `tweet_id` (`tweet_id`),
  ADD KEY `user_id` (`user_id`);

--
-- Chỉ mục cho bảng `tweets`
--
ALTER TABLE `tweets`
  ADD PRIMARY KEY (`tweet_id`);

--
-- Chỉ mục cho bảng `tweet_have_hashtags`
--
ALTER TABLE `tweet_have_hashtags`
  ADD PRIMARY KEY (`have_hashtag_id`),
  ADD KEY `hashtag_id` (`hashtag_id`),
  ADD KEY `tweet_id` (`tweet_id`);

--
-- Chỉ mục cho bảng `users`
--
ALTER TABLE `users`
  ADD PRIMARY KEY (`user_id`);

--
-- Chỉ mục cho bảng `user_comment_tweet`
--
ALTER TABLE `user_comment_tweet`
  ADD PRIMARY KEY (`comment_id`),
  ADD KEY `user_id` (`user_id`),
  ADD KEY `tweet_id` (`tweet_id`);

--
-- Chỉ mục cho bảng `user_post_tweet`
--
ALTER TABLE `user_post_tweet`
  ADD PRIMARY KEY (`post_id`),
  ADD KEY `user_id` (`user_id`),
  ADD KEY `tweet_id` (`tweet_id`);

--
-- Các ràng buộc cho các bảng đã đổ
--

--
-- Các ràng buộc cho bảng `followers`
--
ALTER TABLE `followers`
  ADD CONSTRAINT `followers_ibfk_1` FOREIGN KEY (`user_id`) REFERENCES `users` (`user_id`),
  ADD CONSTRAINT `followers_ibfk_2` FOREIGN KEY (`follower_user_id`) REFERENCES `users` (`user_id`);

--
-- Các ràng buộc cho bảng `followings`
--
ALTER TABLE `followings`
  ADD CONSTRAINT `followings_ibfk_1` FOREIGN KEY (`user_id`) REFERENCES `users` (`user_id`),
  ADD CONSTRAINT `followings_ibfk_2` FOREIGN KEY (`following_user_id`) REFERENCES `users` (`user_id`);

--
-- Các ràng buộc cho bảng `mentions`
--
ALTER TABLE `mentions`
  ADD CONSTRAINT `mentions_ibfk_1` FOREIGN KEY (`user_id`) REFERENCES `users` (`user_id`),
  ADD CONSTRAINT `mentions_ibfk_2` FOREIGN KEY (`tweet_id`) REFERENCES `tweets` (`tweet_id`);

--
-- Các ràng buộc cho bảng `reposts`
--
ALTER TABLE `reposts`
  ADD CONSTRAINT `reposts_ibfk_1` FOREIGN KEY (`tweet_id`) REFERENCES `tweets` (`tweet_id`),
  ADD CONSTRAINT `reposts_ibfk_2` FOREIGN KEY (`user_id`) REFERENCES `users` (`user_id`),
  ADD CONSTRAINT `reposts_ibfk_3` FOREIGN KEY (`respost_id`) REFERENCES `tweets` (`tweet_id`);

--
-- Các ràng buộc cho bảng `tweet_have_hashtags`
--
ALTER TABLE `tweet_have_hashtags`
  ADD CONSTRAINT `tweet_have_hashtags_ibfk_1` FOREIGN KEY (`hashtag_id`) REFERENCES `hashtags` (`hashtag_id`),
  ADD CONSTRAINT `tweet_have_hashtags_ibfk_2` FOREIGN KEY (`tweet_id`) REFERENCES `tweets` (`tweet_id`);

--
-- Các ràng buộc cho bảng `user_comment_tweet`
--
ALTER TABLE `user_comment_tweet`
  ADD CONSTRAINT `user_comment_tweet_ibfk_1` FOREIGN KEY (`user_id`) REFERENCES `users` (`user_id`),
  ADD CONSTRAINT `user_comment_tweet_ibfk_2` FOREIGN KEY (`tweet_id`) REFERENCES `tweets` (`tweet_id`),
  ADD CONSTRAINT `user_comment_tweet_ibfk_3` FOREIGN KEY (`comment_id`) REFERENCES `tweets` (`tweet_id`);

--
-- Các ràng buộc cho bảng `user_post_tweet`
--
ALTER TABLE `user_post_tweet`
  ADD CONSTRAINT `user_post_tweet_ibfk_1` FOREIGN KEY (`user_id`) REFERENCES `users` (`user_id`),
  ADD CONSTRAINT `user_post_tweet_ibfk_2` FOREIGN KEY (`tweet_id`) REFERENCES `tweets` (`tweet_id`);
COMMIT;

/*!40101 SET CHARACTER_SET_CLIENT=@OLD_CHARACTER_SET_CLIENT */;
/*!40101 SET CHARACTER_SET_RESULTS=@OLD_CHARACTER_SET_RESULTS */;
/*!40101 SET COLLATION_CONNECTION=@OLD_COLLATION_CONNECTION */;
